"TABLE_SCHEMA","TABLE_NAME","COLUMN_NAME","DATA_TYPE","CHARACTER_MAXIMUM_LENGTH","NUMERIC_PRECISION","NUMERIC_SCALE","IS_NULLABLE","ORDINAL_POSITION"
"administracion","impuesto","id_impuesto","bigint","","19","0","NO","1"
"administracion","impuesto","id_empresa","bigint","","19","0","NO","2"
"administracion","impuesto","codigo_impuesto","nvarchar","30","","","NO","3"
"administracion","impuesto","nombre_impuesto","nvarchar","150","","","NO","4"
"administracion","impuesto","porcentaje","decimal","","9","4","NO","5"
"administracion","impuesto","tipo_impuesto","nvarchar","40","","","NO","6"
"administracion","impuesto","es_trasladable","bit","","","","NO","7"
"administracion","impuesto","es_retenible","bit","","","","NO","8"
"administracion","impuesto","codigo_cuenta_contable","nvarchar","20","","","YES","9"
"administracion","impuesto","activo","bit","","","","NO","10"
"administracion","impuesto","fecha_creacion","datetime2","","","","NO","11"
"administracion","impuesto","usuario_creacion","nvarchar","100","","","NO","12"
"administracion","impuesto","fecha_modificacion","datetime2","","","","YES","13"
"administracion","impuesto","usuario_modificacion","nvarchar","100","","","YES","14"
"administracion","impuesto","fecha_anulacion","datetime2","","","","YES","15"
"administracion","impuesto","usuario_anulacion","nvarchar","100","","","YES","16"
"administracion","impuesto","motivo_anulacion","nvarchar","500","","","YES","17"
"administracion","moneda","id_moneda","bigint","","19","0","NO","1"
"administracion","moneda","id_empresa","bigint","","19","0","NO","2"
"administracion","moneda","codigo_moneda","nvarchar","10","","","NO","3"
"administracion","moneda","nombre_moneda","nvarchar","120","","","NO","4"
"administracion","moneda","simbolo","nvarchar","20","","","NO","5"
"administracion","moneda","decimales","tinyint","","3","0","NO","6"
"administracion","moneda","es_moneda_base","bit","","","","NO","7"
"administracion","moneda","permite_tipo_cambio","bit","","","","NO","8"
"administracion","moneda","activo","bit","","","","NO","9"
"administracion","moneda","fecha_creacion","datetime2","","","","NO","10"
"administracion","moneda","usuario_creacion","nvarchar","100","","","NO","11"
"administracion","moneda","fecha_modificacion","datetime2","","","","YES","12"
"administracion","moneda","usuario_modificacion","nvarchar","100","","","YES","13"
"administracion","moneda","fecha_anulacion","datetime2","","","","YES","14"
"administracion","moneda","usuario_anulacion","nvarchar","100","","","YES","15"
"administracion","moneda","motivo_anulacion","nvarchar","500","","","YES","16"
"administracion","secuencia_documento","id_secuencia_documento","bigint","","19","0","NO","1"
"administracion","secuencia_documento","id_empresa","bigint","","19","0","NO","2"
"administracion","secuencia_documento","id_sucursal","bigint","","19","0","YES","3"
"administracion","secuencia_documento","modulo","nvarchar","60","","","NO","4"
"administracion","secuencia_documento","tipo_documento","nvarchar","80","","","NO","5"
"administracion","secuencia_documento","prefijo","nvarchar","20","","","NO","6"
"administracion","secuencia_documento","siguiente_numero","bigint","","19","0","NO","7"
"administracion","secuencia_documento","longitud_numero","int","","10","0","NO","8"
"administracion","secuencia_documento","observacion","nvarchar","500","","","YES","9"
"administracion","secuencia_documento","activo","bit","","","","NO","10"
"administracion","secuencia_documento","fecha_creacion","datetime2","","","","NO","11"
"administracion","secuencia_documento","usuario_creacion","nvarchar","100","","","NO","12"
"administracion","secuencia_documento","fecha_modificacion","datetime2","","","","YES","13"
"administracion","secuencia_documento","usuario_modificacion","nvarchar","100","","","YES","14"
"administracion","secuencia_documento","fecha_anulacion","datetime2","","","","YES","15"
"administracion","secuencia_documento","usuario_anulacion","nvarchar","100","","","YES","16"
"administracion","secuencia_documento","motivo_anulacion","nvarchar","500","","","YES","17"
"auditoria","bitacora_transaccion","id_bitacora_transaccion","bigint","","19","0","NO","1"
"auditoria","bitacora_transaccion","esquema_objeto","nvarchar","128","","","NO","2"
"auditoria","bitacora_transaccion","nombre_objeto","nvarchar","128","","","NO","3"
"auditoria","bitacora_transaccion","tipo_operacion","nvarchar","20","","","NO","4"
"auditoria","bitacora_transaccion","fecha_evento","datetimeoffset","","","","NO","5"
"auditoria","bitacora_transaccion","usuario_bd","nvarchar","128","","","YES","6"
"auditoria","bitacora_transaccion","login_original","nvarchar","128","","","YES","7"
"auditoria","bitacora_transaccion","host_origen","nvarchar","128","","","YES","8"
"auditoria","bitacora_transaccion","aplicacion_origen","nvarchar","128","","","YES","9"
"auditoria","bitacora_transaccion","usuario_aplicacion","nvarchar","128","","","YES","10"
"auditoria","bitacora_transaccion","token_sesion_aplicacion","nvarchar","128","","","YES","11"
"auditoria","bitacora_transaccion","total_registros","int","","10","0","NO","12"
"auditoria","bitacora_transaccion","datos_antes_json","nvarchar","-1","","","YES","13"
"auditoria","bitacora_transaccion","datos_despues_json","nvarchar","-1","","","YES","14"
"bancos","conciliacion_bancaria","id_conciliacion_bancaria","bigint","","19","0","NO","1"
"bancos","conciliacion_bancaria","id_cuenta_bancaria","bigint","","19","0","NO","2"
"bancos","conciliacion_bancaria","id_empresa","bigint","","19","0","NO","3"
"bancos","conciliacion_bancaria","id_sucursal","bigint","","19","0","YES","4"
"bancos","conciliacion_bancaria","fecha_desde","date","","","","NO","5"
"bancos","conciliacion_bancaria","fecha_hasta","date","","","","NO","6"
"bancos","conciliacion_bancaria","fecha_conciliacion","datetime2","","","","NO","7"
"bancos","conciliacion_bancaria","saldo_estado_cuenta","decimal","","18","2","NO","8"
"bancos","conciliacion_bancaria","saldo_libro","decimal","","18","2","NO","9"
"bancos","conciliacion_bancaria","diferencia_conciliacion","decimal","","18","2","NO","10"
"bancos","conciliacion_bancaria","codigo_estado_conciliacion","nvarchar","30","","","NO","11"
"bancos","conciliacion_bancaria","descripcion","nvarchar","500","","","YES","12"
"bancos","conciliacion_bancaria","fecha_creacion","datetime2","","","","NO","13"
"bancos","conciliacion_bancaria","usuario_creacion","nvarchar","100","","","NO","14"
"bancos","conciliacion_bancaria","fecha_modificacion","datetime2","","","","YES","15"
"bancos","conciliacion_bancaria","usuario_modificacion","nvarchar","100","","","YES","16"
"bancos","conciliacion_bancaria_detalle","id_conciliacion_bancaria_detalle","bigint","","19","0","NO","1"
"bancos","conciliacion_bancaria_detalle","id_conciliacion_bancaria","bigint","","19","0","NO","2"
"bancos","conciliacion_bancaria_detalle","id_movimiento_bancario","bigint","","19","0","NO","3"
"bancos","conciliacion_bancaria_detalle","fecha_creacion","datetime2","","","","NO","4"
"bancos","conciliacion_bancaria_detalle","usuario_creacion","nvarchar","100","","","NO","5"
"bancos","cuenta_bancaria","id_cuenta_bancaria","bigint","","19","0","NO","1"
"bancos","cuenta_bancaria","id_empresa","bigint","","19","0","NO","2"
"bancos","cuenta_bancaria","id_sucursal","bigint","","19","0","YES","3"
"bancos","cuenta_bancaria","id_banco","bigint","","19","0","NO","4"
"bancos","cuenta_bancaria","codigo_cuenta_bancaria","nvarchar","50","","","NO","5"
"bancos","cuenta_bancaria","nombre_cuenta_bancaria","nvarchar","150","","","NO","6"
"bancos","cuenta_bancaria","numero_cuenta_bancaria","nvarchar","80","","","NO","7"
"bancos","cuenta_bancaria","tipo_cuenta_bancaria","nvarchar","30","","","NO","8"
"bancos","cuenta_bancaria","moneda","nvarchar","10","","","NO","9"
"bancos","cuenta_bancaria","codigo_cuenta_contable","nvarchar","20","","","NO","10"
"bancos","cuenta_bancaria","saldo_inicial","decimal","","18","2","NO","11"
"bancos","cuenta_bancaria","fecha_apertura","date","","","","NO","12"
"bancos","cuenta_bancaria","observacion","nvarchar","500","","","YES","13"
"bancos","cuenta_bancaria","activo","bit","","","","NO","14"
"bancos","cuenta_bancaria","fecha_creacion","datetime2","","","","NO","15"
"bancos","cuenta_bancaria","usuario_creacion","nvarchar","100","","","NO","16"
"bancos","cuenta_bancaria","fecha_modificacion","datetime2","","","","YES","17"
"bancos","cuenta_bancaria","usuario_modificacion","nvarchar","100","","","YES","18"
"bancos","estado_conciliacion_bancaria","codigo_estado_conciliacion","nvarchar","30","","","NO","1"
"bancos","estado_conciliacion_bancaria","nombre_estado_conciliacion","nvarchar","100","","","NO","2"
"bancos","estado_conciliacion_bancaria","activo","bit","","","","NO","3"
"bancos","movimiento_bancario","id_movimiento_bancario","bigint","","19","0","NO","1"
"bancos","movimiento_bancario","id_cuenta_bancaria","bigint","","19","0","NO","2"
"bancos","movimiento_bancario","id_empresa","bigint","","19","0","NO","3"
"bancos","movimiento_bancario","id_sucursal","bigint","","19","0","YES","4"
"bancos","movimiento_bancario","fecha_movimiento","datetime2","","","","NO","5"
"bancos","movimiento_bancario","fecha_valor","datetime2","","","","YES","6"
"bancos","movimiento_bancario","codigo_tipo_movimiento_bancario","nvarchar","40","","","NO","7"
"bancos","movimiento_bancario","naturaleza_movimiento","nvarchar","10","","","NO","8"
"bancos","movimiento_bancario","origen_movimiento","nvarchar","40","","","NO","9"
"bancos","movimiento_bancario","tipo_documento_origen","nvarchar","40","","","YES","10"
"bancos","movimiento_bancario","id_documento_origen","bigint","","19","0","YES","11"
"bancos","movimiento_bancario","id_movimiento_caja","bigint","","19","0","YES","12"
"bancos","movimiento_bancario","id_transferencia_bancaria","bigint","","19","0","YES","13"
"bancos","movimiento_bancario","numero_referencia_bancaria","nvarchar","100","","","YES","14"
"bancos","movimiento_bancario","numero_cheque","nvarchar","50","","","YES","15"
"bancos","movimiento_bancario","documento_bancario","nvarchar","100","","","YES","16"
"bancos","movimiento_bancario","codigo_moneda","nvarchar","10","","","NO","17"
"bancos","movimiento_bancario","tipo_cambio","decimal","","18","6","NO","18"
"bancos","movimiento_bancario","monto_movimiento","decimal","","18","2","NO","19"
"bancos","movimiento_bancario","codigo_cuenta_contrapartida","nvarchar","20","","","YES","20"
"bancos","movimiento_bancario","descripcion","nvarchar","500","","","YES","21"
"bancos","movimiento_bancario","estado_movimiento","nvarchar","20","","","NO","22"
"bancos","movimiento_bancario","id_asiento","bigint","","19","0","YES","23"
"bancos","movimiento_bancario","anulado","bit","","","","NO","24"
"bancos","movimiento_bancario","fecha_anulacion","datetime2","","","","YES","25"
"bancos","movimiento_bancario","usuario_anulacion","nvarchar","100","","","YES","26"
"bancos","movimiento_bancario","fecha_creacion","datetime2","","","","NO","27"
"bancos","movimiento_bancario","usuario_creacion","nvarchar","100","","","NO","28"
"bancos","movimiento_bancario","fecha_modificacion","datetime2","","","","YES","29"
"bancos","movimiento_bancario","usuario_modificacion","nvarchar","100","","","YES","30"
"bancos","tipo_movimiento_bancario","codigo_tipo_movimiento_bancario","nvarchar","40","","","NO","1"
"bancos","tipo_movimiento_bancario","nombre_tipo_movimiento","nvarchar","120","","","NO","2"
"bancos","tipo_movimiento_bancario","naturaleza_movimiento","nvarchar","10","","","NO","3"
"bancos","tipo_movimiento_bancario","origen_operativo","nvarchar","30","","","NO","4"
"bancos","tipo_movimiento_bancario","requiere_cuenta_contrapartida","bit","","","","NO","5"
"bancos","tipo_movimiento_bancario","permite_documento_bancario","bit","","","","NO","6"
"bancos","tipo_movimiento_bancario","permite_cheque","bit","","","","NO","7"
"bancos","tipo_movimiento_bancario","activo","bit","","","","NO","8"
"bancos","transferencia_bancaria","id_transferencia_bancaria","bigint","","19","0","NO","1"
"bancos","transferencia_bancaria","id_empresa","bigint","","19","0","NO","2"
"bancos","transferencia_bancaria","id_sucursal","bigint","","19","0","YES","3"
"bancos","transferencia_bancaria","fecha_transferencia","datetime2","","","","NO","4"
"bancos","transferencia_bancaria","id_cuenta_bancaria_origen","bigint","","19","0","NO","5"
"bancos","transferencia_bancaria","id_cuenta_bancaria_destino","bigint","","19","0","NO","6"
"bancos","transferencia_bancaria","monto_transferencia","decimal","","18","2","NO","7"
"bancos","transferencia_bancaria","moneda","nvarchar","10","","","NO","8"
"bancos","transferencia_bancaria","tipo_cambio","decimal","","18","6","NO","9"
"bancos","transferencia_bancaria","numero_referencia_bancaria","nvarchar","100","","","YES","10"
"bancos","transferencia_bancaria","documento_bancario","nvarchar","100","","","YES","11"
"bancos","transferencia_bancaria","descripcion","nvarchar","500","","","YES","12"
"bancos","transferencia_bancaria","estado_transferencia","nvarchar","20","","","NO","13"
"bancos","transferencia_bancaria","id_movimiento_bancario_salida","bigint","","19","0","YES","14"
"bancos","transferencia_bancaria","id_movimiento_bancario_entrada","bigint","","19","0","YES","15"
"bancos","transferencia_bancaria","id_asiento","bigint","","19","0","YES","16"
"bancos","transferencia_bancaria","anulado","bit","","","","NO","17"
"bancos","transferencia_bancaria","fecha_anulacion","datetime2","","","","YES","18"
"bancos","transferencia_bancaria","usuario_anulacion","nvarchar","100","","","YES","19"
"bancos","transferencia_bancaria","fecha_creacion","datetime2","","","","NO","20"
"bancos","transferencia_bancaria","usuario_creacion","nvarchar","100","","","NO","21"
"bancos","transferencia_bancaria","fecha_modificacion","datetime2","","","","YES","22"
"bancos","transferencia_bancaria","usuario_modificacion","nvarchar","100","","","YES","23"
"caja","arqueo_caja","id_arqueo_caja","bigint","","19","0","NO","1"
"caja","arqueo_caja","id_sesion_caja","bigint","","19","0","NO","2"
"caja","arqueo_caja","fecha_arqueo","datetime2","","","","NO","3"
"caja","arqueo_caja","tipo_arqueo","nvarchar","20","","","NO","4"
"caja","arqueo_caja","monto_teorico_nio","decimal","","18","2","NO","5"
"caja","arqueo_caja","monto_teorico_usd","decimal","","18","2","NO","6"
"caja","arqueo_caja","monto_fisico_nio","decimal","","18","2","NO","7"
"caja","arqueo_caja","monto_fisico_usd","decimal","","18","2","NO","8"
"caja","arqueo_caja","diferencia_nio","decimal","","18","2","NO","9"
"caja","arqueo_caja","diferencia_usd","decimal","","18","2","NO","10"
"caja","arqueo_caja","observacion","nvarchar","500","","","YES","11"
"caja","arqueo_caja","usuario_registro","nvarchar","100","","","NO","12"
"caja","arqueo_caja","fecha_creacion","datetime2","","","","NO","13"
"caja","desglose_arqueo_caja","id_desglose_arqueo_caja","bigint","","19","0","NO","1"
"caja","desglose_arqueo_caja","id_sesion_caja","bigint","","19","0","NO","2"
"caja","desglose_arqueo_caja","tipo_registro","nvarchar","30","","","NO","3"
"caja","desglose_arqueo_caja","moneda","nvarchar","20","","","NO","4"
"caja","desglose_arqueo_caja","denominacion","decimal","","18","2","NO","5"
"caja","desglose_arqueo_caja","cantidad","int","","10","0","NO","6"
"caja","desglose_arqueo_caja","monto_total","decimal","","18","2","NO","7"
"caja","desglose_arqueo_caja","fecha_registro","datetime2","","","","NO","8"
"caja","detalle_denominacion_arqueo","id_detalle_denominacion_arqueo","bigint","","19","0","NO","1"
"caja","detalle_denominacion_arqueo","id_arqueo_caja","bigint","","19","0","NO","2"
"caja","detalle_denominacion_arqueo","id_denominacion_moneda","bigint","","19","0","NO","3"
"caja","detalle_denominacion_arqueo","cantidad","int","","10","0","NO","4"
"caja","detalle_denominacion_arqueo","subtotal","decimal","","18","2","NO","5"
"caja","detalle_denominacion_arqueo","fecha_creacion","datetime2","","","","NO","6"
"caja","movimiento_caja","id_movimiento_caja","bigint","","19","0","NO","1"
"caja","movimiento_caja","fecha_movimiento","datetime2","","","","NO","2"
"caja","movimiento_caja","tipo_movimiento","nvarchar","30","","","NO","3"
"caja","movimiento_caja","origen_movimiento","nvarchar","30","","","NO","4"
"caja","movimiento_caja","id_pago_credito","bigint","","19","0","YES","5"
"caja","movimiento_caja","id_credito","bigint","","19","0","YES","6"
"caja","movimiento_caja","monto_movimiento","decimal","","18","2","NO","7"
"caja","movimiento_caja","moneda","nvarchar","10","","","NO","8"
"caja","movimiento_caja","tipo_cambio_aplicado","decimal","","18","6","YES","9"
"caja","movimiento_caja","descripcion","nvarchar","500","","","YES","10"
"caja","movimiento_caja","estado_movimiento","nvarchar","20","","","NO","11"
"caja","movimiento_caja","usuario_registro","nvarchar","100","","","YES","12"
"caja","movimiento_caja","fecha_creacion","datetime2","","","","NO","13"
"caja","movimiento_caja","id_sesion_caja","bigint","","19","0","YES","14"
"caja","movimiento_caja","anulado","bit","","","","NO","15"
"caja","movimiento_caja","fecha_anulacion","datetime2","","","","YES","16"
"caja","movimiento_caja","usuario_anulacion","nvarchar","100","","","YES","17"
"caja","movimiento_caja","forma_pago","nvarchar","60","","","YES","18"
"caja","recibo_oficial_caja","id_recibo_oficial_caja","bigint","","19","0","NO","1"
"caja","recibo_oficial_caja","id_movimiento_caja","bigint","","19","0","NO","2"
"caja","recibo_oficial_caja","numero_recibo_oficial","nvarchar","50","","","NO","3"
"caja","recibo_oficial_caja","fecha_recibo","datetime2","","","","NO","4"
"caja","recibo_oficial_caja","nombre_cliente","nvarchar","250","","","YES","5"
"caja","recibo_oficial_caja","cedula_cliente","nvarchar","50","","","YES","6"
"caja","recibo_oficial_caja","numero_credito","nvarchar","50","","","YES","7"
"caja","recibo_oficial_caja","concepto","nvarchar","250","","","NO","8"
"caja","recibo_oficial_caja","monto_total","decimal","","18","2","NO","9"
"caja","recibo_oficial_caja","moneda","nvarchar","10","","","NO","10"
"caja","recibo_oficial_caja","observacion","nvarchar","500","","","YES","11"
"caja","recibo_oficial_caja","fecha_creacion","datetime2","","","","NO","12"
"caja","recibo_oficial_caja","anulado","bit","","","","NO","13"
"caja","recibo_oficial_caja","fecha_anulacion","datetime2","","","","YES","14"
"caja","sesion_caja","id_sesion_caja","bigint","","19","0","NO","1"
"caja","sesion_caja","fecha_operacion","date","","","","NO","2"
"caja","sesion_caja","sucursal","nvarchar","50","","","NO","3"
"caja","sesion_caja","usuario_cajero","nvarchar","100","","","NO","4"
"caja","sesion_caja","monto_apertura_nio","decimal","","18","2","NO","5"
"caja","sesion_caja","monto_apertura_usd","decimal","","18","2","NO","6"
"caja","sesion_caja","fecha_apertura","datetime2","","","","NO","7"
"caja","sesion_caja","fecha_cierre","datetime2","","","","YES","8"
"caja","sesion_caja","estado_sesion","nvarchar","20","","","NO","9"
"caja","sesion_caja","observacion_apertura","nvarchar","500","","","YES","10"
"caja","sesion_caja","observacion_cierre","nvarchar","500","","","YES","11"
"caja","sesion_caja","total_ingresos_nio","decimal","","18","2","NO","12"
"caja","sesion_caja","total_ingresos_usd","decimal","","18","2","NO","13"
"caja","sesion_caja","total_egresos_nio","decimal","","18","2","NO","14"
"caja","sesion_caja","total_egresos_usd","decimal","","18","2","NO","15"
"caja","sesion_caja","saldo_teorico_nio","decimal","","18","2","NO","16"
"caja","sesion_caja","saldo_teorico_usd","decimal","","18","2","NO","17"
"caja","sesion_caja","saldo_fisico_nio","decimal","","18","2","YES","18"
"caja","sesion_caja","saldo_fisico_usd","decimal","","18","2","YES","19"
"caja","sesion_caja","diferencia_caja_nio","decimal","","18","2","YES","20"
"caja","sesion_caja","diferencia_caja_usd","decimal","","18","2","YES","21"
"caja","sesion_caja","fecha_creacion","datetime2","","","","NO","22"
"caja","vw_reporte_arqueo_caja","id_sesion_caja","bigint","","19","0","NO","1"
"caja","vw_reporte_arqueo_caja","fecha_operacion","date","","","","NO","2"
"caja","vw_reporte_arqueo_caja","sucursal","nvarchar","50","","","NO","3"
"caja","vw_reporte_arqueo_caja","usuario_cajero","nvarchar","100","","","NO","4"
"caja","vw_reporte_arqueo_caja","estado_sesion","nvarchar","20","","","NO","5"
"caja","vw_reporte_arqueo_caja","monto_apertura_nio","decimal","","18","2","NO","6"
"caja","vw_reporte_arqueo_caja","monto_apertura_usd","decimal","","18","2","NO","7"
"caja","vw_reporte_arqueo_caja","total_ingresos_nio","decimal","","18","2","NO","8"
"caja","vw_reporte_arqueo_caja","total_ingresos_usd","decimal","","18","2","NO","9"
"caja","vw_reporte_arqueo_caja","total_egresos_nio","decimal","","18","2","NO","10"
"caja","vw_reporte_arqueo_caja","total_egresos_usd","decimal","","18","2","NO","11"
"caja","vw_reporte_arqueo_caja","saldo_teorico_nio","decimal","","18","2","NO","12"
"caja","vw_reporte_arqueo_caja","saldo_teorico_usd","decimal","","18","2","NO","13"
"caja","vw_reporte_arqueo_caja","saldo_fisico_nio","decimal","","18","2","YES","14"
"caja","vw_reporte_arqueo_caja","saldo_fisico_usd","decimal","","18","2","YES","15"
"caja","vw_reporte_arqueo_caja","diferencia_caja_nio","decimal","","18","2","YES","16"
"caja","vw_reporte_arqueo_caja","diferencia_caja_usd","decimal","","18","2","YES","17"
"caja","vw_reporte_arqueo_caja","id_arqueo_caja","bigint","","19","0","YES","18"
"caja","vw_reporte_arqueo_caja","fecha_arqueo","datetime2","","","","YES","19"
"caja","vw_reporte_arqueo_caja","tipo_arqueo","nvarchar","20","","","YES","20"
"caja","vw_reporte_arqueo_caja","monto_teorico_nio","decimal","","18","2","YES","21"
"caja","vw_reporte_arqueo_caja","monto_teorico_usd","decimal","","18","2","YES","22"
"caja","vw_reporte_arqueo_caja","monto_fisico_nio","decimal","","18","2","YES","23"
"caja","vw_reporte_arqueo_caja","monto_fisico_usd","decimal","","18","2","YES","24"
"caja","vw_reporte_arqueo_caja","diferencia_nio","decimal","","18","2","YES","25"
"caja","vw_reporte_arqueo_caja","diferencia_usd","decimal","","18","2","YES","26"
"caja","vw_reporte_arqueo_caja","usuario_registro","nvarchar","100","","","YES","27"
"caja","vw_reporte_arqueo_caja","observacion","nvarchar","500","","","YES","28"
"captaciones","captacion_cliente","id_captacion","bigint","","19","0","NO","1"
"captaciones","captacion_cliente","id_cliente","bigint","","19","0","NO","2"
"captaciones","captacion_cliente","id_prospecto","bigint","","19","0","YES","3"
"captaciones","captacion_cliente","id_producto_captacion","bigint","","19","0","NO","4"
"captaciones","captacion_cliente","numero_captacion","nvarchar","50","","","NO","5"
"captaciones","captacion_cliente","tipo_captacion","nvarchar","30","","","NO","6"
"captaciones","captacion_cliente","moneda","nvarchar","10","","","NO","7"
"captaciones","captacion_cliente","monto_inicial","decimal","","18","2","NO","8"
"captaciones","captacion_cliente","tasa_pactada_anual","decimal","","12","6","NO","9"
"captaciones","captacion_cliente","plazo_meses","int","","10","0","NO","10"
"captaciones","captacion_cliente","fecha_apertura","date","","","","NO","11"
"captaciones","captacion_cliente","fecha_vencimiento","date","","","","NO","12"
"captaciones","captacion_cliente","estado_captacion","nvarchar","20","","","NO","13"
"captaciones","captacion_cliente","origen_fondos","nvarchar","200","","","YES","14"
"captaciones","captacion_cliente","beneficiario","nvarchar","200","","","YES","15"
"captaciones","captacion_cliente","observacion","nvarchar","500","","","YES","16"
"captaciones","captacion_cliente","usuario_registro","nvarchar","100","","","YES","17"
"captaciones","captacion_cliente","fecha_registro","datetime2","","","","NO","18"
"captaciones","captacion_cliente","fecha_actualizacion","datetime2","","","","YES","19"
"captaciones","movimiento_captacion","id_movimiento_captacion","bigint","","19","0","NO","1"
"captaciones","movimiento_captacion","id_captacion","bigint","","19","0","NO","2"
"captaciones","movimiento_captacion","tipo_movimiento","nvarchar","30","","","NO","3"
"captaciones","movimiento_captacion","fecha_movimiento","datetime2","","","","NO","4"
"captaciones","movimiento_captacion","monto","decimal","","18","2","NO","5"
"captaciones","movimiento_captacion","referencia_externa","nvarchar","80","","","YES","6"
"captaciones","movimiento_captacion","descripcion","nvarchar","500","","","YES","7"
"captaciones","movimiento_captacion","usuario_registro","nvarchar","100","","","YES","8"
"captaciones","movimiento_captacion","fecha_registro","datetime2","","","","NO","9"
"captaciones","producto_captacion","id_producto_captacion","bigint","","19","0","NO","1"
"captaciones","producto_captacion","codigo_producto","nvarchar","30","","","NO","2"
"captaciones","producto_captacion","nombre_producto","nvarchar","120","","","NO","3"
"captaciones","producto_captacion","tipo_captacion","nvarchar","30","","","NO","4"
"captaciones","producto_captacion","moneda","nvarchar","10","","","NO","5"
"captaciones","producto_captacion","monto_minimo","decimal","","18","2","NO","6"
"captaciones","producto_captacion","plazo_meses_min","int","","10","0","NO","7"
"captaciones","producto_captacion","plazo_meses_max","int","","10","0","NO","8"
"captaciones","producto_captacion","tasa_minima_anual","decimal","","12","6","NO","9"
"captaciones","producto_captacion","tasa_maxima_anual","decimal","","12","6","NO","10"
"captaciones","producto_captacion","activo","bit","","","","NO","11"
"captaciones","producto_captacion","fecha_registro","datetime2","","","","NO","12"
"clientes","cliente","id_cliente","bigint","","19","0","NO","1"
"clientes","cliente","cedula","nvarchar","50","","","NO","2"
"clientes","cliente","nombres","nvarchar","150","","","NO","3"
"clientes","cliente","apellidos","nvarchar","150","","","NO","4"
"clientes","cliente","fecha_nacimiento","date","","","","YES","5"
"clientes","cliente","telefono","nvarchar","50","","","YES","6"
"clientes","cliente","correo","nvarchar","150","","","YES","7"
"clientes","cliente","direccion","nvarchar","300","","","YES","8"
"clientes","cliente","tipo_cliente","nvarchar","30","","","NO","9"
"clientes","cliente","activo","bit","","","","NO","10"
"clientes","cliente","fecha_creacion","datetime2","","","","NO","11"
"clientes","cliente","tipo_identificacion","nvarchar","30","","","YES","12"
"clientes","cliente","sucursal","nvarchar","100","","","YES","13"
"clientes","cliente","relacion_cliente","nvarchar","50","","","YES","14"
"clientes","cliente","estado_cliente","nvarchar","30","","","NO","15"
"clientes","cliente","fecha_ingreso","date","","","","NO","16"
"clientes","cliente","genero","nvarchar","20","","","YES","17"
"clientes","cliente","estado_civil","nvarchar","30","","","YES","18"
"clientes","cliente","nombre_conyuge","nvarchar","200","","","YES","19"
"clientes","cliente","telefono_secundario","nvarchar","50","","","YES","20"
"clientes","cliente","celular","nvarchar","50","","","YES","21"
"clientes","cliente","geografia_casa","nvarchar","200","","","YES","22"
"clientes","cliente","ocupacion","nvarchar","150","","","YES","23"
"clientes","cliente","actividad_economica","nvarchar","200","","","YES","24"
"clientes","cliente","nombre_negocio","nvarchar","200","","","YES","25"
"clientes","cliente","direccion_negocio","nvarchar","300","","","YES","26"
"clientes","cliente","geografia_negocio","nvarchar","200","","","YES","27"
"clientes","cliente","antiguedad_negocio_meses","int","","10","0","NO","28"
"clientes","cliente","ingresos_mensuales","decimal","","18","2","NO","29"
"clientes","cliente","ingresos_conyuge","decimal","","18","2","NO","30"
"clientes","cliente","remesas","decimal","","18","2","NO","31"
"clientes","cliente","alquileres","decimal","","18","2","NO","32"
"clientes","cliente","otros_ingresos","decimal","","18","2","NO","33"
"clientes","cliente","egresos_mensuales","decimal","","18","2","NO","34"
"clientes","cliente","origen_fondos","nvarchar","250","","","YES","35"
"clientes","cliente","proposito_relacion","nvarchar","250","","","YES","36"
"clientes","cliente","pep","bit","","","","NO","37"
"clientes","cliente","nivel_riesgo","nvarchar","20","","","NO","38"
"clientes","cliente","puntaje_riesgo","int","","10","0","NO","39"
"clientes","cliente","estado_expediente","nvarchar","30","","","NO","40"
"clientes","cliente","observaciones","nvarchar","1000","","","YES","41"
"clientes","cliente","usuario_registro","nvarchar","100","","","YES","42"
"clientes","cliente","fecha_actualizacion","datetime2","","","","YES","43"
"clientes","historial_prospecto_cliente","id_historial_prospecto","bigint","","19","0","NO","1"
"clientes","historial_prospecto_cliente","id_prospecto","bigint","","19","0","NO","2"
"clientes","historial_prospecto_cliente","estado_anterior","nvarchar","30","","","YES","3"
"clientes","historial_prospecto_cliente","estado_nuevo","nvarchar","30","","","NO","4"
"clientes","historial_prospecto_cliente","gestion_realizada","nvarchar","200","","","YES","5"
"clientes","historial_prospecto_cliente","observacion","nvarchar","500","","","YES","6"
"clientes","historial_prospecto_cliente","usuario_gestion","nvarchar","100","","","YES","7"
"clientes","historial_prospecto_cliente","fecha_gestion","datetime2","","","","NO","8"
"clientes","prospecto_cliente","id_prospecto","bigint","","19","0","NO","1"
"clientes","prospecto_cliente","nombres","nvarchar","150","","","NO","2"
"clientes","prospecto_cliente","apellidos","nvarchar","150","","","NO","3"
"clientes","prospecto_cliente","cedula","nvarchar","50","","","YES","4"
"clientes","prospecto_cliente","telefono","nvarchar","50","","","YES","5"
"clientes","prospecto_cliente","correo","nvarchar","150","","","YES","6"
"clientes","prospecto_cliente","direccion","nvarchar","300","","","YES","7"
"clientes","prospecto_cliente","fecha_nacimiento","date","","","","YES","8"
"clientes","prospecto_cliente","origen_prospecto","nvarchar","50","","","NO","9"
"clientes","prospecto_cliente","estado_prospecto","nvarchar","30","","","NO","10"
"clientes","prospecto_cliente","score_precalificacion","decimal","","5","2","YES","11"
"clientes","prospecto_cliente","fecha_proximo_contacto","date","","","","YES","12"
"clientes","prospecto_cliente","id_cliente_convertido","bigint","","19","0","YES","13"
"clientes","prospecto_cliente","fecha_conversion","datetime2","","","","YES","14"
"clientes","prospecto_cliente","observacion","nvarchar","500","","","YES","15"
"clientes","prospecto_cliente","usuario_gestion","nvarchar","100","","","YES","16"
"clientes","prospecto_cliente","activo","bit","","","","NO","17"
"clientes","prospecto_cliente","fecha_registro","datetime2","","","","NO","18"
"clientes","prospecto_cliente","fecha_actualizacion","datetime2","","","","YES","19"
"clientes","solicitud_eliminacion_cliente","id_solicitud_eliminacion","bigint","","19","0","NO","1"
"clientes","solicitud_eliminacion_cliente","id_cliente","bigint","","19","0","NO","2"
"clientes","solicitud_eliminacion_cliente","motivo","nvarchar","500","","","NO","3"
"clientes","solicitud_eliminacion_cliente","estado","nvarchar","30","","","NO","4"
"clientes","solicitud_eliminacion_cliente","usuario_solicita","nvarchar","100","","","NO","5"
"clientes","solicitud_eliminacion_cliente","fecha_solicitud","datetime2","","","","NO","6"
"clientes","solicitud_eliminacion_cliente","usuario_autoriza","nvarchar","100","","","YES","7"
"clientes","solicitud_eliminacion_cliente","fecha_autorizacion","datetime2","","","","YES","8"
"clientes","solicitud_eliminacion_cliente","observacion_autorizacion","nvarchar","500","","","YES","9"
"cobranza","asignacion_cobranza_credito","id_asignacion_cobranza_credito","bigint","","19","0","NO","1"
"cobranza","asignacion_cobranza_credito","id_credito","bigint","","19","0","NO","2"
"cobranza","asignacion_cobranza_credito","usuario_responsable","nvarchar","100","","","NO","3"
"cobranza","asignacion_cobranza_credito","usuario_asigna","nvarchar","100","","","NO","4"
"cobranza","asignacion_cobranza_credito","fecha_asignacion","datetime2","","","","NO","5"
"cobranza","asignacion_cobranza_credito","fecha_fin","datetime2","","","","YES","6"
"cobranza","asignacion_cobranza_credito","observacion","nvarchar","1000","","","YES","7"
"cobranza","asignacion_cobranza_credito","activo","bit","","","","NO","8"
"cobranza","asignacion_cobranza_credito","fecha_registro","datetime2","","","","NO","9"
"cobranza","bitacora_gestion_cobranza","id_bitacora_gestion_cobranza","bigint","","19","0","NO","1"
"cobranza","bitacora_gestion_cobranza","id_credito","bigint","","19","0","NO","2"
"cobranza","bitacora_gestion_cobranza","id_gestion_cobranza_credito","bigint","","19","0","YES","3"
"cobranza","bitacora_gestion_cobranza","id_promesa_pago_credito","bigint","","19","0","YES","4"
"cobranza","bitacora_gestion_cobranza","id_solicitud_dispensa_credito","bigint","","19","0","YES","5"
"cobranza","bitacora_gestion_cobranza","tipo_evento","nvarchar","50","","","NO","6"
"cobranza","bitacora_gestion_cobranza","detalle_evento","nvarchar","2000","","","NO","7"
"cobranza","bitacora_gestion_cobranza","usuario_evento","nvarchar","100","","","NO","8"
"cobranza","bitacora_gestion_cobranza","fecha_evento","datetime2","","","","NO","9"
"cobranza","canal_gestion_cobranza","codigo_canal_gestion_cobranza","nvarchar","50","","","NO","1"
"cobranza","canal_gestion_cobranza","nombre_canal_gestion_cobranza","nvarchar","150","","","NO","2"
"cobranza","canal_gestion_cobranza","descripcion","nvarchar","500","","","YES","3"
"cobranza","canal_gestion_cobranza","orden_canal","int","","10","0","NO","4"
"cobranza","canal_gestion_cobranza","activo","bit","","","","NO","5"
"cobranza","clasificacion_cobranza","codigo_clasificacion_cobranza","nvarchar","10","","","NO","1"
"cobranza","clasificacion_cobranza","nombre_clasificacion_cobranza","nvarchar","150","","","NO","2"
"cobranza","clasificacion_cobranza","descripcion","nvarchar","500","","","YES","3"
"cobranza","clasificacion_cobranza","dias_desde","int","","10","0","NO","4"
"cobranza","clasificacion_cobranza","dias_hasta","int","","10","0","YES","5"
"cobranza","clasificacion_cobranza","orden_clasificacion","int","","10","0","NO","6"
"cobranza","clasificacion_cobranza","activo","bit","","","","NO","7"
"cobranza","conciliacion_promesa_pago_credito","id_conciliacion_promesa_pago_credito","bigint","","19","0","NO","1"
"cobranza","conciliacion_promesa_pago_credito","id_promesa_pago_credito","bigint","","19","0","NO","2"
"cobranza","conciliacion_promesa_pago_credito","id_pago_credito","bigint","","19","0","NO","3"
"cobranza","conciliacion_promesa_pago_credito","monto_pagado_conciliado","decimal","","18","2","NO","4"
"cobranza","conciliacion_promesa_pago_credito","monto_dispensado_relacionado","decimal","","18","2","NO","5"
"cobranza","conciliacion_promesa_pago_credito","monto_total_afectado_relacionado","decimal","","19","2","YES","6"
"cobranza","conciliacion_promesa_pago_credito","usuario_conciliacion","nvarchar","100","","","NO","7"
"cobranza","conciliacion_promesa_pago_credito","fecha_conciliacion","datetime2","","","","NO","8"
"cobranza","conciliacion_promesa_pago_credito","observacion_conciliacion","nvarchar","1000","","","YES","9"
"cobranza","conciliacion_promesa_pago_credito","activo","bit","","","","NO","10"
"cobranza","estado_promesa_pago","codigo_estado_promesa_pago","nvarchar","50","","","NO","1"
"cobranza","estado_promesa_pago","nombre_estado_promesa_pago","nvarchar","150","","","NO","2"
"cobranza","estado_promesa_pago","descripcion","nvarchar","500","","","YES","3"
"cobranza","estado_promesa_pago","orden_estado","int","","10","0","NO","4"
"cobranza","estado_promesa_pago","activo","bit","","","","NO","5"
"cobranza","gestion_cobranza_credito","id_gestion_cobranza_credito","bigint","","19","0","NO","1"
"cobranza","gestion_cobranza_credito","id_credito","bigint","","19","0","NO","2"
"cobranza","gestion_cobranza_credito","codigo_tipo_gestion_cobranza","nvarchar","50","","","NO","3"
"cobranza","gestion_cobranza_credito","codigo_resultado_gestion_cobranza","nvarchar","50","","","NO","4"
"cobranza","gestion_cobranza_credito","codigo_canal_gestion_cobranza","nvarchar","50","","","NO","5"
"cobranza","gestion_cobranza_credito","codigo_tipo_contacto_gestion_cobranza","nvarchar","50","","","NO","6"
"cobranza","gestion_cobranza_credito","id_persona_vinculada_credito","bigint","","19","0","YES","7"
"cobranza","gestion_cobranza_credito","id_solicitud_dispensa_credito","bigint","","19","0","YES","8"
"cobranza","gestion_cobranza_credito","fecha_gestion","datetime2","","","","NO","9"
"cobranza","gestion_cobranza_credito","usuario_gestor","nvarchar","100","","","NO","10"
"cobranza","gestion_cobranza_credito","comentario","nvarchar","2000","","","YES","11"
"cobranza","gestion_cobranza_credito","fecha_proximo_seguimiento","datetime2","","","","YES","12"
"cobranza","gestion_cobranza_credito","activo","bit","","","","NO","13"
"cobranza","gestion_cobranza_credito","fecha_registro","datetime2","","","","NO","14"
"cobranza","promesa_pago_credito","id_promesa_pago_credito","bigint","","19","0","NO","1"
"cobranza","promesa_pago_credito","id_credito","bigint","","19","0","NO","2"
"cobranza","promesa_pago_credito","id_gestion_cobranza_credito","bigint","","19","0","YES","3"
"cobranza","promesa_pago_credito","monto_prometido","decimal","","18","2","NO","4"
"cobranza","promesa_pago_credito","fecha_prometida","date","","","","NO","5"
"cobranza","promesa_pago_credito","codigo_estado_promesa_pago","nvarchar","50","","","NO","6"
"cobranza","promesa_pago_credito","observacion_promesa","nvarchar","1000","","","YES","7"
"cobranza","promesa_pago_credito","usuario_registra","nvarchar","100","","","NO","8"
"cobranza","promesa_pago_credito","fecha_registro","datetime2","","","","NO","9"
"cobranza","promesa_pago_credito","usuario_resuelve","nvarchar","100","","","YES","10"
"cobranza","promesa_pago_credito","fecha_resolucion","datetime2","","","","YES","11"
"cobranza","promesa_pago_credito","observacion_resolucion","nvarchar","1000","","","YES","12"
"cobranza","promesa_pago_credito","id_pago_credito","bigint","","19","0","YES","13"
"cobranza","promesa_pago_credito","activo","bit","","","","NO","14"
"cobranza","resultado_gestion_cobranza","codigo_resultado_gestion_cobranza","nvarchar","50","","","NO","1"
"cobranza","resultado_gestion_cobranza","nombre_resultado_gestion_cobranza","nvarchar","150","","","NO","2"
"cobranza","resultado_gestion_cobranza","descripcion","nvarchar","500","","","YES","3"
"cobranza","resultado_gestion_cobranza","es_contacto_exitoso","bit","","","","NO","4"
"cobranza","resultado_gestion_cobranza","es_promesa_pago","bit","","","","NO","5"
"cobranza","resultado_gestion_cobranza","es_solicitud_dispensa","bit","","","","NO","6"
"cobranza","resultado_gestion_cobranza","orden_resultado","int","","10","0","NO","7"
"cobranza","resultado_gestion_cobranza","activo","bit","","","","NO","8"
"cobranza","tipo_contacto_gestion_cobranza","codigo_tipo_contacto_gestion_cobranza","nvarchar","50","","","NO","1"
"cobranza","tipo_contacto_gestion_cobranza","nombre_tipo_contacto_gestion_cobranza","nvarchar","150","","","NO","2"
"cobranza","tipo_contacto_gestion_cobranza","descripcion","nvarchar","500","","","YES","3"
"cobranza","tipo_contacto_gestion_cobranza","requiere_referencia","bit","","","","NO","4"
"cobranza","tipo_contacto_gestion_cobranza","orden_tipo_contacto","int","","10","0","NO","5"
"cobranza","tipo_contacto_gestion_cobranza","activo","bit","","","","NO","6"
"cobranza","tipo_gestion_cobranza","codigo_tipo_gestion_cobranza","nvarchar","50","","","NO","1"
"cobranza","tipo_gestion_cobranza","nombre_tipo_gestion_cobranza","nvarchar","150","","","NO","2"
"cobranza","tipo_gestion_cobranza","descripcion","nvarchar","500","","","YES","3"
"cobranza","tipo_gestion_cobranza","orden_gestion","int","","10","0","NO","4"
"cobranza","tipo_gestion_cobranza","activo","bit","","","","NO","5"
"compras","factura_proveedor","id_factura_proveedor","bigint","","19","0","NO","1"
"compras","factura_proveedor","id_empresa","bigint","","19","0","NO","2"
"compras","factura_proveedor","id_sucursal","bigint","","19","0","YES","3"
"compras","factura_proveedor","id_proveedor","bigint","","19","0","NO","4"
"compras","factura_proveedor","id_moneda","bigint","","19","0","NO","5"
"compras","factura_proveedor","id_secuencia_documento","bigint","","19","0","YES","6"
"compras","factura_proveedor","numero_factura_interna","nvarchar","50","","","NO","7"
"compras","factura_proveedor","numero_documento_proveedor","nvarchar","100","","","NO","8"
"compras","factura_proveedor","tipo_documento_proveedor","nvarchar","50","","","NO","9"
"compras","factura_proveedor","fecha_documento","date","","","","NO","10"
"compras","factura_proveedor","fecha_vencimiento","date","","","","NO","11"
"compras","factura_proveedor","tipo_cambio","decimal","","18","6","NO","12"
"compras","factura_proveedor","subtotal","decimal","","18","2","NO","13"
"compras","factura_proveedor","monto_impuesto","decimal","","18","2","NO","14"
"compras","factura_proveedor","total","decimal","","18","2","NO","15"
"compras","factura_proveedor","saldo","decimal","","18","2","NO","16"
"compras","factura_proveedor","observacion","nvarchar","500","","","YES","17"
"compras","factura_proveedor","estado","nvarchar","20","","","NO","18"
"compras","factura_proveedor","id_asiento","bigint","","19","0","YES","19"
"compras","factura_proveedor","id_documento_pagar","bigint","","19","0","YES","20"
"compras","factura_proveedor","fecha_creacion","datetime2","","","","NO","21"
"compras","factura_proveedor","usuario_creacion","nvarchar","100","","","NO","22"
"compras","factura_proveedor","fecha_modificacion","datetime2","","","","YES","23"
"compras","factura_proveedor","usuario_modificacion","nvarchar","100","","","YES","24"
"compras","factura_proveedor","fecha_anulacion","datetime2","","","","YES","25"
"compras","factura_proveedor","usuario_anulacion","nvarchar","100","","","YES","26"
"compras","factura_proveedor","motivo_anulacion","nvarchar","500","","","YES","27"
"compras","factura_proveedor_detalle","id_factura_proveedor_detalle","bigint","","19","0","NO","1"
"compras","factura_proveedor_detalle","id_factura_proveedor","bigint","","19","0","NO","2"
"compras","factura_proveedor_detalle","id_empresa","bigint","","19","0","NO","3"
"compras","factura_proveedor_detalle","orden_detalle","int","","10","0","NO","4"
"compras","factura_proveedor_detalle","id_producto","bigint","","19","0","YES","5"
"compras","factura_proveedor_detalle","descripcion_linea","nvarchar","300","","","NO","6"
"compras","factura_proveedor_detalle","cantidad","decimal","","18","4","NO","7"
"compras","factura_proveedor_detalle","precio_unitario","decimal","","18","6","NO","8"
"compras","factura_proveedor_detalle","subtotal_linea","decimal","","18","2","NO","9"
"compras","factura_proveedor_detalle","id_impuesto","bigint","","19","0","YES","10"
"compras","factura_proveedor_detalle","porcentaje_impuesto","decimal","","9","4","NO","11"
"compras","factura_proveedor_detalle","monto_impuesto_linea","decimal","","18","2","NO","12"
"compras","factura_proveedor_detalle","total_linea","decimal","","18","2","NO","13"
"compras","factura_proveedor_detalle","codigo_cuenta_gasto","nvarchar","20","","","NO","14"
"compras","factura_proveedor_detalle","id_centro_costo","bigint","","19","0","YES","15"
"compras","factura_proveedor_detalle","observacion","nvarchar","300","","","YES","16"
"compras","factura_proveedor_detalle","estado","nvarchar","20","","","NO","17"
"compras","factura_proveedor_detalle","fecha_creacion","datetime2","","","","NO","18"
"compras","factura_proveedor_detalle","usuario_creacion","nvarchar","100","","","NO","19"
"compras","factura_proveedor_detalle","fecha_modificacion","datetime2","","","","YES","20"
"compras","factura_proveedor_detalle","usuario_modificacion","nvarchar","100","","","YES","21"
"compras","factura_proveedor_detalle","fecha_anulacion","datetime2","","","","YES","22"
"compras","factura_proveedor_detalle","usuario_anulacion","nvarchar","100","","","YES","23"
"compras","factura_proveedor_detalle","motivo_anulacion","nvarchar","500","","","YES","24"
"configuracion","asignacion_plantilla_formato","id_asignacion_plantilla_formato","bigint","","19","0","NO","1"
"configuracion","asignacion_plantilla_formato","id_tipo_documento_formato","bigint","","19","0","NO","2"
"configuracion","asignacion_plantilla_formato","id_plantilla_formato","bigint","","19","0","NO","3"
"configuracion","asignacion_plantilla_formato","id_empresa","bigint","","19","0","YES","4"
"configuracion","asignacion_plantilla_formato","id_sucursal","bigint","","19","0","YES","5"
"configuracion","asignacion_plantilla_formato","es_activa","bit","","","","NO","6"
"configuracion","asignacion_plantilla_formato","prioridad_resolucion","int","","10","0","NO","7"
"configuracion","asignacion_plantilla_formato","fecha_vigencia_desde","date","","","","NO","8"
"configuracion","asignacion_plantilla_formato","fecha_vigencia_hasta","date","","","","YES","9"
"configuracion","asignacion_plantilla_formato","usuario_registro","nvarchar","100","","","NO","10"
"configuracion","asignacion_plantilla_formato","fecha_registro","datetime2","","","","NO","11"
"configuracion","bitacora_formato","id_bitacora_formato","bigint","","19","0","NO","1"
"configuracion","bitacora_formato","id_plantilla_formato","bigint","","19","0","NO","2"
"configuracion","bitacora_formato","id_plantilla_formato_version","bigint","","19","0","YES","3"
"configuracion","bitacora_formato","tipo_evento","nvarchar","50","","","NO","4"
"configuracion","bitacora_formato","detalle_evento","nvarchar","1000","","","YES","5"
"configuracion","bitacora_formato","usuario_evento","nvarchar","100","","","NO","6"
"configuracion","bitacora_formato","fecha_evento","datetime2","","","","NO","7"
"configuracion","bloque_plantilla_formato","id_bloque_plantilla_formato","bigint","","19","0","NO","1"
"configuracion","bloque_plantilla_formato","id_plantilla_formato_version","bigint","","19","0","NO","2"
"configuracion","bloque_plantilla_formato","codigo_bloque","nvarchar","50","","","NO","3"
"configuracion","bloque_plantilla_formato","nombre_bloque","nvarchar","150","","","NO","4"
"configuracion","bloque_plantilla_formato","tipo_bloque","nvarchar","30","","","NO","5"
"configuracion","bloque_plantilla_formato","contenido_html","nvarchar","-1","","","YES","6"
"configuracion","bloque_plantilla_formato","css_bloque","nvarchar","-1","","","YES","7"
"configuracion","bloque_plantilla_formato","orden_bloque","int","","10","0","NO","8"
"configuracion","bloque_plantilla_formato","visible","bit","","","","NO","9"
"configuracion","bloque_plantilla_formato","editable","bit","","","","NO","10"
"configuracion","bloque_plantilla_formato","fecha_registro","datetime2","","","","NO","11"
"configuracion","catalogo_operativo","id_catalogo_operativo","bigint","","19","0","NO","1"
"configuracion","catalogo_operativo","tipo_catalogo","nvarchar","80","","","NO","2"
"configuracion","catalogo_operativo","codigo","nvarchar","80","","","NO","3"
"configuracion","catalogo_operativo","nombre","nvarchar","200","","","NO","4"
"configuracion","catalogo_operativo","descripcion","nvarchar","500","","","YES","5"
"configuracion","catalogo_operativo","valor_texto","nvarchar","500","","","YES","6"
"configuracion","catalogo_operativo","valor_decimal","decimal","","18","6","YES","7"
"configuracion","catalogo_operativo","orden","int","","10","0","NO","8"
"configuracion","catalogo_operativo","activo","bit","","","","NO","9"
"configuracion","catalogo_operativo","usuario_registro","nvarchar","120","","","NO","10"
"configuracion","catalogo_operativo","fecha_registro","datetime2","","","","NO","11"
"configuracion","documento_generado","id_documento_generado","bigint","","19","0","NO","1"
"configuracion","documento_generado","id_tipo_documento_formato","bigint","","19","0","NO","2"
"configuracion","documento_generado","id_plantilla_formato","bigint","","19","0","NO","3"
"configuracion","documento_generado","id_plantilla_formato_version","bigint","","19","0","NO","4"
"configuracion","documento_generado","referencia_origen","nvarchar","100","","","NO","5"
"configuracion","documento_generado","modulo_origen","nvarchar","50","","","NO","6"
"configuracion","documento_generado","nombre_archivo","nvarchar","255","","","NO","7"
"configuracion","documento_generado","ruta_archivo","nvarchar","500","","","YES","8"
"configuracion","documento_generado","contenido_base64","nvarchar","-1","","","YES","9"
"configuracion","documento_generado","hash_documento","nvarchar","200","","","YES","10"
"configuracion","documento_generado","fecha_generacion","datetime2","","","","NO","11"
"configuracion","documento_generado","usuario_generacion","nvarchar","100","","","NO","12"
"configuracion","parametro_impresion_formato","id_parametro_impresion_formato","bigint","","19","0","NO","1"
"configuracion","parametro_impresion_formato","id_plantilla_formato","bigint","","19","0","NO","2"
"configuracion","parametro_impresion_formato","tamano_papel","nvarchar","30","","","NO","3"
"configuracion","parametro_impresion_formato","orientacion_pagina","nvarchar","20","","","NO","4"
"configuracion","parametro_impresion_formato","margen_superior_mm","decimal","","10","2","NO","5"
"configuracion","parametro_impresion_formato","margen_inferior_mm","decimal","","10","2","NO","6"
"configuracion","parametro_impresion_formato","margen_izquierdo_mm","decimal","","10","2","NO","7"
"configuracion","parametro_impresion_formato","margen_derecho_mm","decimal","","10","2","NO","8"
"configuracion","parametro_impresion_formato","mostrar_encabezado","bit","","","","NO","9"
"configuracion","parametro_impresion_formato","mostrar_pie_pagina","bit","","","","NO","10"
"configuracion","parametro_impresion_formato","nombre_fuente","nvarchar","100","","","YES","11"
"configuracion","parametro_impresion_formato","tamano_fuente_base","decimal","","10","2","YES","12"
"configuracion","parametro_impresion_formato","color_primario","nvarchar","30","","","YES","13"
"configuracion","parametro_impresion_formato","color_secundario","nvarchar","30","","","YES","14"
"configuracion","parametro_impresion_formato","color_texto","nvarchar","30","","","YES","15"
"configuracion","parametro_impresion_formato","formato_fecha","nvarchar","30","","","YES","16"
"configuracion","parametro_impresion_formato","formato_moneda","nvarchar","30","","","YES","17"
"configuracion","parametro_impresion_formato","fecha_registro","datetime2","","","","NO","18"
"configuracion","parametro_impresion_formato","fecha_actualizacion","datetime2","","","","YES","19"
"configuracion","parametro_impresion_formato","id_preset_impresion_formato","bigint","","19","0","YES","20"
"configuracion","parametro_visual_empresa","id_parametro_visual_empresa","bigint","","19","0","NO","1"
"configuracion","parametro_visual_empresa","id_empresa","bigint","","19","0","YES","2"
"configuracion","parametro_visual_empresa","id_sucursal","bigint","","19","0","YES","3"
"configuracion","parametro_visual_empresa","codigo_parametro_visual","nvarchar","50","","","NO","4"
"configuracion","parametro_visual_empresa","nombre_parametro_visual","nvarchar","150","","","NO","5"
"configuracion","parametro_visual_empresa","valor_texto","nvarchar","-1","","","YES","6"
"configuracion","parametro_visual_empresa","valor_numero","decimal","","18","4","YES","7"
"configuracion","parametro_visual_empresa","valor_booleano","bit","","","","YES","8"
"configuracion","parametro_visual_empresa","activo","bit","","","","NO","9"
"configuracion","parametro_visual_empresa","fecha_registro","datetime2","","","","NO","10"
"configuracion","parametro_visual_empresa","fecha_actualizacion","datetime2","","","","YES","11"
"configuracion","plantilla_formato","id_plantilla_formato","bigint","","19","0","NO","1"
"configuracion","plantilla_formato","id_tipo_documento_formato","bigint","","19","0","NO","2"
"configuracion","plantilla_formato","codigo_plantilla","nvarchar","50","","","NO","3"
"configuracion","plantilla_formato","nombre_plantilla","nvarchar","150","","","NO","4"
"configuracion","plantilla_formato","descripcion","nvarchar","300","","","YES","5"
"configuracion","plantilla_formato","alcance_plantilla","nvarchar","30","","","NO","6"
"configuracion","plantilla_formato","id_empresa","bigint","","19","0","YES","7"
"configuracion","plantilla_formato","id_sucursal","bigint","","19","0","YES","8"
"configuracion","plantilla_formato","es_plantilla_predeterminada","bit","","","","NO","9"
"configuracion","plantilla_formato","activa","bit","","","","NO","10"
"configuracion","plantilla_formato","fecha_registro","datetime2","","","","NO","11"
"configuracion","plantilla_formato","fecha_actualizacion","datetime2","","","","YES","12"
"configuracion","plantilla_formato_version","id_plantilla_formato_version","bigint","","19","0","NO","1"
"configuracion","plantilla_formato_version","id_plantilla_formato","bigint","","19","0","NO","2"
"configuracion","plantilla_formato_version","numero_version","int","","10","0","NO","3"
"configuracion","plantilla_formato_version","nombre_version","nvarchar","150","","","NO","4"
"configuracion","plantilla_formato_version","html_plantilla","nvarchar","-1","","","NO","5"
"configuracion","plantilla_formato_version","css_plantilla","nvarchar","-1","","","YES","6"
"configuracion","plantilla_formato_version","script_plantilla","nvarchar","-1","","","YES","7"
"configuracion","plantilla_formato_version","encabezado_html","nvarchar","-1","","","YES","8"
"configuracion","plantilla_formato_version","pie_pagina_html","nvarchar","-1","","","YES","9"
"configuracion","plantilla_formato_version","json_configuracion","nvarchar","-1","","","YES","10"
"configuracion","plantilla_formato_version","observacion","nvarchar","500","","","YES","11"
"configuracion","plantilla_formato_version","es_version_activa","bit","","","","NO","12"
"configuracion","plantilla_formato_version","fecha_registro","datetime2","","","","NO","13"
"configuracion","plantilla_formato_version","usuario_registro","nvarchar","100","","","NO","14"
"configuracion","plantilla_variable_permitida","id_plantilla_variable_permitida","bigint","","19","0","NO","1"
"configuracion","plantilla_variable_permitida","id_plantilla_formato","bigint","","19","0","NO","2"
"configuracion","plantilla_variable_permitida","id_variable_formato","bigint","","19","0","NO","3"
"configuracion","plantilla_variable_permitida","obligatoria","bit","","","","NO","4"
"configuracion","plantilla_variable_permitida","visible_en_editor","bit","","","","NO","5"
"configuracion","plantilla_variable_permitida","fecha_registro","datetime2","","","","NO","6"
"configuracion","preset_impresion_formato","id_preset_impresion_formato","bigint","","19","0","NO","1"
"configuracion","preset_impresion_formato","codigo_preset","nvarchar","50","","","NO","2"
"configuracion","preset_impresion_formato","nombre_preset","nvarchar","150","","","NO","3"
"configuracion","preset_impresion_formato","tamano_papel","nvarchar","30","","","NO","4"
"configuracion","preset_impresion_formato","orientacion_pagina","nvarchar","20","","","NO","5"
"configuracion","preset_impresion_formato","margen_superior_mm","decimal","","10","2","NO","6"
"configuracion","preset_impresion_formato","margen_inferior_mm","decimal","","10","2","NO","7"
"configuracion","preset_impresion_formato","margen_izquierdo_mm","decimal","","10","2","NO","8"
"configuracion","preset_impresion_formato","margen_derecho_mm","decimal","","10","2","NO","9"
"configuracion","preset_impresion_formato","activo","bit","","","","NO","10"
"configuracion","preset_impresion_formato","fecha_registro","datetime2","","","","NO","11"
"configuracion","recurso_visual_formato","id_recurso_visual_formato","bigint","","19","0","NO","1"
"configuracion","recurso_visual_formato","id_plantilla_formato","bigint","","19","0","NO","2"
"configuracion","recurso_visual_formato","tipo_recurso","nvarchar","30","","","NO","3"
"configuracion","recurso_visual_formato","nombre_recurso","nvarchar","150","","","NO","4"
"configuracion","recurso_visual_formato","nombre_archivo","nvarchar","255","","","YES","5"
"configuracion","recurso_visual_formato","mime_type","nvarchar","100","","","YES","6"
"configuracion","recurso_visual_formato","ruta_recurso","nvarchar","500","","","YES","7"
"configuracion","recurso_visual_formato","contenido_base64","nvarchar","-1","","","YES","8"
"configuracion","recurso_visual_formato","ancho_px","int","","10","0","YES","9"
"configuracion","recurso_visual_formato","alto_px","int","","10","0","YES","10"
"configuracion","recurso_visual_formato","activo","bit","","","","NO","11"
"configuracion","recurso_visual_formato","fecha_registro","datetime2","","","","NO","12"
"configuracion","tipo_documento_formato","id_tipo_documento_formato","bigint","","19","0","NO","1"
"configuracion","tipo_documento_formato","codigo_tipo_documento","nvarchar","50","","","NO","2"
"configuracion","tipo_documento_formato","nombre_tipo_documento","nvarchar","150","","","NO","3"
"configuracion","tipo_documento_formato","categoria_documento","nvarchar","50","","","NO","4"
"configuracion","tipo_documento_formato","descripcion","nvarchar","300","","","YES","5"
"configuracion","tipo_documento_formato","permite_pdf","bit","","","","NO","6"
"configuracion","tipo_documento_formato","permite_impresion","bit","","","","NO","7"
"configuracion","tipo_documento_formato","permite_html","bit","","","","NO","8"
"configuracion","tipo_documento_formato","activo","bit","","","","NO","9"
"configuracion","tipo_documento_formato","fecha_registro","datetime2","","","","NO","10"
"configuracion","variable_formato","id_variable_formato","bigint","","19","0","NO","1"
"configuracion","variable_formato","id_tipo_documento_formato","bigint","","19","0","NO","2"
"configuracion","variable_formato","codigo_variable","nvarchar","100","","","NO","3"
"configuracion","variable_formato","etiqueta_variable","nvarchar","150","","","NO","4"
"configuracion","variable_formato","origen_variable","nvarchar","100","","","NO","5"
"configuracion","variable_formato","descripcion_variable","nvarchar","300","","","YES","6"
"configuracion","variable_formato","ejemplo_valor","nvarchar","300","","","YES","7"
"configuracion","variable_formato","activa","bit","","","","NO","8"
"configuracion","variable_formato","fecha_registro","datetime2","","","","NO","9"
"contabilidad","asiento","id_asiento","bigint","","19","0","NO","1"
"contabilidad","asiento","id_lote_cierre","bigint","","19","0","NO","2"
"contabilidad","asiento","fecha_asiento","date","","","","NO","3"
"contabilidad","asiento","tipo_asiento","nvarchar","50","","","NO","4"
"contabilidad","asiento","referencia","nvarchar","150","","","YES","5"
"contabilidad","asiento","descripcion","nvarchar","300","","","NO","6"
"contabilidad","asiento","estado_asiento","nvarchar","20","","","NO","7"
"contabilidad","asiento","fecha_creacion","datetime2","","","","NO","8"
"contabilidad","asiento","anulado","bit","","","","NO","9"
"contabilidad","asiento","fecha_anulacion","datetime2","","","","YES","10"
"contabilidad","asiento","usuario_anulacion","nvarchar","100","","","YES","11"
"contabilidad","asiento","id_empresa","bigint","","19","0","NO","12"
"contabilidad","asiento","id_sucursal","bigint","","19","0","YES","13"
"contabilidad","asiento","origen_modulo","nvarchar","50","","","YES","14"
"contabilidad","asiento","tipo_documento_origen","nvarchar","100","","","YES","15"
"contabilidad","asiento","id_documento_origen","bigint","","19","0","YES","16"
"contabilidad","asiento","codigo_moneda","nvarchar","10","","","NO","17"
"contabilidad","asiento","tipo_cambio","decimal","","18","6","NO","18"
"contabilidad","asiento","usuario_registro","nvarchar","100","","","NO","19"
"contabilidad","asiento","id_asiento_reverso","bigint","","19","0","YES","20"
"contabilidad","asiento_detalle","id_asiento_detalle","bigint","","19","0","NO","1"
"contabilidad","asiento_detalle","id_asiento","bigint","","19","0","NO","2"
"contabilidad","asiento_detalle","codigo_cuenta","nvarchar","20","","","NO","3"
"contabilidad","asiento_detalle","naturaleza","char","1","","","NO","4"
"contabilidad","asiento_detalle","monto","decimal","","18","2","NO","5"
"contabilidad","asiento_detalle","cedula_id_cliente_ofic_ciclo","nvarchar","100","","","YES","6"
"contabilidad","asiento_detalle","descripcion_linea","nvarchar","300","","","YES","7"
"contabilidad","asiento_detalle","id_centro_costo","bigint","","19","0","YES","8"
"contabilidad","asiento_detalle","id_cliente","bigint","","19","0","YES","9"
"contabilidad","asiento_detalle","id_proveedor","bigint","","19","0","YES","10"
"contabilidad","asiento_detalle","id_producto","bigint","","19","0","YES","11"
"contabilidad","asiento_detalle","id_bodega","bigint","","19","0","YES","12"
"contabilidad","catalogo_cuenta_muc","codigo_cuenta","nvarchar","20","","","NO","1"
"contabilidad","catalogo_cuenta_muc","nombre_cuenta","nvarchar","250","","","NO","2"
"contabilidad","catalogo_cuenta_muc","clase","int","","10","0","YES","3"
"contabilidad","catalogo_cuenta_muc","grupo","int","","10","0","YES","4"
"contabilidad","catalogo_cuenta_muc","naturaleza","char","1","","","NO","5"
"contabilidad","catalogo_cuenta_muc","nivel","int","","10","0","NO","6"
"contabilidad","catalogo_cuenta_muc","activa","bit","","","","NO","7"
"contabilidad","catalogo_muc_detallado","id_catalogo_muc_detallado","bigint","","19","0","NO","1"
"contabilidad","catalogo_muc_detallado","codigo_cuenta","nvarchar","20","","","NO","2"
"contabilidad","catalogo_muc_detallado","nombre_cuenta","nvarchar","250","","","NO","3"
"contabilidad","catalogo_muc_detallado","nivel_1","nvarchar","50","","","YES","4"
"contabilidad","catalogo_muc_detallado","nivel_2","nvarchar","50","","","YES","5"
"contabilidad","catalogo_muc_detallado","nivel_3","nvarchar","50","","","YES","6"
"contabilidad","catalogo_muc_detallado","naturaleza","nvarchar","5","","","NO","7"
"contabilidad","catalogo_muc_detallado","permite_movimiento","bit","","","","NO","8"
"contabilidad","catalogo_muc_detallado","activa","bit","","","","NO","9"
"contabilidad","catalogo_muc_detallado","fecha_creacion","datetime2","","","","NO","10"
"contabilidad","centro_costo","id_centro_costo","bigint","","19","0","NO","1"
"contabilidad","centro_costo","id_empresa","bigint","","19","0","NO","2"
"contabilidad","centro_costo","id_sucursal","bigint","","19","0","YES","3"
"contabilidad","centro_costo","codigo_centro_costo","nvarchar","50","","","NO","4"
"contabilidad","centro_costo","nombre_centro_costo","nvarchar","200","","","NO","5"
"contabilidad","centro_costo","descripcion","nvarchar","500","","","YES","6"
"contabilidad","centro_costo","activo","bit","","","","NO","7"
"contabilidad","centro_costo","usuario_creacion","nvarchar","100","","","NO","8"
"contabilidad","centro_costo","fecha_creacion","datetime2","","","","NO","9"
"contabilidad","centro_costo","usuario_modificacion","nvarchar","100","","","YES","10"
"contabilidad","centro_costo","fecha_modificacion","datetime2","","","","YES","11"
"contabilidad","configuracion_asiento_pago_credito","id_configuracion_asiento_pago_credito","bigint","","19","0","NO","1"
"contabilidad","configuracion_asiento_pago_credito","rubro","nvarchar","30","","","NO","2"
"contabilidad","configuracion_asiento_pago_credito","codigo_cuenta_debito","nvarchar","20","","","NO","3"
"contabilidad","configuracion_asiento_pago_credito","codigo_cuenta_credito","nvarchar","20","","","NO","4"
"contabilidad","configuracion_asiento_pago_credito","descripcion_asiento","nvarchar","250","","","NO","5"
"contabilidad","configuracion_asiento_pago_credito","activo","bit","","","","NO","6"
"contabilidad","configuracion_asiento_pago_credito","fecha_creacion","datetime2","","","","NO","7"
"contabilidad","configuracion_asiento_transaccion","id_configuracion_asiento_transaccion","bigint","","19","0","NO","1"
"contabilidad","configuracion_asiento_transaccion","codigo_configuracion","nvarchar","100","","","NO","2"
"contabilidad","configuracion_asiento_transaccion","codigo_tipo_transaccion_contable","nvarchar","60","","","NO","3"
"contabilidad","configuracion_asiento_transaccion","id_empresa","bigint","","19","0","YES","4"
"contabilidad","configuracion_asiento_transaccion","origen_modulo","nvarchar","50","","","NO","5"
"contabilidad","configuracion_asiento_transaccion","tipo_documento_origen_predeterminado","nvarchar","100","","","YES","6"
"contabilidad","configuracion_asiento_transaccion","descripcion_configuracion","nvarchar","250","","","NO","7"
"contabilidad","configuracion_asiento_transaccion","prioridad_aplicacion","int","","10","0","NO","8"
"contabilidad","configuracion_asiento_transaccion","activo","bit","","","","NO","9"
"contabilidad","configuracion_asiento_transaccion","observacion","nvarchar","500","","","YES","10"
"contabilidad","configuracion_asiento_transaccion","usuario_creacion","nvarchar","100","","","NO","11"
"contabilidad","configuracion_asiento_transaccion","fecha_creacion","datetime2","","","","NO","12"
"contabilidad","configuracion_asiento_transaccion","usuario_modificacion","nvarchar","100","","","YES","13"
"contabilidad","configuracion_asiento_transaccion","fecha_modificacion","datetime2","","","","YES","14"
"contabilidad","configuracion_asiento_transaccion_detalle","id_configuracion_asiento_transaccion_detalle","bigint","","19","0","NO","1"
"contabilidad","configuracion_asiento_transaccion_detalle","id_configuracion_asiento_transaccion","bigint","","19","0","NO","2"
"contabilidad","configuracion_asiento_transaccion_detalle","orden_detalle","int","","10","0","NO","3"
"contabilidad","configuracion_asiento_transaccion_detalle","naturaleza","char","1","","","NO","4"
"contabilidad","configuracion_asiento_transaccion_detalle","codigo_cuenta","nvarchar","20","","","YES","5"
"contabilidad","configuracion_asiento_transaccion_detalle","codigo_variable_cuenta","nvarchar","100","","","YES","6"
"contabilidad","configuracion_asiento_transaccion_detalle","codigo_variable_monto","nvarchar","100","","","NO","7"
"contabilidad","configuracion_asiento_transaccion_detalle","categoria_movimiento","nvarchar","100","","","YES","8"
"contabilidad","configuracion_asiento_transaccion_detalle","descripcion_linea","nvarchar","300","","","YES","9"
"contabilidad","configuracion_asiento_transaccion_detalle","activo","bit","","","","NO","10"
"contabilidad","configuracion_saneamiento_credito","id_configuracion_saneamiento_credito","bigint","","19","0","NO","1"
"contabilidad","configuracion_saneamiento_credito","estado_operativo","nvarchar","10","","","NO","2"
"contabilidad","configuracion_saneamiento_credito","codigo_cuenta_provision","nvarchar","20","","","NO","3"
"contabilidad","configuracion_saneamiento_credito","codigo_cuenta_gasto_saneamiento","nvarchar","20","","","NO","4"
"contabilidad","configuracion_saneamiento_credito","codigo_cuenta_interes_por_cobrar","nvarchar","20","","","NO","5"
"contabilidad","configuracion_saneamiento_credito","codigo_cuenta_orden_deudora","nvarchar","20","","","NO","6"
"contabilidad","configuracion_saneamiento_credito","codigo_cuenta_orden_acreedora","nvarchar","20","","","NO","7"
"contabilidad","configuracion_saneamiento_credito","descripcion_evento","nvarchar","250","","","NO","8"
"contabilidad","configuracion_saneamiento_credito","activo","bit","","","","NO","9"
"contabilidad","configuracion_saneamiento_credito","fecha_creacion","datetime2","","","","NO","10"
"contabilidad","configuracion_traslado_estado_credito","id_configuracion_traslado_estado_credito","bigint","","19","0","NO","1"
"contabilidad","configuracion_traslado_estado_credito","estado_origen","nvarchar","10","","","NO","2"
"contabilidad","configuracion_traslado_estado_credito","estado_destino","nvarchar","10","","","NO","3"
"contabilidad","configuracion_traslado_estado_credito","codigo_cuenta_origen_capital","nvarchar","20","","","NO","4"
"contabilidad","configuracion_traslado_estado_credito","codigo_cuenta_destino_capital","nvarchar","20","","","NO","5"
"contabilidad","configuracion_traslado_estado_credito","codigo_cuenta_origen_interes","nvarchar","20","","","YES","6"
"contabilidad","configuracion_traslado_estado_credito","codigo_cuenta_destino_interes","nvarchar","20","","","YES","7"
"contabilidad","configuracion_traslado_estado_credito","codigo_cuenta_origen_provision","nvarchar","20","","","YES","8"
"contabilidad","configuracion_traslado_estado_credito","codigo_cuenta_destino_provision","nvarchar","20","","","YES","9"
"contabilidad","configuracion_traslado_estado_credito","descripcion_evento","nvarchar","250","","","NO","10"
"contabilidad","configuracion_traslado_estado_credito","activo","bit","","","","NO","11"
"contabilidad","configuracion_traslado_estado_credito","fecha_creacion","datetime2","","","","NO","12"
"contabilidad","cuenta_orden_configuracion","id_cuenta_orden_configuracion","bigint","","19","0","NO","1"
"contabilidad","cuenta_orden_configuracion","tipo_evento","nvarchar","30","","","NO","2"
"contabilidad","cuenta_orden_configuracion","codigo_cuenta_deudora","nvarchar","20","","","NO","3"
"contabilidad","cuenta_orden_configuracion","codigo_cuenta_acreedora","nvarchar","20","","","NO","4"
"contabilidad","cuenta_orden_configuracion","descripcion_evento","nvarchar","250","","","NO","5"
"contabilidad","cuenta_orden_configuracion","activo","bit","","","","NO","6"
"contabilidad","cuenta_orden_configuracion","fecha_creacion","datetime2","","","","NO","7"
"contabilidad","historial_evento_credito_contable","id_historial_evento_credito_contable","bigint","","19","0","NO","1"
"contabilidad","historial_evento_credito_contable","id_credito","bigint","","19","0","NO","2"
"contabilidad","historial_evento_credito_contable","tipo_evento","nvarchar","30","","","NO","3"
"contabilidad","historial_evento_credito_contable","estado_origen","nvarchar","10","","","YES","4"
"contabilidad","historial_evento_credito_contable","estado_destino","nvarchar","10","","","YES","5"
"contabilidad","historial_evento_credito_contable","fecha_evento","datetime2","","","","NO","6"
"contabilidad","historial_evento_credito_contable","referencia_evento","nvarchar","100","","","YES","7"
"contabilidad","historial_evento_credito_contable","id_asiento","bigint","","19","0","YES","8"
"contabilidad","historial_evento_credito_contable","descripcion_evento","nvarchar","500","","","YES","9"
"contabilidad","historial_evento_credito_contable","usuario_registro","nvarchar","100","","","YES","10"
"contabilidad","historial_evento_credito_contable","fecha_creacion","datetime2","","","","NO","11"
"contabilidad","mapeo_estado_muc","id_mapeo","bigint","","19","0","NO","1"
"contabilidad","mapeo_estado_muc","id_version_regla","int","","10","0","NO","2"
"contabilidad","mapeo_estado_muc","estado_operativo","nvarchar","5","","","NO","3"
"contabilidad","mapeo_estado_muc","tipo_agrupacion","tinyint","","3","0","NO","4"
"contabilidad","mapeo_estado_muc","cta_capital","nvarchar","20","","","NO","5"
"contabilidad","mapeo_estado_muc","cta_interes","nvarchar","20","","","YES","6"
"contabilidad","mapeo_estado_muc","cta_provision","nvarchar","20","","","YES","7"
"contabilidad","mapeo_estado_muc","cta_ingreso_financiero","nvarchar","20","","","YES","8"
"contabilidad","mapeo_estado_muc","cta_gasto_provision","nvarchar","20","","","YES","9"
"contabilidad","mapeo_estado_muc","cta_ingreso_reversion","nvarchar","20","","","YES","10"
"contabilidad","mapeo_estado_muc","cta_gasto_saneamiento","nvarchar","20","","","YES","11"
"contabilidad","mapeo_estado_muc","cta_orden_saneado","nvarchar","20","","","YES","12"
"contabilidad","mapeo_estado_muc","cta_orden_saneado_contra","nvarchar","20","","","YES","13"
"contabilidad","mapeo_estado_muc","cta_documentado","nvarchar","20","","","YES","14"
"contabilidad","mapeo_estado_muc","cta_documentado_contra","nvarchar","20","","","YES","15"
"contabilidad","periodo_contable","id_periodo_contable","bigint","","19","0","NO","1"
"contabilidad","periodo_contable","id_empresa","bigint","","19","0","NO","2"
"contabilidad","periodo_contable","codigo_periodo","nvarchar","20","","","NO","3"
"contabilidad","periodo_contable","nombre_periodo","nvarchar","120","","","NO","4"
"contabilidad","periodo_contable","fecha_inicio","date","","","","NO","5"
"contabilidad","periodo_contable","fecha_fin","date","","","","NO","6"
"contabilidad","periodo_contable","estado_periodo","nvarchar","20","","","NO","7"
"contabilidad","periodo_contable","fecha_apertura","datetime2","","","","NO","8"
"contabilidad","periodo_contable","fecha_cierre","datetime2","","","","YES","9"
"contabilidad","periodo_contable","observacion","nvarchar","500","","","YES","10"
"contabilidad","periodo_contable","usuario_creacion","nvarchar","100","","","NO","11"
"contabilidad","periodo_contable","fecha_creacion","datetime2","","","","NO","12"
"contabilidad","periodo_contable","usuario_modificacion","nvarchar","100","","","YES","13"
"contabilidad","periodo_contable","fecha_modificacion","datetime2","","","","YES","14"
"contabilidad","periodo_contable","usuario_cierre","nvarchar","100","","","YES","15"
"contabilidad","periodo_contable","activo","bit","","","","NO","16"
"contabilidad","reversion_asiento","id_reversion_asiento","bigint","","19","0","NO","1"
"contabilidad","reversion_asiento","id_asiento_original","bigint","","19","0","NO","2"
"contabilidad","reversion_asiento","id_asiento_reversion","bigint","","19","0","NO","3"
"contabilidad","reversion_asiento","fecha_reversion","datetime2","","","","NO","4"
"contabilidad","reversion_asiento","fecha_asiento_reversion","date","","","","NO","5"
"contabilidad","reversion_asiento","motivo_reversion","nvarchar","500","","","NO","6"
"contabilidad","reversion_asiento","usuario_reversion","nvarchar","100","","","NO","7"
"contabilidad","tipo_transaccion_contable","codigo_tipo_transaccion_contable","nvarchar","60","","","NO","1"
"contabilidad","tipo_transaccion_contable","nombre_transaccion","nvarchar","150","","","NO","2"
"contabilidad","tipo_transaccion_contable","origen_modulo","nvarchar","50","","","NO","3"
"contabilidad","tipo_transaccion_contable","tipo_asiento_predeterminado","nvarchar","50","","","NO","4"
"contabilidad","tipo_transaccion_contable","requiere_documento_origen","bit","","","","NO","5"
"contabilidad","tipo_transaccion_contable","permite_reversion","bit","","","","NO","6"
"contabilidad","tipo_transaccion_contable","activo","bit","","","","NO","7"
"contabilidad","tipo_transaccion_contable","usuario_creacion","nvarchar","100","","","NO","8"
"contabilidad","tipo_transaccion_contable","fecha_creacion","datetime2","","","","NO","9"
"contabilidad","tipo_transaccion_contable","usuario_modificacion","nvarchar","100","","","YES","10"
"contabilidad","tipo_transaccion_contable","fecha_modificacion","datetime2","","","","YES","11"
"creditos","aplicacion_pago_credito","id_aplicacion_pago_credito","bigint","","19","0","NO","1"
"creditos","aplicacion_pago_credito","id_pago_credito","bigint","","19","0","NO","2"
"creditos","aplicacion_pago_credito","rubro","nvarchar","30","","","NO","3"
"creditos","aplicacion_pago_credito","monto_aplicado","decimal","","18","2","NO","4"
"creditos","aplicacion_pago_credito","orden_aplicacion","int","","10","0","NO","5"
"creditos","aplicacion_pago_credito","fecha_creacion","datetime2","","","","NO","6"
"creditos","aplicacion_pago_cuota","id_aplicacion_pago_cuota","bigint","","19","0","NO","1"
"creditos","aplicacion_pago_cuota","id_pago_credito","bigint","","19","0","NO","2"
"creditos","aplicacion_pago_cuota","id_plan_pago_credito","bigint","","19","0","NO","3"
"creditos","aplicacion_pago_cuota","rubro","nvarchar","30","","","NO","4"
"creditos","aplicacion_pago_cuota","monto_aplicado","decimal","","18","2","NO","5"
"creditos","aplicacion_pago_cuota","orden_aplicacion","int","","10","0","NO","6"
"creditos","aplicacion_pago_cuota","fecha_creacion","datetime2","","","","NO","7"
"creditos","aprobacion_solicitud_credito","id_aprobacion_solicitud_credito","bigint","","19","0","NO","1"
"creditos","aprobacion_solicitud_credito","id_solicitud_credito","bigint","","19","0","NO","2"
"creditos","aprobacion_solicitud_credito","fecha_aprobacion","datetime2","","","","NO","3"
"creditos","aprobacion_solicitud_credito","monto_aprobado","decimal","","18","2","NO","4"
"creditos","aprobacion_solicitud_credito","plazo_meses","int","","10","0","NO","5"
"creditos","aprobacion_solicitud_credito","tasa_interes_anual","decimal","","12","6","NO","6"
"creditos","aprobacion_solicitud_credito","moneda","nvarchar","10","","","NO","7"
"creditos","aprobacion_solicitud_credito","usuario_aprobador","nvarchar","100","","","NO","8"
"creditos","aprobacion_solicitud_credito","resolucion","nvarchar","30","","","NO","9"
"creditos","aprobacion_solicitud_credito","observacion","nvarchar","500","","","YES","10"
"creditos","aprobacion_solicitud_credito","fecha_creacion","datetime2","","","","NO","11"
"creditos","asignacion_oficial_credito","id_asignacion_oficial_credito","bigint","","19","0","NO","1"
"creditos","asignacion_oficial_credito","id_credito","bigint","","19","0","NO","2"
"creditos","asignacion_oficial_credito","id_usuario_oficial","bigint","","19","0","NO","3"
"creditos","asignacion_oficial_credito","id_usuario_asigna","bigint","","19","0","YES","4"
"creditos","asignacion_oficial_credito","fecha_asignacion","datetime2","","","","NO","5"
"creditos","asignacion_oficial_credito","fecha_fin","datetime2","","","","YES","6"
"creditos","asignacion_oficial_credito","motivo","nvarchar","300","","","YES","7"
"creditos","asignacion_oficial_credito","observacion","nvarchar","500","","","YES","8"
"creditos","asignacion_oficial_credito","activo","bit","","","","NO","9"
"creditos","asignacion_oficial_credito","fecha_registro","datetime2","","","","NO","10"
"creditos","avaluo_garantia","id_avaluo_garantia","bigint","","19","0","NO","1"
"creditos","avaluo_garantia","id_garantia_credito","bigint","","19","0","NO","2"
"creditos","avaluo_garantia","fecha_avaluo","date","","","","NO","3"
"creditos","avaluo_garantia","valor_avaluo","decimal","","18","2","NO","4"
"creditos","avaluo_garantia","valor_realizacion","decimal","","18","2","YES","5"
"creditos","avaluo_garantia","nombre_perito","nvarchar","250","","","YES","6"
"creditos","avaluo_garantia","numero_registro_perito","nvarchar","100","","","YES","7"
"creditos","avaluo_garantia","vigente","bit","","","","NO","8"
"creditos","avaluo_garantia","observacion","nvarchar","500","","","YES","9"
"creditos","avaluo_garantia","fecha_creacion","datetime2","","","","NO","10"
"creditos","cargo_credito","id_cargo_credito","bigint","","19","0","NO","1"
"creditos","cargo_credito","id_credito","bigint","","19","0","NO","2"
"creditos","cargo_credito","id_plan_pago_credito","bigint","","19","0","YES","3"
"creditos","cargo_credito","codigo_tipo_cargo","nvarchar","50","","","NO","4"
"creditos","cargo_credito","monto_original","decimal","","18","2","NO","5"
"creditos","cargo_credito","monto_pagado","decimal","","18","2","NO","6"
"creditos","cargo_credito","monto_dispensado","decimal","","18","2","NO","7"
"creditos","cargo_credito","saldo_cargo","decimal","","18","2","NO","8"
"creditos","cargo_credito","fecha_cargo","datetime2","","","","NO","9"
"creditos","cargo_credito","estado_cargo","nvarchar","40","","","NO","10"
"creditos","cargo_credito","observacion","nvarchar","1000","","","YES","11"
"creditos","credito","id_credito","bigint","","19","0","NO","1"
"creditos","credito","cedula_id_cliente_ofic_ciclo","nvarchar","100","","","NO","2"
"creditos","credito","cedula_id_cliente","nvarchar","50","","","YES","3"
"creditos","credito","nom_cliente","nvarchar","250","","","YES","4"
"creditos","credito","tipo_agrupacion","tinyint","","3","0","NO","5"
"creditos","credito","garantia","nvarchar","50","","","YES","6"
"creditos","credito","oficina","nvarchar","20","","","YES","7"
"creditos","credito","fecha_desembolso","date","","","","YES","8"
"creditos","credito","fecha_vencimiento","date","","","","YES","9"
"creditos","credito","fecha_saneamiento","date","","","","YES","10"
"creditos","credito","estado_operativo","nvarchar","5","","","NO","11"
"creditos","credito","saldo_capital","decimal","","18","2","NO","12"
"creditos","credito","interes_acumulado","decimal","","18","2","NO","13"
"creditos","credito","interes_pagado","decimal","","18","2","NO","14"
"creditos","credito","mora_acumulada","decimal","","18","2","NO","15"
"creditos","credito","cargos_acumulados","decimal","","18","2","NO","16"
"creditos","credito","comision_acumulada","decimal","","18","2","NO","17"
"creditos","credito","comision_pagada","decimal","","18","2","NO","18"
"creditos","credito","activo","bit","","","","NO","19"
"creditos","credito","fecha_creacion","datetime2","","","","NO","20"
"creditos","credito","id_cliente","bigint","","19","0","YES","21"
"creditos","credito","id_solicitud_credito","bigint","","19","0","YES","22"
"creditos","credito","numero_credito","nvarchar","50","","","YES","23"
"creditos","credito","moneda","nvarchar","10","","","NO","24"
"creditos","credito","monto_aprobado","decimal","","18","2","NO","25"
"creditos","credito","plazo_meses","int","","10","0","NO","26"
"creditos","credito","tasa_interes_anual","decimal","","12","6","NO","27"
"creditos","credito","fecha_aprobacion","date","","","","YES","28"
"creditos","credito","fecha_cancelacion","date","","","","YES","29"
"creditos","credito","id_agrupacion_credito","bigint","","19","0","YES","30"
"creditos","credito_prorroga","id_credito_prorroga","bigint","","19","0","NO","1"
"creditos","credito_prorroga","id_credito","bigint","","19","0","NO","2"
"creditos","credito_prorroga","fecha_solicitud","date","","","","NO","3"
"creditos","credito_prorroga","fecha_aprobacion","date","","","","YES","4"
"creditos","credito_prorroga","plazo_anterior","int","","10","0","NO","5"
"creditos","credito_prorroga","plazo_nuevo","int","","10","0","NO","6"
"creditos","credito_prorroga","motivo","nvarchar","500","","","NO","7"
"creditos","credito_prorroga","estado_prorroga","nvarchar","30","","","NO","8"
"creditos","credito_prorroga","usuario_aprobador","nvarchar","100","","","YES","9"
"creditos","credito_prorroga","observacion","nvarchar","500","","","YES","10"
"creditos","credito_prorroga","fecha_creacion","datetime2","","","","NO","11"
"creditos","credito_reestructuracion","id_credito_reestructuracion","bigint","","19","0","NO","1"
"creditos","credito_reestructuracion","id_credito","bigint","","19","0","NO","2"
"creditos","credito_reestructuracion","fecha_solicitud","date","","","","NO","3"
"creditos","credito_reestructuracion","fecha_aprobacion","date","","","","YES","4"
"creditos","credito_reestructuracion","tasa_interes_anterior","decimal","","12","6","YES","5"
"creditos","credito_reestructuracion","tasa_interes_nueva","decimal","","12","6","YES","6"
"creditos","credito_reestructuracion","plazo_anterior","int","","10","0","NO","7"
"creditos","credito_reestructuracion","plazo_nuevo","int","","10","0","NO","8"
"creditos","credito_reestructuracion","requiere_garantia_adicional","bit","","","","NO","9"
"creditos","credito_reestructuracion","motivo","nvarchar","500","","","NO","10"
"creditos","credito_reestructuracion","estado_reestructuracion","nvarchar","30","","","NO","11"
"creditos","credito_reestructuracion","usuario_aprobador","nvarchar","100","","","YES","12"
"creditos","credito_reestructuracion","observacion","nvarchar","500","","","YES","13"
"creditos","credito_reestructuracion","fecha_creacion","datetime2","","","","NO","14"
"creditos","credito_refinanciamiento","id_credito_refinanciamiento","bigint","","19","0","NO","1"
"creditos","credito_refinanciamiento","id_credito_origen","bigint","","19","0","NO","2"
"creditos","credito_refinanciamiento","id_credito_nuevo","bigint","","19","0","YES","3"
"creditos","credito_refinanciamiento","fecha_solicitud","date","","","","NO","4"
"creditos","credito_refinanciamiento","fecha_aprobacion","date","","","","YES","5"
"creditos","credito_refinanciamiento","monto_saldo_refinanciado","decimal","","18","2","NO","6"
"creditos","credito_refinanciamiento","motivo","nvarchar","500","","","NO","7"
"creditos","credito_refinanciamiento","estado_refinanciamiento","nvarchar","30","","","NO","8"
"creditos","credito_refinanciamiento","usuario_aprobador","nvarchar","100","","","YES","9"
"creditos","credito_refinanciamiento","observacion","nvarchar","500","","","YES","10"
"creditos","credito_refinanciamiento","fecha_creacion","datetime2","","","","NO","11"
"creditos","desembolso_credito","id_desembolso_credito","bigint","","19","0","NO","1"
"creditos","desembolso_credito","id_credito","bigint","","19","0","NO","2"
"creditos","desembolso_credito","fecha_desembolso","date","","","","NO","3"
"creditos","desembolso_credito","monto_desembolsado","decimal","","18","2","NO","4"
"creditos","desembolso_credito","moneda","nvarchar","10","","","NO","5"
"creditos","desembolso_credito","tipo_cambio_oficial","decimal","","18","6","YES","6"
"creditos","desembolso_credito","tipo_cambio_institucion","decimal","","18","6","YES","7"
"creditos","desembolso_credito","forma_desembolso","nvarchar","30","","","NO","8"
"creditos","desembolso_credito","observacion","nvarchar","500","","","YES","9"
"creditos","desembolso_credito","fecha_creacion","datetime2","","","","NO","10"
"creditos","documento_expediente","id_documento_expediente","bigint","","19","0","NO","1"
"creditos","documento_expediente","id_expediente_credito","bigint","","19","0","NO","2"
"creditos","documento_expediente","id_tipo_documento_expediente","bigint","","19","0","NO","3"
"creditos","documento_expediente","nombre_archivo","nvarchar","255","","","YES","4"
"creditos","documento_expediente","ruta_archivo","nvarchar","500","","","YES","5"
"creditos","documento_expediente","fecha_documento","date","","","","YES","6"
"creditos","documento_expediente","fecha_vencimiento","date","","","","YES","7"
"creditos","documento_expediente","entregado","bit","","","","NO","8"
"creditos","documento_expediente","validado","bit","","","","NO","9"
"creditos","documento_expediente","observacion","nvarchar","500","","","YES","10"
"creditos","documento_expediente","usuario_registro","nvarchar","100","","","YES","11"
"creditos","documento_expediente","fecha_creacion","datetime2","","","","NO","12"
"creditos","expediente_credito","id_expediente_credito","bigint","","19","0","NO","1"
"creditos","expediente_credito","id_credito","bigint","","19","0","NO","2"
"creditos","expediente_credito","codigo_expediente","nvarchar","50","","","NO","3"
"creditos","expediente_credito","estado_expediente","nvarchar","30","","","NO","4"
"creditos","expediente_credito","fecha_apertura","datetime2","","","","NO","5"
"creditos","expediente_credito","fecha_cierre","datetime2","","","","YES","6"
"creditos","expediente_credito","observacion","nvarchar","500","","","YES","7"
"creditos","expediente_credito","usuario_responsable","nvarchar","100","","","YES","8"
"creditos","expediente_credito","fecha_creacion","datetime2","","","","NO","9"
"creditos","garantia_credito","id_garantia_credito","bigint","","19","0","NO","1"
"creditos","garantia_credito","id_credito","bigint","","19","0","NO","2"
"creditos","garantia_credito","id_tipo_garantia","bigint","","19","0","NO","3"
"creditos","garantia_credito","descripcion_garantia","nvarchar","500","","","NO","4"
"creditos","garantia_credito","nombre_garante","nvarchar","250","","","YES","5"
"creditos","garantia_credito","documento_garante","nvarchar","50","","","YES","6"
"creditos","garantia_credito","valor_declarado","decimal","","18","2","YES","7"
"creditos","garantia_credito","valor_realizacion","decimal","","18","2","YES","8"
"creditos","garantia_credito","fecha_constitucion","date","","","","YES","9"
"creditos","garantia_credito","fecha_vencimiento","date","","","","YES","10"
"creditos","garantia_credito","numero_escritura","nvarchar","100","","","YES","11"
"creditos","garantia_credito","inscrita_registro","bit","","","","NO","12"
"creditos","garantia_credito","es_principal","bit","","","","NO","13"
"creditos","garantia_credito","activa","bit","","","","NO","14"
"creditos","garantia_credito","observacion","nvarchar","500","","","YES","15"
"creditos","garantia_credito","fecha_creacion","datetime2","","","","NO","16"
"creditos","historial_asignacion_oficial_credito","id_historial_asignacion_oficial_credito","bigint","","19","0","NO","1"
"creditos","historial_asignacion_oficial_credito","id_credito","bigint","","19","0","NO","2"
"creditos","historial_asignacion_oficial_credito","id_usuario_oficial_anterior","bigint","","19","0","YES","3"
"creditos","historial_asignacion_oficial_credito","id_usuario_oficial_nuevo","bigint","","19","0","YES","4"
"creditos","historial_asignacion_oficial_credito","id_usuario_accion","bigint","","19","0","YES","5"
"creditos","historial_asignacion_oficial_credito","fecha_accion","datetime2","","","","NO","6"
"creditos","historial_asignacion_oficial_credito","tipo_accion","nvarchar","30","","","NO","7"
"creditos","historial_asignacion_oficial_credito","motivo","nvarchar","300","","","YES","8"
"creditos","historial_asignacion_oficial_credito","observacion","nvarchar","500","","","YES","9"
"creditos","pago_credito","id_pago_credito","bigint","","19","0","NO","1"
"creditos","pago_credito","id_credito","bigint","","19","0","NO","2"
"creditos","pago_credito","fecha_pago","datetime2","","","","NO","3"
"creditos","pago_credito","monto_pagado","decimal","","18","2","NO","4"
"creditos","pago_credito","moneda_pago","nvarchar","10","","","NO","5"
"creditos","pago_credito","tipo_cambio_aplicado","decimal","","18","6","YES","6"
"creditos","pago_credito","forma_pago","nvarchar","30","","","NO","7"
"creditos","pago_credito","numero_recibo","nvarchar","50","","","YES","8"
"creditos","pago_credito","observacion","nvarchar","500","","","YES","9"
"creditos","pago_credito","fecha_creacion","datetime2","","","","NO","10"
"creditos","pago_credito","es_mismo_abonante","bit","","","","NO","11"
"creditos","pago_credito","nombre_abonante","nvarchar","250","","","YES","12"
"creditos","pago_credito","cedula_abonante","nvarchar","50","","","YES","13"
"creditos","pago_credito","telefono_abonante","nvarchar","50","","","YES","14"
"creditos","pago_credito","recibo_manual","nvarchar","50","","","YES","15"
"creditos","pago_credito","monto_recibido_nio","decimal","","18","2","NO","16"
"creditos","pago_credito","monto_recibido_usd","decimal","","18","2","NO","17"
"creditos","pago_credito","monto_aplicado_moneda_credito","decimal","","18","2","YES","18"
"creditos","pago_credito","detalle_tipo_cambio","nvarchar","50","","","YES","19"
"creditos","pago_credito","estado_pago","nvarchar","20","","","NO","20"
"creditos","pago_credito","anulado","bit","","","","NO","21"
"creditos","pago_credito","fecha_anulacion","datetime2","","","","YES","22"
"creditos","pago_credito","usuario_anulacion","nvarchar","100","","","YES","23"
"creditos","pago_credito","motivo_anulacion","nvarchar","1000","","","YES","24"
"creditos","persona_vinculada_credito","id_persona_vinculada_credito","bigint","","19","0","NO","1"
"creditos","persona_vinculada_credito","id_credito","bigint","","19","0","NO","2"
"creditos","persona_vinculada_credito","tipo_persona","nvarchar","20","","","NO","3"
"creditos","persona_vinculada_credito","nombres_razon_social","nvarchar","250","","","NO","4"
"creditos","persona_vinculada_credito","numero_identificacion","nvarchar","50","","","YES","5"
"creditos","persona_vinculada_credito","tipo_vinculacion","nvarchar","100","","","NO","6"
"creditos","persona_vinculada_credito","cargo_relacion","nvarchar","150","","","YES","7"
"creditos","persona_vinculada_credito","porcentaje_participacion","decimal","","8","4","YES","8"
"creditos","persona_vinculada_credito","pais_residencia","nvarchar","100","","","YES","9"
"creditos","persona_vinculada_credito","observacion","nvarchar","500","","","YES","10"
"creditos","persona_vinculada_credito","activo","bit","","","","NO","11"
"creditos","persona_vinculada_credito","fecha_creacion","datetime2","","","","NO","12"
"creditos","plan_pago_credito","id_plan_pago_credito","bigint","","19","0","NO","1"
"creditos","plan_pago_credito","cedula_id_cliente_ofic_ciclo","nvarchar","100","","","NO","2"
"creditos","plan_pago_credito","numero_cuota","int","","10","0","NO","3"
"creditos","plan_pago_credito","fecha_cuota","date","","","","NO","4"
"creditos","plan_pago_credito","saldo_capital_cuota","decimal","","18","2","NO","5"
"creditos","plan_pago_credito","saldo_interes_cuota","decimal","","18","2","NO","6"
"creditos","plan_pago_credito","saldo_comision_cuota","decimal","","18","2","NO","7"
"creditos","plan_pago_credito","saldo_mora_cuota","decimal","","18","2","NO","8"
"creditos","plan_pago_credito","pagada","bit","","","","NO","9"
"creditos","plan_pago_credito","fecha_creacion","datetime2","","","","NO","10"
"creditos","plan_pago_credito","capital_programado","decimal","","18","2","NO","11"
"creditos","plan_pago_credito","interes_programado","decimal","","18","2","NO","12"
"creditos","plan_pago_credito","comision_programada","decimal","","18","2","NO","13"
"creditos","plan_pago_credito","mora_programada","decimal","","18","2","NO","14"
"creditos","plan_pago_credito","capital_pagado_cuota","decimal","","18","2","NO","15"
"creditos","plan_pago_credito","interes_pagado_cuota","decimal","","18","2","NO","16"
"creditos","plan_pago_credito","comision_pagada_cuota","decimal","","18","2","NO","17"
"creditos","plan_pago_credito","mora_pagada_cuota","decimal","","18","2","NO","18"
"creditos","plan_pago_credito","dias_mora","int","","10","0","NO","19"
"creditos","plan_pago_credito","estado_cuota","nvarchar","20","","","NO","20"
"creditos","plan_pago_credito","id_credito","bigint","","19","0","YES","21"
"creditos","plan_pago_credito","capital_dispensado_cuota","decimal","","18","2","NO","22"
"creditos","plan_pago_credito","interes_dispensado_cuota","decimal","","18","2","NO","23"
"creditos","plan_pago_credito","comision_dispensada_cuota","decimal","","18","2","NO","24"
"creditos","plan_pago_credito","mora_dispensada_cuota","decimal","","18","2","NO","25"
"creditos","plan_pago_credito","dias_interes","int","","10","0","NO","26"
"creditos","plan_pago_credito","deslizamiento_programado","decimal","","18","2","NO","27"
"creditos","producto_crediticio","id_producto_crediticio","bigint","","19","0","NO","1"
"creditos","producto_crediticio","codigo_producto","nvarchar","40","","","NO","2"
"creditos","producto_crediticio","nombre_producto","nvarchar","150","","","NO","3"
"creditos","producto_crediticio","descripcion","nvarchar","500","","","YES","4"
"creditos","producto_crediticio","moneda","nvarchar","10","","","NO","5"
"creditos","producto_crediticio","monto_minimo","decimal","","18","2","NO","6"
"creditos","producto_crediticio","monto_maximo","decimal","","18","2","NO","7"
"creditos","producto_crediticio","plazo_minimo_meses","int","","10","0","NO","8"
"creditos","producto_crediticio","plazo_maximo_meses","int","","10","0","NO","9"
"creditos","producto_crediticio","tasa_interes_anual","decimal","","18","6","NO","10"
"creditos","producto_crediticio","tasa_mora_anual","decimal","","18","6","NO","11"
"creditos","producto_crediticio","tasa_comision","decimal","","18","6","NO","12"
"creditos","producto_crediticio","tasa_deslizamiento_anual","decimal","","18","6","NO","13"
"creditos","producto_crediticio","frecuencia_pago","nvarchar","30","","","NO","14"
"creditos","producto_crediticio","tipo_cuota","nvarchar","30","","","NO","15"
"creditos","producto_crediticio","requiere_garantia","bit","","","","NO","16"
"creditos","producto_crediticio","requiere_fiador","bit","","","","NO","17"
"creditos","producto_crediticio","requiere_visita","bit","","","","NO","18"
"creditos","producto_crediticio","requiere_comite_desde","decimal","","18","2","NO","19"
"creditos","producto_crediticio","reglas_json","nvarchar","-1","","","YES","20"
"creditos","producto_crediticio","activo","bit","","","","NO","21"
"creditos","producto_crediticio","usuario_registro","nvarchar","120","","","NO","22"
"creditos","producto_crediticio","fecha_registro","datetime2","","","","NO","23"
"creditos","producto_crediticio","fecha_modificacion","datetime2","","","","YES","24"
"creditos","recibo_pago_credito","id_recibo_pago_credito","bigint","","19","0","NO","1"
"creditos","recibo_pago_credito","id_pago_credito","bigint","","19","0","NO","2"
"creditos","recibo_pago_credito","numero_recibo","nvarchar","50","","","NO","3"
"creditos","recibo_pago_credito","fecha_recibo","datetime2","","","","NO","4"
"creditos","recibo_pago_credito","monto_total","decimal","","18","2","NO","5"
"creditos","recibo_pago_credito","moneda","nvarchar","10","","","NO","6"
"creditos","recibo_pago_credito","observacion","nvarchar","500","","","YES","7"
"creditos","recibo_pago_credito","fecha_creacion","datetime2","","","","NO","8"
"creditos","solicitud_credito","id_solicitud_credito","bigint","","19","0","NO","1"
"creditos","solicitud_credito","id_cliente","bigint","","19","0","NO","2"
"creditos","solicitud_credito","numero_solicitud","nvarchar","50","","","NO","3"
"creditos","solicitud_credito","fecha_solicitud","date","","","","NO","4"
"creditos","solicitud_credito","monto_solicitado","decimal","","18","2","NO","5"
"creditos","solicitud_credito","plazo_meses","int","","10","0","NO","6"
"creditos","solicitud_credito","tasa_interes_anual","decimal","","12","6","NO","7"
"creditos","solicitud_credito","moneda","nvarchar","10","","","NO","8"
"creditos","solicitud_credito","destino_credito","nvarchar","250","","","YES","9"
"creditos","solicitud_credito","estado_solicitud","nvarchar","30","","","NO","10"
"creditos","solicitud_credito","observacion","nvarchar","500","","","YES","11"
"creditos","solicitud_credito","fecha_creacion","datetime2","","","","NO","12"
"creditos","solicitud_credito","producto_credito","nvarchar","100","","","YES","13"
"creditos","solicitud_credito","frecuencia_pago","nvarchar","30","","","NO","14"
"creditos","solicitud_credito","tipo_cuota","nvarchar","30","","","NO","15"
"creditos","solicitud_credito","cuota_estimada","decimal","","18","2","NO","16"
"creditos","solicitud_credito","ingresos_declarados","decimal","","18","2","NO","17"
"creditos","solicitud_credito","egresos_declarados","decimal","","18","2","NO","18"
"creditos","solicitud_credito","capacidad_pago","decimal","","18","2","NO","19"
"creditos","solicitud_credito","fuente_ingreso","nvarchar","200","","","YES","20"
"creditos","solicitud_credito","actividad_financiada","nvarchar","200","","","YES","21"
"creditos","solicitud_credito","tipo_garantia","nvarchar","80","","","YES","22"
"creditos","solicitud_credito","descripcion_garantia","nvarchar","500","","","YES","23"
"creditos","solicitud_credito","valor_garantia","decimal","","18","2","NO","24"
"creditos","solicitud_credito","nombre_fiador","nvarchar","200","","","YES","25"
"creditos","solicitud_credito","cedula_fiador","nvarchar","50","","","YES","26"
"creditos","solicitud_credito","telefono_fiador","nvarchar","50","","","YES","27"
"creditos","solicitud_credito","requiere_comite","bit","","","","NO","28"
"creditos","solicitud_credito","nivel_riesgo","nvarchar","20","","","NO","29"
"creditos","solicitud_credito","clasificacion_conami","nvarchar","10","","","NO","30"
"creditos","solicitud_credito","checklist_json","nvarchar","-1","","","YES","31"
"creditos","solicitud_credito","plan_generado_json","nvarchar","-1","","","YES","32"
"creditos","solicitud_credito","usuario_registro","nvarchar","100","","","YES","33"
"creditos","solicitud_credito","fecha_actualizacion","datetime2","","","","YES","34"
"creditos","solicitud_credito","usuario_resolucion","nvarchar","100","","","YES","35"
"creditos","solicitud_credito","fecha_resolucion","datetime2","","","","YES","36"
"creditos","solicitud_credito","etapa_prospeccion","nvarchar","30","","","NO","37"
"creditos","solicitud_credito","motivo_descarte_rechazo","nvarchar","500","","","YES","38"
"creditos","solicitud_credito","promotor_credito","nvarchar","150","","","YES","39"
"creditos","solicitud_credito","sucursal_credito","nvarchar","100","","","YES","40"
"creditos","solicitud_credito","oficina_credito","nvarchar","100","","","YES","41"
"creditos","solicitud_credito","fecha_sistema_prospeccion","date","","","","NO","42"
"creditos","solicitud_credito","referencias_prospeccion_json","nvarchar","-1","","","YES","43"
"creditos","solicitud_credito","visitas_prospeccion_json","nvarchar","-1","","","YES","44"
"creditos","solicitud_credito","fecha_consulta_central","date","","","","YES","45"
"creditos","solicitud_credito","central_riesgo_json","nvarchar","-1","","","YES","46"
"creditos","solicitud_credito","tasa_comision_ascc","decimal","","18","6","NO","47"
"creditos","solicitud_credito","tasa_deslizamiento_anual","decimal","","18","6","NO","48"
"creditos","solicitud_credito","tasa_mora_anual","decimal","","18","6","NO","49"
"creditos","tasa_variable_credito","id_tasa_variable","bigint","","19","0","NO","1"
"creditos","tasa_variable_credito","id_credito","bigint","","19","0","NO","2"
"creditos","tasa_variable_credito","fecha_tasa","date","","","","NO","3"
"creditos","tasa_variable_credito","tasa_interes_anual","decimal","","18","6","NO","4"
"creditos","tasa_variable_credito","observacion","nvarchar","300","","","YES","5"
"creditos","tasa_variable_credito","usuario_registro","nvarchar","100","","","YES","6"
"creditos","tasa_variable_credito","fecha_registro","datetime2","","","","NO","7"
"cumplimiento","alerta_cumplimiento","id_alerta_cumplimiento","bigint","","19","0","NO","1"
"cumplimiento","alerta_cumplimiento","id_persona_pla","bigint","","19","0","NO","2"
"cumplimiento","alerta_cumplimiento","id_matriz_alerta_temprana","bigint","","19","0","NO","3"
"cumplimiento","alerta_cumplimiento","modulo_origen","nvarchar","50","","","NO","4"
"cumplimiento","alerta_cumplimiento","id_referencia","bigint","","19","0","YES","5"
"cumplimiento","alerta_cumplimiento","fecha_alerta","datetime2","","","","NO","6"
"cumplimiento","alerta_cumplimiento","estado_alerta","nvarchar","30","","","NO","7"
"cumplimiento","alerta_cumplimiento","detalle_alerta","nvarchar","1000","","","YES","8"
"cumplimiento","alerta_cumplimiento","usuario_registro","nvarchar","100","","","YES","9"
"cumplimiento","alerta_cumplimiento_cliente","id_alerta_cumplimiento","bigint","","19","0","NO","1"
"cumplimiento","alerta_cumplimiento_cliente","id_cliente","bigint","","19","0","NO","2"
"cumplimiento","alerta_cumplimiento_cliente","id_expediente_regulatorio","bigint","","19","0","YES","3"
"cumplimiento","alerta_cumplimiento_cliente","tipo_alerta","nvarchar","40","","","NO","4"
"cumplimiento","alerta_cumplimiento_cliente","severidad","nvarchar","20","","","NO","5"
"cumplimiento","alerta_cumplimiento_cliente","descripcion","nvarchar","500","","","NO","6"
"cumplimiento","alerta_cumplimiento_cliente","fuente_alerta","nvarchar","100","","","YES","7"
"cumplimiento","alerta_cumplimiento_cliente","estado_alerta","nvarchar","20","","","NO","8"
"cumplimiento","alerta_cumplimiento_cliente","fecha_alerta","datetime2","","","","NO","9"
"cumplimiento","alerta_cumplimiento_cliente","fecha_resolucion","datetime2","","","","YES","10"
"cumplimiento","alerta_cumplimiento_cliente","resolucion","nvarchar","500","","","YES","11"
"cumplimiento","alerta_cumplimiento_cliente","usuario_resolucion","nvarchar","100","","","YES","12"
"cumplimiento","alerta_cumplimiento_cliente","fecha_registro","datetime2","","","","NO","13"
"cumplimiento","bitacora_debida_diligencia_cliente","id_bitacora_debida_diligencia","bigint","","19","0","NO","1"
"cumplimiento","bitacora_debida_diligencia_cliente","id_cliente","bigint","","19","0","NO","2"
"cumplimiento","bitacora_debida_diligencia_cliente","id_expediente_regulatorio","bigint","","19","0","YES","3"
"cumplimiento","bitacora_debida_diligencia_cliente","etapa_diligencia","nvarchar","40","","","NO","4"
"cumplimiento","bitacora_debida_diligencia_cliente","estado_etapa","nvarchar","20","","","NO","5"
"cumplimiento","bitacora_debida_diligencia_cliente","detalle","nvarchar","500","","","YES","6"
"cumplimiento","bitacora_debida_diligencia_cliente","fecha_evento","datetime2","","","","NO","7"
"cumplimiento","bitacora_debida_diligencia_cliente","usuario_evento","nvarchar","100","","","YES","8"
"cumplimiento","caso_cumplimiento","id_caso_cumplimiento","bigint","","19","0","NO","1"
"cumplimiento","caso_cumplimiento","id_persona_pla","bigint","","19","0","NO","2"
"cumplimiento","caso_cumplimiento","id_alerta_cumplimiento","bigint","","19","0","YES","3"
"cumplimiento","caso_cumplimiento","tipo_caso","nvarchar","50","","","NO","4"
"cumplimiento","caso_cumplimiento","estado_caso","nvarchar","30","","","NO","5"
"cumplimiento","caso_cumplimiento","fecha_apertura","datetime2","","","","NO","6"
"cumplimiento","caso_cumplimiento","fecha_cierre","datetime2","","","","YES","7"
"cumplimiento","caso_cumplimiento","conclusiones","nvarchar","2000","","","YES","8"
"cumplimiento","caso_cumplimiento","usuario_asignado","nvarchar","100","","","YES","9"
"cumplimiento","caso_cumplimiento","usuario_cierre","nvarchar","100","","","YES","10"
"cumplimiento","coincidencia_lista","id_coincidencia_lista","bigint","","19","0","NO","1"
"cumplimiento","coincidencia_lista","id_persona_pla","bigint","","19","0","NO","2"
"cumplimiento","coincidencia_lista","id_lista_restrictiva","bigint","","19","0","NO","3"
"cumplimiento","coincidencia_lista","porcentaje_coincidencia","decimal","","8","4","NO","4"
"cumplimiento","coincidencia_lista","coincidencia_confirmada","bit","","","","NO","5"
"cumplimiento","coincidencia_lista","estado_revision","nvarchar","30","","","NO","6"
"cumplimiento","coincidencia_lista","observacion","nvarchar","1000","","","YES","7"
"cumplimiento","coincidencia_lista","usuario_revision","nvarchar","100","","","YES","8"
"cumplimiento","coincidencia_lista","fecha_revision","datetime2","","","","YES","9"
"cumplimiento","coincidencia_lista","fecha_creacion","datetime2","","","","NO","10"
"cumplimiento","coincidencia_lista_cliente","id_coincidencia_lista","bigint","","19","0","NO","1"
"cumplimiento","coincidencia_lista_cliente","id_cliente","bigint","","19","0","NO","2"
"cumplimiento","coincidencia_lista_cliente","id_expediente_regulatorio","bigint","","19","0","YES","3"
"cumplimiento","coincidencia_lista_cliente","id_lista_control","bigint","","19","0","NO","4"
"cumplimiento","coincidencia_lista_cliente","nombre_detectado","nvarchar","300","","","NO","5"
"cumplimiento","coincidencia_lista_cliente","identificador_detectado","nvarchar","80","","","YES","6"
"cumplimiento","coincidencia_lista_cliente","porcentaje_coincidencia","decimal","","5","2","NO","7"
"cumplimiento","coincidencia_lista_cliente","estado_revision","nvarchar","20","","","NO","8"
"cumplimiento","coincidencia_lista_cliente","fecha_deteccion","datetime2","","","","NO","9"
"cumplimiento","coincidencia_lista_cliente","fecha_revision","datetime2","","","","YES","10"
"cumplimiento","coincidencia_lista_cliente","conclusion_revision","nvarchar","500","","","YES","11"
"cumplimiento","coincidencia_lista_cliente","usuario_revision","nvarchar","100","","","YES","12"
"cumplimiento","declaracion_beneficiario_final_cliente","id_declaracion_beneficiario","bigint","","19","0","NO","1"
"cumplimiento","declaracion_beneficiario_final_cliente","id_cliente","bigint","","19","0","NO","2"
"cumplimiento","declaracion_beneficiario_final_cliente","id_expediente_regulatorio","bigint","","19","0","YES","3"
"cumplimiento","declaracion_beneficiario_final_cliente","nombres_beneficiario","nvarchar","150","","","NO","4"
"cumplimiento","declaracion_beneficiario_final_cliente","apellidos_beneficiario","nvarchar","150","","","NO","5"
"cumplimiento","declaracion_beneficiario_final_cliente","cedula_beneficiario","nvarchar","50","","","YES","6"
"cumplimiento","declaracion_beneficiario_final_cliente","parentesco_o_relacion","nvarchar","80","","","YES","7"
"cumplimiento","declaracion_beneficiario_final_cliente","porcentaje_participacion","decimal","","5","2","YES","8"
"cumplimiento","declaracion_beneficiario_final_cliente","es_pep","bit","","","","NO","9"
"cumplimiento","declaracion_beneficiario_final_cliente","observacion","nvarchar","500","","","YES","10"
"cumplimiento","declaracion_beneficiario_final_cliente","fecha_declaracion","date","","","","NO","11"
"cumplimiento","declaracion_beneficiario_final_cliente","usuario_registro","nvarchar","100","","","YES","12"
"cumplimiento","declaracion_beneficiario_final_cliente","fecha_registro","datetime2","","","","NO","13"
"cumplimiento","declaracion_origen_fondos_cliente","id_declaracion_origen_fondos","bigint","","19","0","NO","1"
"cumplimiento","declaracion_origen_fondos_cliente","id_cliente","bigint","","19","0","NO","2"
"cumplimiento","declaracion_origen_fondos_cliente","id_expediente_regulatorio","bigint","","19","0","YES","3"
"cumplimiento","declaracion_origen_fondos_cliente","tipo_fuente_fondos","nvarchar","50","","","NO","4"
"cumplimiento","declaracion_origen_fondos_cliente","detalle_fuente_fondos","nvarchar","500","","","YES","5"
"cumplimiento","declaracion_origen_fondos_cliente","monto_estimado_mensual","decimal","","18","2","YES","6"
"cumplimiento","declaracion_origen_fondos_cliente","moneda","nvarchar","10","","","YES","7"
"cumplimiento","declaracion_origen_fondos_cliente","es_declaracion_jurada","bit","","","","NO","8"
"cumplimiento","declaracion_origen_fondos_cliente","fecha_declaracion","date","","","","NO","9"
"cumplimiento","declaracion_origen_fondos_cliente","vigencia_hasta","date","","","","YES","10"
"cumplimiento","declaracion_origen_fondos_cliente","soporte_documental_url","nvarchar","500","","","YES","11"
"cumplimiento","declaracion_origen_fondos_cliente","usuario_registro","nvarchar","100","","","YES","12"
"cumplimiento","declaracion_origen_fondos_cliente","fecha_registro","datetime2","","","","NO","13"
"cumplimiento","documento_expediente_cliente","id_documento_expediente","bigint","","19","0","NO","1"
"cumplimiento","documento_expediente_cliente","id_expediente_regulatorio","bigint","","19","0","NO","2"
"cumplimiento","documento_expediente_cliente","tipo_documento","nvarchar","50","","","NO","3"
"cumplimiento","documento_expediente_cliente","numero_documento","nvarchar","80","","","YES","4"
"cumplimiento","documento_expediente_cliente","fecha_emision","date","","","","YES","5"
"cumplimiento","documento_expediente_cliente","fecha_vencimiento","date","","","","YES","6"
"cumplimiento","documento_expediente_cliente","entidad_emisora","nvarchar","150","","","YES","7"
"cumplimiento","documento_expediente_cliente","archivo_url","nvarchar","500","","","YES","8"
"cumplimiento","documento_expediente_cliente","huella_documento","nvarchar","128","","","YES","9"
"cumplimiento","documento_expediente_cliente","validado","bit","","","","NO","10"
"cumplimiento","documento_expediente_cliente","fecha_validacion","datetime2","","","","YES","11"
"cumplimiento","documento_expediente_cliente","usuario_validacion","nvarchar","100","","","YES","12"
"cumplimiento","documento_expediente_cliente","observacion","nvarchar","500","","","YES","13"
"cumplimiento","documento_expediente_cliente","fecha_registro","datetime2","","","","NO","14"
"cumplimiento","documento_pla","id_documento_pla","bigint","","19","0","NO","1"
"cumplimiento","documento_pla","id_expediente_pla","bigint","","19","0","NO","2"
"cumplimiento","documento_pla","tipo_documento","nvarchar","100","","","NO","3"
"cumplimiento","documento_pla","nombre_archivo","nvarchar","255","","","YES","4"
"cumplimiento","documento_pla","ruta_archivo","nvarchar","500","","","YES","5"
"cumplimiento","documento_pla","fecha_documento","date","","","","YES","6"
"cumplimiento","documento_pla","fecha_vencimiento","date","","","","YES","7"
"cumplimiento","documento_pla","validado","bit","","","","NO","8"
"cumplimiento","documento_pla","observacion","nvarchar","1000","","","YES","9"
"cumplimiento","documento_pla","usuario_registro","nvarchar","100","","","YES","10"
"cumplimiento","documento_pla","fecha_creacion","datetime2","","","","NO","11"
"cumplimiento","evaluacion_kyc_cliente","id_evaluacion_kyc","bigint","","19","0","NO","1"
"cumplimiento","evaluacion_kyc_cliente","id_expediente_regulatorio","bigint","","19","0","NO","2"
"cumplimiento","evaluacion_kyc_cliente","fecha_evaluacion","datetime2","","","","NO","3"
"cumplimiento","evaluacion_kyc_cliente","actividad_economica","nvarchar","120","","","YES","4"
"cumplimiento","evaluacion_kyc_cliente","fuente_ingresos","nvarchar","200","","","YES","5"
"cumplimiento","evaluacion_kyc_cliente","ingreso_mensual_estimado","decimal","","18","2","YES","6"
"cumplimiento","evaluacion_kyc_cliente","patrimonio_estimado","decimal","","18","2","YES","7"
"cumplimiento","evaluacion_kyc_cliente","proposito_relacion","nvarchar","250","","","YES","8"
"cumplimiento","evaluacion_kyc_cliente","pais_residencia","nvarchar","100","","","YES","9"
"cumplimiento","evaluacion_kyc_cliente","pep","bit","","","","NO","10"
"cumplimiento","evaluacion_kyc_cliente","en_lista_sanciones","bit","","","","NO","11"
"cumplimiento","evaluacion_kyc_cliente","alerta_noticia_adversa","bit","","","","NO","12"
"cumplimiento","evaluacion_kyc_cliente","nivel_riesgo","nvarchar","20","","","NO","13"
"cumplimiento","evaluacion_kyc_cliente","resultado_evaluacion","nvarchar","30","","","NO","14"
"cumplimiento","evaluacion_kyc_cliente","vigencia_hasta","date","","","","YES","15"
"cumplimiento","evaluacion_kyc_cliente","vigente","bit","","","","NO","16"
"cumplimiento","evaluacion_kyc_cliente","observacion","nvarchar","500","","","YES","17"
"cumplimiento","evaluacion_kyc_cliente","usuario_evaluador","nvarchar","100","","","YES","18"
"cumplimiento","evaluacion_kyc_cliente","fecha_registro","datetime2","","","","NO","19"
"cumplimiento","expediente_pla","id_expediente_pla","bigint","","19","0","NO","1"
"cumplimiento","expediente_pla","id_persona_pla","bigint","","19","0","NO","2"
"cumplimiento","expediente_pla","estado_expediente","nvarchar","30","","","NO","3"
"cumplimiento","expediente_pla","nivel_riesgo_pla","nvarchar","20","","","NO","4"
"cumplimiento","expediente_pla","fecha_apertura","datetime2","","","","NO","5"
"cumplimiento","expediente_pla","fecha_actualizacion","datetime2","","","","YES","6"
"cumplimiento","expediente_pla","fecha_cierre","datetime2","","","","YES","7"
"cumplimiento","expediente_pla","observacion","nvarchar","1000","","","YES","8"
"cumplimiento","expediente_pla","usuario_responsable","nvarchar","100","","","YES","9"
"cumplimiento","expediente_regulatorio_cliente","id_expediente_regulatorio","bigint","","19","0","NO","1"
"cumplimiento","expediente_regulatorio_cliente","id_cliente","bigint","","19","0","NO","2"
"cumplimiento","expediente_regulatorio_cliente","codigo_expediente","nvarchar","50","","","NO","3"
"cumplimiento","expediente_regulatorio_cliente","estado_expediente","nvarchar","30","","","NO","4"
"cumplimiento","expediente_regulatorio_cliente","fecha_apertura","datetime2","","","","NO","5"
"cumplimiento","expediente_regulatorio_cliente","fecha_cierre","datetime2","","","","YES","6"
"cumplimiento","expediente_regulatorio_cliente","requiere_actualizacion","bit","","","","NO","7"
"cumplimiento","expediente_regulatorio_cliente","fecha_proxima_actualizacion","date","","","","YES","8"
"cumplimiento","expediente_regulatorio_cliente","observacion","nvarchar","500","","","YES","9"
"cumplimiento","expediente_regulatorio_cliente","usuario_responsable","nvarchar","100","","","YES","10"
"cumplimiento","expediente_regulatorio_cliente","activo","bit","","","","NO","11"
"cumplimiento","expediente_regulatorio_cliente","fecha_registro","datetime2","","","","NO","12"
"cumplimiento","expediente_regulatorio_cliente","fecha_actualizacion","datetime2","","","","YES","13"
"cumplimiento","lista_control_cumplimiento","id_lista_control","bigint","","19","0","NO","1"
"cumplimiento","lista_control_cumplimiento","nombre_lista","nvarchar","120","","","NO","2"
"cumplimiento","lista_control_cumplimiento","tipo_lista","nvarchar","30","","","NO","3"
"cumplimiento","lista_control_cumplimiento","entidad_fuente","nvarchar","150","","","YES","4"
"cumplimiento","lista_control_cumplimiento","fecha_carga","date","","","","NO","5"
"cumplimiento","lista_control_cumplimiento","activa","bit","","","","NO","6"
"cumplimiento","lista_control_cumplimiento","observacion","nvarchar","500","","","YES","7"
"cumplimiento","lista_control_cumplimiento","fecha_registro","datetime2","","","","NO","8"
"cumplimiento","lista_restrictiva","id_lista_restrictiva","bigint","","19","0","NO","1"
"cumplimiento","lista_restrictiva","nombre_lista","nvarchar","150","","","NO","2"
"cumplimiento","lista_restrictiva","nombre_persona","nvarchar","250","","","NO","3"
"cumplimiento","lista_restrictiva","numero_identificacion","nvarchar","50","","","YES","4"
"cumplimiento","lista_restrictiva","pais","nvarchar","100","","","YES","5"
"cumplimiento","lista_restrictiva","fuente","nvarchar","150","","","YES","6"
"cumplimiento","lista_restrictiva","fecha_publicacion","date","","","","YES","7"
"cumplimiento","lista_restrictiva","activo","bit","","","","NO","8"
"cumplimiento","lista_restrictiva","fecha_creacion","datetime2","","","","NO","9"
"cumplimiento","matriz_alerta_temprana","id_matriz_alerta_temprana","bigint","","19","0","NO","1"
"cumplimiento","matriz_alerta_temprana","codigo_alerta","nvarchar","30","","","NO","2"
"cumplimiento","matriz_alerta_temprana","nombre_alerta","nvarchar","200","","","NO","3"
"cumplimiento","matriz_alerta_temprana","descripcion_alerta","nvarchar","1000","","","NO","4"
"cumplimiento","matriz_alerta_temprana","nivel_riesgo","nvarchar","20","","","NO","5"
"cumplimiento","matriz_alerta_temprana","activa","bit","","","","NO","6"
"cumplimiento","matriz_alerta_temprana","fecha_creacion","datetime2","","","","NO","7"
"cumplimiento","parametro_alerta_aml","id_parametro_alerta_aml","bigint","","19","0","NO","1"
"cumplimiento","parametro_alerta_aml","codigo_parametro","nvarchar","50","","","NO","2"
"cumplimiento","parametro_alerta_aml","descripcion","nvarchar","300","","","NO","3"
"cumplimiento","parametro_alerta_aml","valor_numerico","decimal","","18","4","YES","4"
"cumplimiento","parametro_alerta_aml","valor_texto","nvarchar","120","","","YES","5"
"cumplimiento","parametro_alerta_aml","moneda","nvarchar","10","","","YES","6"
"cumplimiento","parametro_alerta_aml","fecha_vigencia_desde","date","","","","NO","7"
"cumplimiento","parametro_alerta_aml","fecha_vigencia_hasta","date","","","","YES","8"
"cumplimiento","parametro_alerta_aml","activo","bit","","","","NO","9"
"cumplimiento","parametro_alerta_aml","fecha_registro","datetime2","","","","NO","10"
"cumplimiento","perfil_transaccional","id_perfil_transaccional","bigint","","19","0","NO","1"
"cumplimiento","perfil_transaccional","id_persona_pla","bigint","","19","0","NO","2"
"cumplimiento","perfil_transaccional","moneda_principal","nvarchar","10","","","NO","3"
"cumplimiento","perfil_transaccional","ingreso_mensual_estimado","decimal","","18","2","YES","4"
"cumplimiento","perfil_transaccional","egreso_mensual_estimado","decimal","","18","2","YES","5"
"cumplimiento","perfil_transaccional","monto_operacion_mensual_esperado","decimal","","18","2","YES","6"
"cumplimiento","perfil_transaccional","cantidad_operaciones_mensual_esperada","int","","10","0","YES","7"
"cumplimiento","perfil_transaccional","origen_fondos","nvarchar","250","","","YES","8"
"cumplimiento","perfil_transaccional","destino_fondos","nvarchar","250","","","YES","9"
"cumplimiento","perfil_transaccional","actividad_economica","nvarchar","200","","","YES","10"
"cumplimiento","perfil_transaccional","fecha_evaluacion","date","","","","NO","11"
"cumplimiento","perfil_transaccional","vigente","bit","","","","NO","12"
"cumplimiento","perfil_transaccional","observacion","nvarchar","1000","","","YES","13"
"cumplimiento","perfil_transaccional","usuario_registro","nvarchar","100","","","YES","14"
"cumplimiento","perfil_transaccional","fecha_creacion","datetime2","","","","NO","15"
"cumplimiento","persona_pla","id_persona_pla","bigint","","19","0","NO","1"
"cumplimiento","persona_pla","tipo_persona","nvarchar","20","","","NO","2"
"cumplimiento","persona_pla","id_cliente","bigint","","19","0","YES","3"
"cumplimiento","persona_pla","nombres_razon_social","nvarchar","250","","","NO","4"
"cumplimiento","persona_pla","numero_identificacion","nvarchar","50","","","NO","5"
"cumplimiento","persona_pla","fecha_nacimiento_constitucion","date","","","","YES","6"
"cumplimiento","persona_pla","pais_origen","nvarchar","100","","","YES","7"
"cumplimiento","persona_pla","nacionalidad","nvarchar","100","","","YES","8"
"cumplimiento","persona_pla","profesion_actividad","nvarchar","150","","","YES","9"
"cumplimiento","persona_pla","cargo_publico","bit","","","","NO","10"
"cumplimiento","persona_pla","pep","bit","","","","NO","11"
"cumplimiento","persona_pla","sujeto_obligado_relacionado","bit","","","","NO","12"
"cumplimiento","persona_pla","activo","bit","","","","NO","13"
"cumplimiento","persona_pla","fecha_creacion","datetime2","","","","NO","14"
"cumplimiento","reporte_operacion_cliente","id_reporte_operacion","bigint","","19","0","NO","1"
"cumplimiento","reporte_operacion_cliente","id_cliente","bigint","","19","0","NO","2"
"cumplimiento","reporte_operacion_cliente","id_expediente_regulatorio","bigint","","19","0","YES","3"
"cumplimiento","reporte_operacion_cliente","tipo_reporte","nvarchar","20","","","NO","4"
"cumplimiento","reporte_operacion_cliente","codigo_reporte","nvarchar","50","","","NO","5"
"cumplimiento","reporte_operacion_cliente","fecha_deteccion","datetime2","","","","NO","6"
"cumplimiento","reporte_operacion_cliente","fecha_reporte","date","","","","YES","7"
"cumplimiento","reporte_operacion_cliente","descripcion_hecho","nvarchar","1000","","","NO","8"
"cumplimiento","reporte_operacion_cliente","monto_relacionado","decimal","","18","2","YES","9"
"cumplimiento","reporte_operacion_cliente","moneda","nvarchar","10","","","YES","10"
"cumplimiento","reporte_operacion_cliente","estado_reporte","nvarchar","20","","","NO","11"
"cumplimiento","reporte_operacion_cliente","autoridad_destino","nvarchar","120","","","YES","12"
"cumplimiento","reporte_operacion_cliente","numero_oficio_envio","nvarchar","80","","","YES","13"
"cumplimiento","reporte_operacion_cliente","fecha_envio","date","","","","YES","14"
"cumplimiento","reporte_operacion_cliente","usuario_responsable","nvarchar","100","","","YES","15"
"cumplimiento","reporte_operacion_cliente","fecha_registro","datetime2","","","","NO","16"
"cumplimiento","reporte_operacion_cliente","fecha_actualizacion","datetime2","","","","YES","17"
"cumplimiento","seguimiento_caso_cumplimiento","id_seguimiento_caso_cumplimiento","bigint","","19","0","NO","1"
"cumplimiento","seguimiento_caso_cumplimiento","id_caso_cumplimiento","bigint","","19","0","NO","2"
"cumplimiento","seguimiento_caso_cumplimiento","fecha_seguimiento","datetime2","","","","NO","3"
"cumplimiento","seguimiento_caso_cumplimiento","comentario","nvarchar","2000","","","NO","4"
"cumplimiento","seguimiento_caso_cumplimiento","usuario_registro","nvarchar","100","","","NO","5"
"cumplimiento","seguimiento_caso_cumplimiento","estado_resultante","nvarchar","30","","","YES","6"
"cxc","anticipo_cliente","id_anticipo_cliente","bigint","","19","0","NO","1"
"cxc","anticipo_cliente","id_empresa","bigint","","19","0","NO","2"
"cxc","anticipo_cliente","id_sucursal","bigint","","19","0","YES","3"
"cxc","anticipo_cliente","id_cliente","bigint","","19","0","NO","4"
"cxc","anticipo_cliente","id_moneda","bigint","","19","0","NO","5"
"cxc","anticipo_cliente","id_cuenta_bancaria","bigint","","19","0","YES","6"
"cxc","anticipo_cliente","id_sesion_caja","bigint","","19","0","YES","7"
"cxc","anticipo_cliente","id_movimiento_bancario","bigint","","19","0","YES","8"
"cxc","anticipo_cliente","id_movimiento_caja","bigint","","19","0","YES","9"
"cxc","anticipo_cliente","id_asiento","bigint","","19","0","YES","10"
"cxc","anticipo_cliente","numero_anticipo","nvarchar","40","","","NO","11"
"cxc","anticipo_cliente","fecha_anticipo","datetime2","","","","NO","12"
"cxc","anticipo_cliente","tipo_cambio","decimal","","18","6","NO","13"
"cxc","anticipo_cliente","monto_original","decimal","","18","2","NO","14"
"cxc","anticipo_cliente","saldo_disponible","decimal","","18","2","NO","15"
"cxc","anticipo_cliente","codigo_cuenta_anticipo","nvarchar","20","","","NO","16"
"cxc","anticipo_cliente","medio_cobro","nvarchar","20","","","NO","17"
"cxc","anticipo_cliente","numero_referencia_pago","nvarchar","100","","","YES","18"
"cxc","anticipo_cliente","documento_pago","nvarchar","100","","","YES","19"
"cxc","anticipo_cliente","observacion","nvarchar","500","","","YES","20"
"cxc","anticipo_cliente","estado","nvarchar","30","","","NO","21"
"cxc","anticipo_cliente","fecha_creacion","datetime2","","","","NO","22"
"cxc","anticipo_cliente","usuario_creacion","nvarchar","100","","","NO","23"
"cxc","anticipo_cliente","fecha_modificacion","datetime2","","","","YES","24"
"cxc","anticipo_cliente","usuario_modificacion","nvarchar","100","","","YES","25"
"cxc","anticipo_cliente","fecha_anulacion","datetime2","","","","YES","26"
"cxc","anticipo_cliente","usuario_anulacion","nvarchar","100","","","YES","27"
"cxc","anticipo_cliente","motivo_anulacion","nvarchar","500","","","YES","28"
"cxc","aplicacion_anticipo_cliente","id_aplicacion_anticipo_cliente","bigint","","19","0","NO","1"
"cxc","aplicacion_anticipo_cliente","id_anticipo_cliente","bigint","","19","0","NO","2"
"cxc","aplicacion_anticipo_cliente","id_documento_cobrar","bigint","","19","0","NO","3"
"cxc","aplicacion_anticipo_cliente","id_empresa","bigint","","19","0","NO","4"
"cxc","aplicacion_anticipo_cliente","id_sucursal","bigint","","19","0","YES","5"
"cxc","aplicacion_anticipo_cliente","id_cliente","bigint","","19","0","NO","6"
"cxc","aplicacion_anticipo_cliente","id_asiento","bigint","","19","0","YES","7"
"cxc","aplicacion_anticipo_cliente","fecha_aplicacion","datetime2","","","","NO","8"
"cxc","aplicacion_anticipo_cliente","monto_aplicado","decimal","","18","2","NO","9"
"cxc","aplicacion_anticipo_cliente","observacion","nvarchar","500","","","YES","10"
"cxc","aplicacion_anticipo_cliente","estado","nvarchar","30","","","NO","11"
"cxc","aplicacion_anticipo_cliente","fecha_creacion","datetime2","","","","NO","12"
"cxc","aplicacion_anticipo_cliente","usuario_creacion","nvarchar","100","","","NO","13"
"cxc","cobro_cliente","id_cobro_cliente","bigint","","19","0","NO","1"
"cxc","cobro_cliente","id_empresa","bigint","","19","0","NO","2"
"cxc","cobro_cliente","id_sucursal","bigint","","19","0","YES","3"
"cxc","cobro_cliente","id_cliente","bigint","","19","0","NO","4"
"cxc","cobro_cliente","id_moneda","bigint","","19","0","NO","5"
"cxc","cobro_cliente","id_cuenta_bancaria","bigint","","19","0","YES","6"
"cxc","cobro_cliente","id_sesion_caja","bigint","","19","0","YES","7"
"cxc","cobro_cliente","id_movimiento_bancario","bigint","","19","0","YES","8"
"cxc","cobro_cliente","id_movimiento_caja","bigint","","19","0","YES","9"
"cxc","cobro_cliente","id_asiento","bigint","","19","0","YES","10"
"cxc","cobro_cliente","numero_cobro","nvarchar","40","","","NO","11"
"cxc","cobro_cliente","fecha_cobro","datetime2","","","","NO","12"
"cxc","cobro_cliente","tipo_cambio","decimal","","18","6","NO","13"
"cxc","cobro_cliente","monto_total","decimal","","18","2","NO","14"
"cxc","cobro_cliente","medio_cobro","nvarchar","20","","","NO","15"
"cxc","cobro_cliente","numero_referencia_pago","nvarchar","100","","","YES","16"
"cxc","cobro_cliente","documento_pago","nvarchar","100","","","YES","17"
"cxc","cobro_cliente","observacion","nvarchar","500","","","YES","18"
"cxc","cobro_cliente","estado","nvarchar","30","","","NO","19"
"cxc","cobro_cliente","fecha_creacion","datetime2","","","","NO","20"
"cxc","cobro_cliente","usuario_creacion","nvarchar","100","","","NO","21"
"cxc","cobro_cliente","fecha_modificacion","datetime2","","","","YES","22"
"cxc","cobro_cliente","usuario_modificacion","nvarchar","100","","","YES","23"
"cxc","cobro_cliente","fecha_anulacion","datetime2","","","","YES","24"
"cxc","cobro_cliente","usuario_anulacion","nvarchar","100","","","YES","25"
"cxc","cobro_cliente","motivo_anulacion","nvarchar","500","","","YES","26"
"cxc","cobro_cliente_detalle","id_cobro_cliente_detalle","bigint","","19","0","NO","1"
"cxc","cobro_cliente_detalle","id_cobro_cliente","bigint","","19","0","NO","2"
"cxc","cobro_cliente_detalle","id_documento_cobrar","bigint","","19","0","NO","3"
"cxc","cobro_cliente_detalle","monto_aplicado","decimal","","18","2","NO","4"
"cxc","documento_cobrar","id_documento_cobrar","bigint","","19","0","NO","1"
"cxc","documento_cobrar","id_asiento_origen","bigint","","19","0","YES","2"
"cxc","documento_cobrar","id_empresa","bigint","","19","0","NO","3"
"cxc","documento_cobrar","id_sucursal","bigint","","19","0","YES","4"
"cxc","documento_cobrar","id_cliente","bigint","","19","0","NO","5"
"cxc","documento_cobrar","origen_modulo","nvarchar","40","","","NO","6"
"cxc","documento_cobrar","tipo_documento_origen","nvarchar","40","","","NO","7"
"cxc","documento_cobrar","id_documento_origen","bigint","","19","0","NO","8"
"cxc","documento_cobrar","numero_documento_interno","nvarchar","40","","","NO","9"
"cxc","documento_cobrar","numero_documento_cliente","nvarchar","100","","","YES","10"
"cxc","documento_cobrar","fecha_documento","date","","","","NO","11"
"cxc","documento_cobrar","fecha_vencimiento","date","","","","NO","12"
"cxc","documento_cobrar","id_moneda","bigint","","19","0","NO","13"
"cxc","documento_cobrar","tipo_cambio","decimal","","18","6","NO","14"
"cxc","documento_cobrar","monto_original","decimal","","18","2","NO","15"
"cxc","documento_cobrar","monto_cobrado","decimal","","18","2","NO","16"
"cxc","documento_cobrar","monto_aplicado_anticipo","decimal","","18","2","NO","17"
"cxc","documento_cobrar","monto_nota_credito","decimal","","18","2","NO","18"
"cxc","documento_cobrar","saldo_actual","decimal","","18","2","NO","19"
"cxc","documento_cobrar","codigo_cuenta_cobrar","nvarchar","20","","","NO","20"
"cxc","documento_cobrar","observacion","nvarchar","500","","","YES","21"
"cxc","documento_cobrar","estado","nvarchar","30","","","NO","22"
"cxc","documento_cobrar","fecha_creacion","datetime2","","","","NO","23"
"cxc","documento_cobrar","usuario_creacion","nvarchar","100","","","NO","24"
"cxc","documento_cobrar","fecha_modificacion","datetime2","","","","YES","25"
"cxc","documento_cobrar","usuario_modificacion","nvarchar","100","","","YES","26"
"cxc","documento_cobrar","fecha_anulacion","datetime2","","","","YES","27"
"cxc","documento_cobrar","usuario_anulacion","nvarchar","100","","","YES","28"
"cxc","documento_cobrar","motivo_anulacion","nvarchar","500","","","YES","29"
"cxc","movimiento_documento_cobrar","id_movimiento_documento_cobrar","bigint","","19","0","NO","1"
"cxc","movimiento_documento_cobrar","id_documento_cobrar","bigint","","19","0","NO","2"
"cxc","movimiento_documento_cobrar","id_empresa","bigint","","19","0","NO","3"
"cxc","movimiento_documento_cobrar","id_sucursal","bigint","","19","0","YES","4"
"cxc","movimiento_documento_cobrar","id_cliente","bigint","","19","0","NO","5"
"cxc","movimiento_documento_cobrar","fecha_movimiento","datetime2","","","","NO","6"
"cxc","movimiento_documento_cobrar","tipo_movimiento","nvarchar","40","","","NO","7"
"cxc","movimiento_documento_cobrar","monto_movimiento","decimal","","18","2","NO","8"
"cxc","movimiento_documento_cobrar","saldo_anterior","decimal","","18","2","NO","9"
"cxc","movimiento_documento_cobrar","saldo_posterior","decimal","","18","2","NO","10"
"cxc","movimiento_documento_cobrar","origen_modulo","nvarchar","40","","","NO","11"
"cxc","movimiento_documento_cobrar","tipo_documento_origen","nvarchar","40","","","NO","12"
"cxc","movimiento_documento_cobrar","id_documento_origen","bigint","","19","0","NO","13"
"cxc","movimiento_documento_cobrar","referencia","nvarchar","100","","","YES","14"
"cxc","movimiento_documento_cobrar","observacion","nvarchar","500","","","YES","15"
"cxc","movimiento_documento_cobrar","id_asiento","bigint","","19","0","YES","16"
"cxc","movimiento_documento_cobrar","estado","nvarchar","20","","","NO","17"
"cxc","movimiento_documento_cobrar","usuario_creacion","nvarchar","100","","","NO","18"
"cxc","movimiento_documento_cobrar","fecha_creacion","datetime2","","","","NO","19"
"cxp","anticipo_proveedor","id_anticipo_proveedor","bigint","","19","0","NO","1"
"cxp","anticipo_proveedor","id_empresa","bigint","","19","0","NO","2"
"cxp","anticipo_proveedor","id_sucursal","bigint","","19","0","YES","3"
"cxp","anticipo_proveedor","id_proveedor","bigint","","19","0","NO","4"
"cxp","anticipo_proveedor","id_moneda","bigint","","19","0","NO","5"
"cxp","anticipo_proveedor","id_cuenta_bancaria","bigint","","19","0","NO","6"
"cxp","anticipo_proveedor","id_movimiento_bancario","bigint","","19","0","YES","7"
"cxp","anticipo_proveedor","id_secuencia_documento","bigint","","19","0","YES","8"
"cxp","anticipo_proveedor","numero_anticipo","nvarchar","50","","","NO","9"
"cxp","anticipo_proveedor","fecha_anticipo","datetime2","","","","NO","10"
"cxp","anticipo_proveedor","tipo_cambio","decimal","","18","6","NO","11"
"cxp","anticipo_proveedor","monto_original","decimal","","18","2","NO","12"
"cxp","anticipo_proveedor","saldo_disponible","decimal","","18","2","NO","13"
"cxp","anticipo_proveedor","codigo_cuenta_anticipo","nvarchar","20","","","NO","14"
"cxp","anticipo_proveedor","numero_referencia_pago","nvarchar","100","","","YES","15"
"cxp","anticipo_proveedor","documento_pago","nvarchar","100","","","YES","16"
"cxp","anticipo_proveedor","observacion","nvarchar","500","","","YES","17"
"cxp","anticipo_proveedor","id_asiento","bigint","","19","0","YES","18"
"cxp","anticipo_proveedor","estado","nvarchar","30","","","NO","19"
"cxp","anticipo_proveedor","fecha_creacion","datetime2","","","","NO","20"
"cxp","anticipo_proveedor","usuario_creacion","nvarchar","100","","","NO","21"
"cxp","anticipo_proveedor","fecha_modificacion","datetime2","","","","YES","22"
"cxp","anticipo_proveedor","usuario_modificacion","nvarchar","100","","","YES","23"
"cxp","anticipo_proveedor","fecha_anulacion","datetime2","","","","YES","24"
"cxp","anticipo_proveedor","usuario_anulacion","nvarchar","100","","","YES","25"
"cxp","anticipo_proveedor","motivo_anulacion","nvarchar","500","","","YES","26"
"cxp","aplicacion_anticipo_proveedor","id_aplicacion_anticipo_proveedor","bigint","","19","0","NO","1"
"cxp","aplicacion_anticipo_proveedor","id_anticipo_proveedor","bigint","","19","0","NO","2"
"cxp","aplicacion_anticipo_proveedor","id_documento_pagar","bigint","","19","0","NO","3"
"cxp","aplicacion_anticipo_proveedor","id_empresa","bigint","","19","0","NO","4"
"cxp","aplicacion_anticipo_proveedor","id_sucursal","bigint","","19","0","YES","5"
"cxp","aplicacion_anticipo_proveedor","id_proveedor","bigint","","19","0","NO","6"
"cxp","aplicacion_anticipo_proveedor","fecha_aplicacion","datetime2","","","","NO","7"
"cxp","aplicacion_anticipo_proveedor","monto_aplicado","decimal","","18","2","NO","8"
"cxp","aplicacion_anticipo_proveedor","observacion","nvarchar","500","","","YES","9"
"cxp","aplicacion_anticipo_proveedor","id_asiento","bigint","","19","0","YES","10"
"cxp","aplicacion_anticipo_proveedor","estado","nvarchar","20","","","NO","11"
"cxp","aplicacion_anticipo_proveedor","fecha_creacion","datetime2","","","","NO","12"
"cxp","aplicacion_anticipo_proveedor","usuario_creacion","nvarchar","100","","","NO","13"
"cxp","aplicacion_anticipo_proveedor","fecha_modificacion","datetime2","","","","YES","14"
"cxp","aplicacion_anticipo_proveedor","usuario_modificacion","nvarchar","100","","","YES","15"
"cxp","aplicacion_anticipo_proveedor","fecha_anulacion","datetime2","","","","YES","16"
"cxp","aplicacion_anticipo_proveedor","usuario_anulacion","nvarchar","100","","","YES","17"
"cxp","aplicacion_anticipo_proveedor","motivo_anulacion","nvarchar","500","","","YES","18"
"cxp","documento_pagar","id_documento_pagar","bigint","","19","0","NO","1"
"cxp","documento_pagar","id_empresa","bigint","","19","0","NO","2"
"cxp","documento_pagar","id_sucursal","bigint","","19","0","YES","3"
"cxp","documento_pagar","id_proveedor","bigint","","19","0","NO","4"
"cxp","documento_pagar","origen_modulo","nvarchar","40","","","NO","5"
"cxp","documento_pagar","tipo_documento_origen","nvarchar","60","","","NO","6"
"cxp","documento_pagar","id_documento_origen","bigint","","19","0","NO","7"
"cxp","documento_pagar","numero_documento_interno","nvarchar","100","","","NO","8"
"cxp","documento_pagar","numero_documento_proveedor","nvarchar","100","","","YES","9"
"cxp","documento_pagar","fecha_documento","date","","","","NO","10"
"cxp","documento_pagar","fecha_vencimiento","date","","","","NO","11"
"cxp","documento_pagar","id_moneda","bigint","","19","0","NO","12"
"cxp","documento_pagar","tipo_cambio","decimal","","18","6","NO","13"
"cxp","documento_pagar","monto_original","decimal","","18","2","NO","14"
"cxp","documento_pagar","monto_pagado","decimal","","18","2","NO","15"
"cxp","documento_pagar","monto_aplicado_anticipo","decimal","","18","2","NO","16"
"cxp","documento_pagar","saldo_actual","decimal","","18","2","NO","17"
"cxp","documento_pagar","codigo_cuenta_por_pagar","nvarchar","20","","","NO","18"
"cxp","documento_pagar","observacion","nvarchar","500","","","YES","19"
"cxp","documento_pagar","id_asiento_origen","bigint","","19","0","YES","20"
"cxp","documento_pagar","estado","nvarchar","20","","","NO","21"
"cxp","documento_pagar","fecha_creacion","datetime2","","","","NO","22"
"cxp","documento_pagar","usuario_creacion","nvarchar","100","","","NO","23"
"cxp","documento_pagar","fecha_modificacion","datetime2","","","","YES","24"
"cxp","documento_pagar","usuario_modificacion","nvarchar","100","","","YES","25"
"cxp","documento_pagar","fecha_anulacion","datetime2","","","","YES","26"
"cxp","documento_pagar","usuario_anulacion","nvarchar","100","","","YES","27"
"cxp","documento_pagar","motivo_anulacion","nvarchar","500","","","YES","28"
"cxp","movimiento_documento_pagar","id_movimiento_documento_pagar","bigint","","19","0","NO","1"
"cxp","movimiento_documento_pagar","id_documento_pagar","bigint","","19","0","NO","2"
"cxp","movimiento_documento_pagar","id_empresa","bigint","","19","0","NO","3"
"cxp","movimiento_documento_pagar","id_sucursal","bigint","","19","0","YES","4"
"cxp","movimiento_documento_pagar","id_proveedor","bigint","","19","0","NO","5"
"cxp","movimiento_documento_pagar","fecha_movimiento","datetime2","","","","NO","6"
"cxp","movimiento_documento_pagar","tipo_movimiento","nvarchar","40","","","NO","7"
"cxp","movimiento_documento_pagar","monto_movimiento","decimal","","18","2","NO","8"
"cxp","movimiento_documento_pagar","saldo_anterior","decimal","","18","2","NO","9"
"cxp","movimiento_documento_pagar","saldo_posterior","decimal","","18","2","NO","10"
"cxp","movimiento_documento_pagar","origen_modulo","nvarchar","40","","","NO","11"
"cxp","movimiento_documento_pagar","tipo_documento_origen","nvarchar","60","","","NO","12"
"cxp","movimiento_documento_pagar","id_documento_origen","bigint","","19","0","NO","13"
"cxp","movimiento_documento_pagar","referencia","nvarchar","100","","","YES","14"
"cxp","movimiento_documento_pagar","observacion","nvarchar","500","","","YES","15"
"cxp","movimiento_documento_pagar","id_asiento","bigint","","19","0","YES","16"
"cxp","movimiento_documento_pagar","estado","nvarchar","20","","","NO","17"
"cxp","movimiento_documento_pagar","fecha_creacion","datetime2","","","","NO","18"
"cxp","movimiento_documento_pagar","usuario_creacion","nvarchar","100","","","NO","19"
"cxp","movimiento_documento_pagar","fecha_modificacion","datetime2","","","","YES","20"
"cxp","movimiento_documento_pagar","usuario_modificacion","nvarchar","100","","","YES","21"
"cxp","movimiento_documento_pagar","fecha_anulacion","datetime2","","","","YES","22"
"cxp","movimiento_documento_pagar","usuario_anulacion","nvarchar","100","","","YES","23"
"cxp","movimiento_documento_pagar","motivo_anulacion","nvarchar","500","","","YES","24"
"cxp","pago_proveedor","id_pago_proveedor","bigint","","19","0","NO","1"
"cxp","pago_proveedor","id_empresa","bigint","","19","0","NO","2"
"cxp","pago_proveedor","id_sucursal","bigint","","19","0","YES","3"
"cxp","pago_proveedor","id_proveedor","bigint","","19","0","NO","4"
"cxp","pago_proveedor","id_moneda","bigint","","19","0","NO","5"
"cxp","pago_proveedor","id_cuenta_bancaria","bigint","","19","0","NO","6"
"cxp","pago_proveedor","id_movimiento_bancario","bigint","","19","0","YES","7"
"cxp","pago_proveedor","id_secuencia_documento","bigint","","19","0","YES","8"
"cxp","pago_proveedor","numero_pago","nvarchar","50","","","NO","9"
"cxp","pago_proveedor","fecha_pago","datetime2","","","","NO","10"
"cxp","pago_proveedor","tipo_cambio","decimal","","18","6","NO","11"
"cxp","pago_proveedor","monto_total","decimal","","18","2","NO","12"
"cxp","pago_proveedor","numero_referencia_pago","nvarchar","100","","","YES","13"
"cxp","pago_proveedor","documento_pago","nvarchar","100","","","YES","14"
"cxp","pago_proveedor","observacion","nvarchar","500","","","YES","15"
"cxp","pago_proveedor","id_asiento","bigint","","19","0","YES","16"
"cxp","pago_proveedor","estado","nvarchar","20","","","NO","17"
"cxp","pago_proveedor","fecha_creacion","datetime2","","","","NO","18"
"cxp","pago_proveedor","usuario_creacion","nvarchar","100","","","NO","19"
"cxp","pago_proveedor","fecha_modificacion","datetime2","","","","YES","20"
"cxp","pago_proveedor","usuario_modificacion","nvarchar","100","","","YES","21"
"cxp","pago_proveedor","fecha_anulacion","datetime2","","","","YES","22"
"cxp","pago_proveedor","usuario_anulacion","nvarchar","100","","","YES","23"
"cxp","pago_proveedor","motivo_anulacion","nvarchar","500","","","YES","24"
"cxp","pago_proveedor_detalle","id_pago_proveedor_detalle","bigint","","19","0","NO","1"
"cxp","pago_proveedor_detalle","id_pago_proveedor","bigint","","19","0","NO","2"
"cxp","pago_proveedor_detalle","id_empresa","bigint","","19","0","NO","3"
"cxp","pago_proveedor_detalle","id_documento_pagar","bigint","","19","0","NO","4"
"cxp","pago_proveedor_detalle","monto_aplicado","decimal","","18","2","NO","5"
"cxp","pago_proveedor_detalle","saldo_anterior","decimal","","18","2","NO","6"
"cxp","pago_proveedor_detalle","saldo_posterior","decimal","","18","2","NO","7"
"cxp","pago_proveedor_detalle","estado","nvarchar","20","","","NO","8"
"cxp","pago_proveedor_detalle","fecha_creacion","datetime2","","","","NO","9"
"cxp","pago_proveedor_detalle","usuario_creacion","nvarchar","100","","","NO","10"
"cxp","pago_proveedor_detalle","fecha_modificacion","datetime2","","","","YES","11"
"cxp","pago_proveedor_detalle","usuario_modificacion","nvarchar","100","","","YES","12"
"cxp","pago_proveedor_detalle","fecha_anulacion","datetime2","","","","YES","13"
"cxp","pago_proveedor_detalle","usuario_anulacion","nvarchar","100","","","YES","14"
"cxp","pago_proveedor_detalle","motivo_anulacion","nvarchar","500","","","YES","15"
"empresa","configuracion_general","id_configuracion_general","bigint","","19","0","NO","1"
"empresa","configuracion_general","id_empresa","bigint","","19","0","NO","2"
"empresa","configuracion_general","nombre_sistema","nvarchar","150","","","NO","3"
"empresa","configuracion_general","tema_color","nvarchar","30","","","YES","4"
"empresa","configuracion_general","logo_login_url","nvarchar","500","","","YES","5"
"empresa","configuracion_general","logo_sidebar_url","nvarchar","500","","","YES","6"
"empresa","configuracion_general","texto_footer","nvarchar","300","","","YES","7"
"empresa","configuracion_general","correo_soporte","nvarchar","150","","","YES","8"
"empresa","configuracion_general","telefono_soporte","nvarchar","50","","","YES","9"
"empresa","configuracion_general","mostrar_logo_login","bit","","","","NO","10"
"empresa","configuracion_general","activo","bit","","","","NO","11"
"empresa","configuracion_general","fecha_registro","datetime2","","","","NO","12"
"empresa","configuracion_general","fecha_actualizacion","datetime2","","","","YES","13"
"empresa","configuracion_general","nombre_gerente_rrhh","nvarchar","300","","","YES","14"
"empresa","empresa","id_empresa","bigint","","19","0","NO","1"
"empresa","empresa","razon_social","nvarchar","200","","","NO","2"
"empresa","empresa","nombre_comercial","nvarchar","200","","","NO","3"
"empresa","empresa","ruc","nvarchar","50","","","YES","4"
"empresa","empresa","telefono","nvarchar","50","","","YES","5"
"empresa","empresa","correo","nvarchar","150","","","YES","6"
"empresa","empresa","direccion","nvarchar","300","","","YES","7"
"empresa","empresa","sitio_web","nvarchar","200","","","YES","8"
"empresa","empresa","logo_url","nvarchar","500","","","YES","9"
"empresa","empresa","moneda_base","nvarchar","10","","","NO","10"
"empresa","empresa","zona_horaria","nvarchar","100","","","NO","11"
"empresa","empresa","activo","bit","","","","NO","12"
"empresa","empresa","fecha_registro","datetime2","","","","NO","13"
"empresa","empresa","fecha_actualizacion","datetime2","","","","YES","14"
"empresa","sucursal","id_sucursal","bigint","","19","0","NO","1"
"empresa","sucursal","id_empresa","bigint","","19","0","NO","2"
"empresa","sucursal","codigo_sucursal","nvarchar","20","","","NO","3"
"empresa","sucursal","nombre_sucursal","nvarchar","150","","","NO","4"
"empresa","sucursal","telefono","nvarchar","50","","","YES","5"
"empresa","sucursal","correo","nvarchar","150","","","YES","6"
"empresa","sucursal","direccion","nvarchar","300","","","YES","7"
"empresa","sucursal","es_principal","bit","","","","NO","8"
"empresa","sucursal","activo","bit","","","","NO","9"
"empresa","sucursal","fecha_registro","datetime2","","","","NO","10"
"empresa","sucursal","fecha_actualizacion","datetime2","","","","YES","11"
"inventario","bodega","id_bodega","bigint","","19","0","NO","1"
"inventario","bodega","id_empresa","bigint","","19","0","NO","2"
"inventario","bodega","id_sucursal","bigint","","19","0","NO","3"
"inventario","bodega","codigo_bodega","nvarchar","40","","","NO","4"
"inventario","bodega","nombre_bodega","nvarchar","150","","","NO","5"
"inventario","bodega","descripcion","nvarchar","500","","","YES","6"
"inventario","bodega","responsable","nvarchar","200","","","YES","7"
"inventario","bodega","id_centro_costo","bigint","","19","0","YES","8"
"inventario","bodega","activo","bit","","","","NO","9"
"inventario","bodega","fecha_creacion","datetime2","","","","NO","10"
"inventario","bodega","usuario_creacion","nvarchar","100","","","NO","11"
"inventario","bodega","fecha_modificacion","datetime2","","","","YES","12"
"inventario","bodega","usuario_modificacion","nvarchar","100","","","YES","13"
"inventario","bodega","fecha_anulacion","datetime2","","","","YES","14"
"inventario","bodega","usuario_anulacion","nvarchar","100","","","YES","15"
"inventario","bodega","motivo_anulacion","nvarchar","500","","","YES","16"
"inventario","categoria_producto","id_categoria_producto","bigint","","19","0","NO","1"
"inventario","categoria_producto","id_empresa","bigint","","19","0","NO","2"
"inventario","categoria_producto","codigo_categoria","nvarchar","40","","","NO","3"
"inventario","categoria_producto","nombre_categoria","nvarchar","150","","","NO","4"
"inventario","categoria_producto","descripcion","nvarchar","500","","","YES","5"
"inventario","categoria_producto","activo","bit","","","","NO","6"
"inventario","categoria_producto","fecha_creacion","datetime2","","","","NO","7"
"inventario","categoria_producto","usuario_creacion","nvarchar","100","","","NO","8"
"inventario","categoria_producto","fecha_modificacion","datetime2","","","","YES","9"
"inventario","categoria_producto","usuario_modificacion","nvarchar","100","","","YES","10"
"inventario","categoria_producto","fecha_anulacion","datetime2","","","","YES","11"
"inventario","categoria_producto","usuario_anulacion","nvarchar","100","","","YES","12"
"inventario","categoria_producto","motivo_anulacion","nvarchar","500","","","YES","13"
"inventario","producto","id_producto","bigint","","19","0","NO","1"
"inventario","producto","id_empresa","bigint","","19","0","NO","2"
"inventario","producto","codigo_producto","nvarchar","60","","","NO","3"
"inventario","producto","sku","nvarchar","80","","","YES","4"
"inventario","producto","nombre_producto","nvarchar","200","","","NO","5"
"inventario","producto","descripcion","nvarchar","600","","","YES","6"
"inventario","producto","tipo_producto","nvarchar","20","","","NO","7"
"inventario","producto","id_categoria_producto","bigint","","19","0","NO","8"
"inventario","producto","id_unidad_medida","bigint","","19","0","NO","9"
"inventario","producto","maneja_inventario","bit","","","","NO","10"
"inventario","producto","afecta_impuesto","bit","","","","NO","11"
"inventario","producto","id_impuesto_defecto","bigint","","19","0","YES","12"
"inventario","producto","precio_base","decimal","","18","2","YES","13"
"inventario","producto","id_moneda_base","bigint","","19","0","YES","14"
"inventario","producto","codigo_cuenta_inventario","nvarchar","20","","","YES","15"
"inventario","producto","codigo_cuenta_costo","nvarchar","20","","","YES","16"
"inventario","producto","codigo_cuenta_ingreso","nvarchar","20","","","YES","17"
"inventario","producto","activo","bit","","","","NO","18"
"inventario","producto","fecha_creacion","datetime2","","","","NO","19"
"inventario","producto","usuario_creacion","nvarchar","100","","","NO","20"
"inventario","producto","fecha_modificacion","datetime2","","","","YES","21"
"inventario","producto","usuario_modificacion","nvarchar","100","","","YES","22"
"inventario","producto","fecha_anulacion","datetime2","","","","YES","23"
"inventario","producto","usuario_anulacion","nvarchar","100","","","YES","24"
"inventario","producto","motivo_anulacion","nvarchar","500","","","YES","25"
"inventario","unidad_medida","id_unidad_medida","bigint","","19","0","NO","1"
"inventario","unidad_medida","id_empresa","bigint","","19","0","NO","2"
"inventario","unidad_medida","codigo_unidad","nvarchar","30","","","NO","3"
"inventario","unidad_medida","nombre_unidad","nvarchar","120","","","NO","4"
"inventario","unidad_medida","abreviatura","nvarchar","20","","","NO","5"
"inventario","unidad_medida","permite_decimal","bit","","","","NO","6"
"inventario","unidad_medida","activo","bit","","","","NO","7"
"inventario","unidad_medida","fecha_creacion","datetime2","","","","NO","8"
"inventario","unidad_medida","usuario_creacion","nvarchar","100","","","NO","9"
"inventario","unidad_medida","fecha_modificacion","datetime2","","","","YES","10"
"inventario","unidad_medida","usuario_modificacion","nvarchar","100","","","YES","11"
"inventario","unidad_medida","fecha_anulacion","datetime2","","","","YES","12"
"inventario","unidad_medida","usuario_anulacion","nvarchar","100","","","YES","13"
"inventario","unidad_medida","motivo_anulacion","nvarchar","500","","","YES","14"
"menu","modulo","id_modulo","bigint","","19","0","NO","1"
"menu","modulo","codigo_modulo","nvarchar","50","","","NO","2"
"menu","modulo","nombre_modulo","nvarchar","100","","","NO","3"
"menu","modulo","descripcion","nvarchar","250","","","YES","4"
"menu","modulo","ruta","nvarchar","250","","","YES","5"
"menu","modulo","icono","nvarchar","100","","","YES","6"
"menu","modulo","orden_visual","int","","10","0","NO","7"
"menu","modulo","id_modulo_padre","bigint","","19","0","YES","8"
"menu","modulo","visible","bit","","","","NO","9"
"menu","modulo","activo","bit","","","","NO","10"
"menu","modulo","fecha_registro","datetime2","","","","NO","11"
"menu","modulo_rol","id_modulo_rol","bigint","","19","0","NO","1"
"menu","modulo_rol","id_modulo","bigint","","19","0","NO","2"
"menu","modulo_rol","id_rol","bigint","","19","0","NO","3"
"menu","modulo_rol","activo","bit","","","","NO","4"
"menu","modulo_rol","fecha_registro","datetime2","","","","NO","5"
"nomina","concepto_nomina","id_concepto_nomina","bigint","","19","0","NO","1"
"nomina","concepto_nomina","id_tipo_concepto_nomina","bigint","","19","0","NO","2"
"nomina","concepto_nomina","codigo_concepto","nvarchar","50","","","NO","3"
"nomina","concepto_nomina","nombre_concepto","nvarchar","150","","","NO","4"
"nomina","concepto_nomina","afecta_ingresos_gravables","bit","","","","NO","5"
"nomina","concepto_nomina","afecta_base_inss","bit","","","","NO","6"
"nomina","concepto_nomina","afecta_neto","bit","","","","NO","7"
"nomina","concepto_nomina","orden_visual","int","","10","0","NO","8"
"nomina","concepto_nomina","activo","bit","","","","NO","9"
"nomina","descuento_fijo_empleado","id_descuento_fijo_empleado","bigint","","19","0","NO","1"
"nomina","descuento_fijo_empleado","id_empleado","bigint","","19","0","NO","2"
"nomina","descuento_fijo_empleado","descripcion_descuento","nvarchar","200","","","NO","3"
"nomina","descuento_fijo_empleado","monto_mensual","decimal","","18","2","NO","4"
"nomina","descuento_fijo_empleado","vigencia_desde","date","","","","NO","5"
"nomina","descuento_fijo_empleado","vigencia_hasta","date","","","","YES","6"
"nomina","descuento_fijo_empleado","activo","bit","","","","NO","7"
"nomina","descuento_fijo_empleado","fecha_registro","datetime2","","","","NO","8"
"nomina","devengado_variable_periodo","id_devengado_variable_periodo","bigint","","19","0","NO","1"
"nomina","devengado_variable_periodo","id_empleado","bigint","","19","0","NO","2"
"nomina","devengado_variable_periodo","id_periodo_nomina","bigint","","19","0","YES","3"
"nomina","devengado_variable_periodo","id_esquema_variable_empleado","bigint","","19","0","YES","4"
"nomina","devengado_variable_periodo","id_concepto_nomina","bigint","","19","0","NO","5"
"nomina","devengado_variable_periodo","fecha_desde","date","","","","NO","6"
"nomina","devengado_variable_periodo","fecha_hasta","date","","","","NO","7"
"nomina","devengado_variable_periodo","referencia_operativa","nvarchar","100","","","YES","8"
"nomina","devengado_variable_periodo","base_calculo","decimal","","18","2","NO","9"
"nomina","devengado_variable_periodo","cantidad_lograda","decimal","","18","2","YES","10"
"nomina","devengado_variable_periodo","porcentaje_aplicado","decimal","","18","6","YES","11"
"nomina","devengado_variable_periodo","monto_devengado","decimal","","18","2","NO","12"
"nomina","devengado_variable_periodo","estado_devengado","nvarchar","30","","","NO","13"
"nomina","devengado_variable_periodo","observacion","nvarchar","500","","","YES","14"
"nomina","devengado_variable_periodo","usuario_registro","nvarchar","100","","","NO","15"
"nomina","devengado_variable_periodo","aplicado_en_nomina","bit","","","","NO","16"
"nomina","devengado_variable_periodo","fecha_registro","datetime2","","","","NO","17"
"nomina","envio_esquela_pago","id_envio_esquela_pago","bigint","","19","0","NO","1"
"nomina","envio_esquela_pago","id_esquela_pago","bigint","","19","0","NO","2"
"nomina","envio_esquela_pago","id_estado_envio_esquela","bigint","","19","0","NO","3"
"nomina","envio_esquela_pago","correo_destino","nvarchar","150","","","NO","4"
"nomina","envio_esquela_pago","asunto","nvarchar","250","","","NO","5"
"nomina","envio_esquela_pago","cuerpo_mensaje","nvarchar","-1","","","YES","6"
"nomina","envio_esquela_pago","fecha_intento","datetime2","","","","NO","7"
"nomina","envio_esquela_pago","fecha_envio_exitoso","datetime2","","","","YES","8"
"nomina","envio_esquela_pago","proveedor_envio","nvarchar","100","","","YES","9"
"nomina","envio_esquela_pago","identificador_externo_envio","nvarchar","200","","","YES","10"
"nomina","envio_esquela_pago","mensaje_error","nvarchar","1000","","","YES","11"
"nomina","envio_esquela_pago","reintentos","int","","10","0","NO","12"
"nomina","envio_esquela_pago","usuario_ejecucion","nvarchar","100","","","NO","13"
"nomina","envio_esquela_pago","es_reenvio","bit","","","","NO","14"
"nomina","esquela_pago","id_esquela_pago","bigint","","19","0","NO","1"
"nomina","esquela_pago","id_nomina_detalle","bigint","","19","0","NO","2"
"nomina","esquela_pago","id_estado_esquela_pago","bigint","","19","0","NO","3"
"nomina","esquela_pago","fecha_generacion","datetime2","","","","NO","4"
"nomina","esquela_pago","nombre_archivo","nvarchar","255","","","NO","5"
"nomina","esquela_pago","ruta_archivo","nvarchar","500","","","YES","6"
"nomina","esquela_pago","contenido_base64","nvarchar","-1","","","YES","7"
"nomina","esquela_pago","hash_documento","nvarchar","200","","","YES","8"
"nomina","esquela_pago","observacion","nvarchar","500","","","YES","9"
"nomina","esquela_pago","usuario_generacion","nvarchar","100","","","NO","10"
"nomina","esquela_pago","fecha_publicacion","datetime2","","","","YES","11"
"nomina","esquela_pago","usuario_publicacion","nvarchar","100","","","YES","12"
"nomina","esquema_variable_empleado","id_esquema_variable_empleado","bigint","","19","0","NO","1"
"nomina","esquema_variable_empleado","id_empleado","bigint","","19","0","NO","2"
"nomina","esquema_variable_empleado","id_tipo_esquema_variable","bigint","","19","0","NO","3"
"nomina","esquema_variable_empleado","nombre_esquema","nvarchar","150","","","NO","4"
"nomina","esquema_variable_empleado","aplica_desde","date","","","","NO","5"
"nomina","esquema_variable_empleado","aplica_hasta","date","","","","YES","6"
"nomina","esquema_variable_empleado","porcentaje_base","decimal","","18","6","YES","7"
"nomina","esquema_variable_empleado","monto_fijo","decimal","","18","2","YES","8"
"nomina","esquema_variable_empleado","meta_minima","decimal","","18","2","YES","9"
"nomina","esquema_variable_empleado","meta_objetivo","decimal","","18","2","YES","10"
"nomina","esquema_variable_empleado","meta_sobrecumplimiento","decimal","","18","2","YES","11"
"nomina","esquema_variable_empleado","activo","bit","","","","NO","12"
"nomina","esquema_variable_empleado","observacion","nvarchar","500","","","YES","13"
"nomina","esquema_variable_empleado","fecha_registro","datetime2","","","","NO","14"
"nomina","estado_envio_esquela","id_estado_envio_esquela","bigint","","19","0","NO","1"
"nomina","estado_envio_esquela","codigo_estado_envio","nvarchar","30","","","NO","2"
"nomina","estado_envio_esquela","nombre_estado_envio","nvarchar","100","","","NO","3"
"nomina","estado_envio_esquela","activo","bit","","","","NO","4"
"nomina","estado_envio_esquela","fecha_registro","datetime2","","","","NO","5"
"nomina","estado_esquela_pago","id_estado_esquela_pago","bigint","","19","0","NO","1"
"nomina","estado_esquela_pago","codigo_estado_esquela","nvarchar","30","","","NO","2"
"nomina","estado_esquela_pago","nombre_estado_esquela","nvarchar","100","","","NO","3"
"nomina","estado_esquela_pago","activo","bit","","","","NO","4"
"nomina","estado_esquela_pago","fecha_registro","datetime2","","","","NO","5"
"nomina","estado_nomina","id_estado_nomina","bigint","","19","0","NO","1"
"nomina","estado_nomina","codigo_estado_nomina","nvarchar","30","","","NO","2"
"nomina","estado_nomina","nombre_estado_nomina","nvarchar","100","","","NO","3"
"nomina","estado_nomina","activo","bit","","","","NO","4"
"nomina","estado_periodo_nomina","id_estado_periodo_nomina","bigint","","19","0","NO","1"
"nomina","estado_periodo_nomina","codigo_estado_periodo","nvarchar","30","","","NO","2"
"nomina","estado_periodo_nomina","nombre_estado_periodo","nvarchar","100","","","NO","3"
"nomina","estado_periodo_nomina","activo","bit","","","","NO","4"
"nomina","liquidacion","id_liquidacion","bigint","","19","0","NO","1"
"nomina","liquidacion","id_empleado","bigint","","19","0","NO","2"
"nomina","liquidacion","id_contrato","bigint","","19","0","NO","3"
"nomina","liquidacion","fecha_liquidacion","date","","","","NO","4"
"nomina","liquidacion","fecha_baja","date","","","","NO","5"
"nomina","liquidacion","motivo_liquidacion","nvarchar","200","","","NO","6"
"nomina","liquidacion","salario_base_referencia","decimal","","18","2","NO","7"
"nomina","liquidacion","total_ingresos","decimal","","18","2","NO","8"
"nomina","liquidacion","total_deducciones","decimal","","18","2","NO","9"
"nomina","liquidacion","neto_liquidacion","decimal","","18","2","NO","10"
"nomina","liquidacion","usuario_registro","nvarchar","100","","","NO","11"
"nomina","liquidacion","fecha_registro","datetime2","","","","NO","12"
"nomina","liquidacion_detalle","id_liquidacion_detalle","bigint","","19","0","NO","1"
"nomina","liquidacion_detalle","id_liquidacion","bigint","","19","0","NO","2"
"nomina","liquidacion_detalle","id_concepto_nomina","bigint","","19","0","NO","3"
"nomina","liquidacion_detalle","monto","decimal","","18","2","NO","4"
"nomina","liquidacion_detalle","referencia","nvarchar","200","","","YES","5"
"nomina","liquidacion_detalle","fecha_registro","datetime2","","","","NO","6"
"nomina","meta_variable_empleado","id_meta_variable_empleado","bigint","","19","0","NO","1"
"nomina","meta_variable_empleado","id_empleado","bigint","","19","0","NO","2"
"nomina","meta_variable_empleado","periodo_referencia","nvarchar","30","","","NO","3"
"nomina","meta_variable_empleado","tipo_meta","nvarchar","50","","","NO","4"
"nomina","meta_variable_empleado","meta_asignada","decimal","","18","2","NO","5"
"nomina","meta_variable_empleado","meta_lograda","decimal","","18","2","NO","6"
"nomina","meta_variable_empleado","porcentaje_cumplimiento","decimal","","18","6","NO","7"
"nomina","meta_variable_empleado","observacion","nvarchar","500","","","YES","8"
"nomina","meta_variable_empleado","fecha_registro","datetime2","","","","NO","9"
"nomina","movimiento_variable_empleado","id_movimiento_variable_empleado","bigint","","19","0","NO","1"
"nomina","movimiento_variable_empleado","id_empleado","bigint","","19","0","NO","2"
"nomina","movimiento_variable_empleado","id_concepto_nomina","bigint","","19","0","NO","3"
"nomina","movimiento_variable_empleado","fecha_movimiento","date","","","","NO","4"
"nomina","movimiento_variable_empleado","monto","decimal","","18","2","NO","5"
"nomina","movimiento_variable_empleado","observacion","nvarchar","300","","","YES","6"
"nomina","movimiento_variable_empleado","aplicado_en_nomina","bit","","","","NO","7"
"nomina","movimiento_variable_empleado","activo","bit","","","","NO","8"
"nomina","movimiento_variable_empleado","fecha_registro","datetime2","","","","NO","9"
"nomina","nomina","id_nomina","bigint","","19","0","NO","1"
"nomina","nomina","id_periodo_nomina","bigint","","19","0","NO","2"
"nomina","nomina","id_estado_nomina","bigint","","19","0","NO","3"
"nomina","nomina","fecha_generacion","datetime2","","","","NO","4"
"nomina","nomina","usuario_generacion","nvarchar","100","","","NO","5"
"nomina","nomina","fecha_cierre","datetime2","","","","YES","6"
"nomina","nomina","usuario_cierre","nvarchar","100","","","YES","7"
"nomina","nomina","observacion","nvarchar","500","","","YES","8"
"nomina","nomina_detalle","id_nomina_detalle","bigint","","19","0","NO","1"
"nomina","nomina_detalle","id_nomina","bigint","","19","0","NO","2"
"nomina","nomina_detalle","id_empleado","bigint","","19","0","NO","3"
"nomina","nomina_detalle","id_contrato","bigint","","19","0","NO","4"
"nomina","nomina_detalle","salario_base_periodo","decimal","","18","2","NO","5"
"nomina","nomina_detalle","total_ingresos","decimal","","18","2","NO","6"
"nomina","nomina_detalle","total_deducciones","decimal","","18","2","NO","7"
"nomina","nomina_detalle","total_aportes_patronales","decimal","","18","2","NO","8"
"nomina","nomina_detalle","neto_pagar","decimal","","18","2","NO","9"
"nomina","nomina_detalle","inss_laboral","decimal","","18","2","NO","10"
"nomina","nomina_detalle","inss_patronal","decimal","","18","2","NO","11"
"nomina","nomina_detalle","ir_laboral","decimal","","18","2","NO","12"
"nomina","nomina_detalle","ir_patronal","decimal","","18","2","NO","13"
"nomina","nomina_detalle","fecha_registro","datetime2","","","","NO","14"
"nomina","nomina_detalle_concepto","id_nomina_detalle_concepto","bigint","","19","0","NO","1"
"nomina","nomina_detalle_concepto","id_nomina_detalle","bigint","","19","0","NO","2"
"nomina","nomina_detalle_concepto","id_concepto_nomina","bigint","","19","0","NO","3"
"nomina","nomina_detalle_concepto","monto","decimal","","18","2","NO","4"
"nomina","nomina_detalle_concepto","referencia","nvarchar","200","","","YES","5"
"nomina","nomina_detalle_concepto","fecha_registro","datetime2","","","","NO","6"
"nomina","parametro_contribucion","id_parametro_contribucion","bigint","","19","0","NO","1"
"nomina","parametro_contribucion","codigo_contribucion","nvarchar","50","","","NO","2"
"nomina","parametro_contribucion","nombre_contribucion","nvarchar","150","","","NO","3"
"nomina","parametro_contribucion","tipo_contribucion","nvarchar","30","","","NO","4"
"nomina","parametro_contribucion","vigencia_desde","date","","","","NO","5"
"nomina","parametro_contribucion","vigencia_hasta","date","","","","YES","6"
"nomina","parametro_contribucion","porcentaje","decimal","","18","6","NO","7"
"nomina","parametro_contribucion","techo_mensual","decimal","","18","2","YES","8"
"nomina","parametro_contribucion","activo","bit","","","","NO","9"
"nomina","parametro_contribucion","fecha_registro","datetime2","","","","NO","10"
"nomina","parametro_nomina","id_parametro_nomina","bigint","","19","0","NO","1"
"nomina","parametro_nomina","codigo_parametro","nvarchar","50","","","NO","2"
"nomina","parametro_nomina","valor_decimal","decimal","","18","6","YES","3"
"nomina","parametro_nomina","valor_texto","nvarchar","200","","","YES","4"
"nomina","parametro_nomina","descripcion","nvarchar","300","","","YES","5"
"nomina","parametro_nomina","activo","bit","","","","NO","6"
"nomina","parametro_nomina","fecha_registro","datetime2","","","","NO","7"
"nomina","periodo_nomina","id_periodo_nomina","bigint","","19","0","NO","1"
"nomina","periodo_nomina","id_estado_periodo_nomina","bigint","","19","0","NO","2"
"nomina","periodo_nomina","codigo_periodo","nvarchar","30","","","NO","3"
"nomina","periodo_nomina","fecha_desde","date","","","","NO","4"
"nomina","periodo_nomina","fecha_hasta","date","","","","NO","5"
"nomina","periodo_nomina","fecha_pago","date","","","","NO","6"
"nomina","periodo_nomina","tipo_periodo","nvarchar","30","","","NO","7"
"nomina","periodo_nomina","observacion","nvarchar","300","","","YES","8"
"nomina","periodo_nomina","fecha_registro","datetime2","","","","NO","9"
"nomina","prestamo_empleado","id_prestamo_empleado","bigint","","19","0","NO","1"
"nomina","prestamo_empleado","id_empleado","bigint","","19","0","NO","2"
"nomina","prestamo_empleado","descripcion_prestamo","nvarchar","200","","","NO","3"
"nomina","prestamo_empleado","monto_original","decimal","","18","2","NO","4"
"nomina","prestamo_empleado","saldo_pendiente","decimal","","18","2","NO","5"
"nomina","prestamo_empleado","fecha_otorgamiento","date","","","","NO","6"
"nomina","prestamo_empleado","cuota_mensual","decimal","","18","2","NO","7"
"nomina","prestamo_empleado","activo","bit","","","","NO","8"
"nomina","prestamo_empleado","fecha_registro","datetime2","","","","NO","9"
"nomina","regla_esquema_variable","id_regla_esquema_variable","bigint","","19","0","NO","1"
"nomina","regla_esquema_variable","id_esquema_variable_empleado","bigint","","19","0","NO","2"
"nomina","regla_esquema_variable","tramo_desde","decimal","","18","2","NO","3"
"nomina","regla_esquema_variable","tramo_hasta","decimal","","18","2","YES","4"
"nomina","regla_esquema_variable","porcentaje_pago","decimal","","18","6","YES","5"
"nomina","regla_esquema_variable","monto_pago","decimal","","18","2","YES","6"
"nomina","regla_esquema_variable","orden_regla","int","","10","0","NO","7"
"nomina","regla_esquema_variable","activo","bit","","","","NO","8"
"nomina","regla_esquema_variable","fecha_registro","datetime2","","","","NO","9"
"nomina","tabla_ir_laboral","id_tabla_ir_laboral","bigint","","19","0","NO","1"
"nomina","tabla_ir_laboral","vigencia_desde","date","","","","NO","2"
"nomina","tabla_ir_laboral","vigencia_hasta","date","","","","YES","3"
"nomina","tabla_ir_laboral","tramo_desde_anual","decimal","","18","2","NO","4"
"nomina","tabla_ir_laboral","tramo_hasta_anual","decimal","","18","2","YES","5"
"nomina","tabla_ir_laboral","base_impuesto_anual","decimal","","18","2","NO","6"
"nomina","tabla_ir_laboral","porcentaje_exceso","decimal","","18","6","NO","7"
"nomina","tabla_ir_laboral","activo","bit","","","","NO","8"
"nomina","tabla_ir_laboral","fecha_registro","datetime2","","","","NO","9"
"nomina","tipo_concepto_nomina","id_tipo_concepto_nomina","bigint","","19","0","NO","1"
"nomina","tipo_concepto_nomina","codigo_tipo_concepto","nvarchar","30","","","NO","2"
"nomina","tipo_concepto_nomina","nombre_tipo_concepto","nvarchar","100","","","NO","3"
"nomina","tipo_concepto_nomina","activo","bit","","","","NO","4"
"nomina","tipo_esquema_variable","id_tipo_esquema_variable","bigint","","19","0","NO","1"
"nomina","tipo_esquema_variable","codigo_tipo_esquema","nvarchar","50","","","NO","2"
"nomina","tipo_esquema_variable","nombre_tipo_esquema","nvarchar","150","","","NO","3"
"nomina","tipo_esquema_variable","descripcion","nvarchar","300","","","YES","4"
"nomina","tipo_esquema_variable","activo","bit","","","","NO","5"
"operacion","aplicacion_dispensa_credito","id_aplicacion_dispensa_credito","bigint","","19","0","NO","1"
"operacion","aplicacion_dispensa_credito","id_solicitud_dispensa_credito","bigint","","19","0","NO","2"
"operacion","aplicacion_dispensa_credito","fecha_aplicacion","datetime2","","","","NO","3"
"operacion","aplicacion_dispensa_credito","usuario_aplica","nvarchar","100","","","NO","4"
"operacion","aplicacion_dispensa_credito","id_pago_credito","bigint","","19","0","YES","5"
"operacion","aplicacion_dispensa_credito","referencia_operativa","nvarchar","100","","","YES","6"
"operacion","aplicacion_dispensa_credito","observacion_aplicacion","nvarchar","1000","","","YES","7"
"operacion","aplicacion_dispensa_credito","monto_total_aplicado","decimal","","18","2","NO","8"
"operacion","aplicacion_dispensa_credito_detalle","id_aplicacion_dispensa_credito_detalle","bigint","","19","0","NO","1"
"operacion","aplicacion_dispensa_credito_detalle","id_aplicacion_dispensa_credito","bigint","","19","0","NO","2"
"operacion","aplicacion_dispensa_credito_detalle","id_solicitud_dispensa_credito_detalle","bigint","","19","0","NO","3"
"operacion","aplicacion_dispensa_credito_detalle","monto_aplicado","decimal","","18","2","NO","4"
"operacion","aplicacion_dispensa_credito_detalle","fecha_registro","datetime2","","","","NO","5"
"operacion","bitacora_dispensa_credito","id_bitacora_dispensa_credito","bigint","","19","0","NO","1"
"operacion","bitacora_dispensa_credito","id_solicitud_dispensa_credito","bigint","","19","0","NO","2"
"operacion","bitacora_dispensa_credito","tipo_evento","nvarchar","50","","","NO","3"
"operacion","bitacora_dispensa_credito","detalle_evento","nvarchar","1000","","","YES","4"
"operacion","bitacora_dispensa_credito","usuario_evento","nvarchar","100","","","NO","5"
"operacion","bitacora_dispensa_credito","fecha_evento","datetime2","","","","NO","6"
"operacion","bitacora_operativa","id_bitacora_operativa","bigint","","19","0","NO","1"
"operacion","bitacora_operativa","modulo","nvarchar","50","","","NO","2"
"operacion","bitacora_operativa","proceso","nvarchar","100","","","NO","3"
"operacion","bitacora_operativa","tipo_evento","nvarchar","50","","","NO","4"
"operacion","bitacora_operativa","id_referencia","bigint","","19","0","YES","5"
"operacion","bitacora_operativa","referencia_texto","nvarchar","100","","","YES","6"
"operacion","bitacora_operativa","descripcion_evento","nvarchar","1000","","","NO","7"
"operacion","bitacora_operativa","datos_resumen","nvarchar","-1","","","YES","8"
"operacion","bitacora_operativa","usuario_registro","nvarchar","100","","","NO","9"
"operacion","bitacora_operativa","fecha_evento","datetime2","","","","NO","10"
"operacion","bitacora_operativa","equipo","nvarchar","100","","","YES","11"
"operacion","bitacora_operativa","ip_equipo","nvarchar","50","","","YES","12"
"operacion","concepto_dispensa","id_concepto_dispensa","bigint","","19","0","NO","1"
"operacion","concepto_dispensa","codigo_concepto_dispensa","nvarchar","30","","","NO","2"
"operacion","concepto_dispensa","nombre_concepto_dispensa","nvarchar","100","","","NO","3"
"operacion","concepto_dispensa","descripcion","nvarchar","300","","","YES","4"
"operacion","concepto_dispensa","activo","bit","","","","NO","5"
"operacion","concepto_dispensa","fecha_registro","datetime2","","","","NO","6"
"operacion","estado_dispensa","id_estado_dispensa","bigint","","19","0","NO","1"
"operacion","estado_dispensa","codigo_estado_dispensa","nvarchar","30","","","NO","2"
"operacion","estado_dispensa","nombre_estado_dispensa","nvarchar","100","","","NO","3"
"operacion","estado_dispensa","activo","bit","","","","NO","4"
"operacion","estado_dispensa","fecha_registro","datetime2","","","","NO","5"
"operacion","nota_ajuste","id_nota_ajuste","bigint","","19","0","NO","1"
"operacion","nota_ajuste","modulo","nvarchar","50","","","NO","2"
"operacion","nota_ajuste","tipo_ajuste","nvarchar","50","","","NO","3"
"operacion","nota_ajuste","id_referencia","bigint","","19","0","YES","4"
"operacion","nota_ajuste","fecha_ajuste","datetime2","","","","NO","5"
"operacion","nota_ajuste","monto_ajuste","decimal","","18","2","NO","6"
"operacion","nota_ajuste","moneda","nvarchar","10","","","YES","7"
"operacion","nota_ajuste","motivo_ajuste","nvarchar","1000","","","NO","8"
"operacion","nota_ajuste","observacion","nvarchar","1000","","","YES","9"
"operacion","nota_ajuste","usuario_registro","nvarchar","100","","","NO","10"
"operacion","reversion_operacion","id_reversion_operacion","bigint","","19","0","NO","1"
"operacion","reversion_operacion","modulo","nvarchar","50","","","NO","2"
"operacion","reversion_operacion","tipo_reversion","nvarchar","50","","","NO","3"
"operacion","reversion_operacion","id_referencia_origen","bigint","","19","0","NO","4"
"operacion","reversion_operacion","id_referencia_reversion","bigint","","19","0","YES","5"
"operacion","reversion_operacion","fecha_reversion","datetime2","","","","NO","6"
"operacion","reversion_operacion","motivo_reversion","nvarchar","1000","","","NO","7"
"operacion","reversion_operacion","usuario_registro","nvarchar","100","","","NO","8"
"operacion","reversion_operacion","observacion","nvarchar","1000","","","YES","9"
"operacion","solicitud_anulacion_pago","id_solicitud_anulacion_pago","bigint","","19","0","NO","1"
"operacion","solicitud_anulacion_pago","id_pago_credito","bigint","","19","0","NO","2"
"operacion","solicitud_anulacion_pago","fecha_solicitud","datetime2","","","","NO","3"
"operacion","solicitud_anulacion_pago","motivo_anulacion","nvarchar","1000","","","NO","4"
"operacion","solicitud_anulacion_pago","estado_solicitud","nvarchar","20","","","NO","5"
"operacion","solicitud_anulacion_pago","usuario_solicita","nvarchar","100","","","NO","6"
"operacion","solicitud_anulacion_pago","usuario_aprueba","nvarchar","100","","","YES","7"
"operacion","solicitud_anulacion_pago","fecha_aprobacion","datetime2","","","","YES","8"
"operacion","solicitud_anulacion_pago","observacion_aprobacion","nvarchar","1000","","","YES","9"
"operacion","solicitud_dispensa_credito","id_solicitud_dispensa_credito","bigint","","19","0","NO","1"
"operacion","solicitud_dispensa_credito","id_credito","bigint","","19","0","NO","2"
"operacion","solicitud_dispensa_credito","id_tipo_dispensa","bigint","","19","0","NO","3"
"operacion","solicitud_dispensa_credito","id_estado_dispensa","bigint","","19","0","NO","4"
"operacion","solicitud_dispensa_credito","fecha_solicitud","datetime2","","","","NO","5"
"operacion","solicitud_dispensa_credito","motivo_solicitud","nvarchar","500","","","NO","6"
"operacion","solicitud_dispensa_credito","observacion_solicitud","nvarchar","1000","","","YES","7"
"operacion","solicitud_dispensa_credito","usuario_solicita","nvarchar","100","","","NO","8"
"operacion","solicitud_dispensa_credito","fecha_resolucion","datetime2","","","","YES","9"
"operacion","solicitud_dispensa_credito","usuario_resuelve","nvarchar","100","","","YES","10"
"operacion","solicitud_dispensa_credito","observacion_resolucion","nvarchar","1000","","","YES","11"
"operacion","solicitud_dispensa_credito","fecha_aplicacion","datetime2","","","","YES","12"
"operacion","solicitud_dispensa_credito","usuario_aplica","nvarchar","100","","","YES","13"
"operacion","solicitud_dispensa_credito","monto_total_original","decimal","","18","2","NO","14"
"operacion","solicitud_dispensa_credito","monto_total_solicitado","decimal","","18","2","NO","15"
"operacion","solicitud_dispensa_credito","monto_total_aprobado","decimal","","18","2","NO","16"
"operacion","solicitud_dispensa_credito","monto_total_aplicado","decimal","","18","2","NO","17"
"operacion","solicitud_dispensa_credito","referencia_externa","nvarchar","100","","","YES","18"
"operacion","solicitud_dispensa_credito","activo","bit","","","","NO","19"
"operacion","solicitud_dispensa_credito_detalle","id_solicitud_dispensa_credito_detalle","bigint","","19","0","NO","1"
"operacion","solicitud_dispensa_credito_detalle","id_solicitud_dispensa_credito","bigint","","19","0","NO","2"
"operacion","solicitud_dispensa_credito_detalle","id_concepto_dispensa","bigint","","19","0","NO","3"
"operacion","solicitud_dispensa_credito_detalle","id_cuota","bigint","","19","0","YES","4"
"operacion","solicitud_dispensa_credito_detalle","numero_cuota","int","","10","0","YES","5"
"operacion","solicitud_dispensa_credito_detalle","monto_original","decimal","","18","2","NO","6"
"operacion","solicitud_dispensa_credito_detalle","monto_solicitado","decimal","","18","2","NO","7"
"operacion","solicitud_dispensa_credito_detalle","monto_aprobado","decimal","","18","2","YES","8"
"operacion","solicitud_dispensa_credito_detalle","monto_aplicado","decimal","","18","2","YES","9"
"operacion","solicitud_dispensa_credito_detalle","observacion_detalle","nvarchar","500","","","YES","10"
"operacion","solicitud_dispensa_credito_detalle","fecha_registro","datetime2","","","","NO","11"
"operacion","solicitud_dispensa_credito_detalle","observacion_resolucion_detalle","nvarchar","1000","","","YES","12"
"operacion","tipo_dispensa","id_tipo_dispensa","bigint","","19","0","NO","1"
"operacion","tipo_dispensa","codigo_tipo_dispensa","nvarchar","30","","","NO","2"
"operacion","tipo_dispensa","nombre_tipo_dispensa","nvarchar","100","","","NO","3"
"operacion","tipo_dispensa","descripcion","nvarchar","300","","","YES","4"
"operacion","tipo_dispensa","requiere_aprobacion","bit","","","","NO","5"
"operacion","tipo_dispensa","activo","bit","","","","NO","6"
"operacion","tipo_dispensa","fecha_registro","datetime2","","","","NO","7"
"parametros","agrupacion_credito","id_agrupacion_credito","bigint","","19","0","NO","1"
"parametros","agrupacion_credito","codigo_agrupacion","nvarchar","20","","","NO","2"
"parametros","agrupacion_credito","nombre_agrupacion","nvarchar","150","","","NO","3"
"parametros","agrupacion_credito","descripcion","nvarchar","500","","","YES","4"
"parametros","agrupacion_credito","activo","bit","","","","NO","5"
"parametros","agrupacion_credito","fecha_creacion","datetime2","","","","NO","6"
"parametros","categoria_riesgo","id_categoria_riesgo","bigint","","19","0","NO","1"
"parametros","categoria_riesgo","codigo_categoria","nvarchar","10","","","NO","2"
"parametros","categoria_riesgo","nombre_categoria","nvarchar","100","","","NO","3"
"parametros","categoria_riesgo","dias_desde","int","","10","0","NO","4"
"parametros","categoria_riesgo","dias_hasta","int","","10","0","YES","5"
"parametros","categoria_riesgo","porcentaje_provision","decimal","","10","4","NO","6"
"parametros","categoria_riesgo","aplica_microcredito","bit","","","","NO","7"
"parametros","categoria_riesgo","aplica_personal","bit","","","","NO","8"
"parametros","categoria_riesgo","aplica_hipotecario","bit","","","","NO","9"
"parametros","categoria_riesgo","aplica_cde","bit","","","","NO","10"
"parametros","categoria_riesgo","activo","bit","","","","NO","11"
"parametros","categoria_riesgo","fecha_creacion","datetime2","","","","NO","12"
"parametros","denominacion_moneda","id_denominacion_moneda","bigint","","19","0","NO","1"
"parametros","denominacion_moneda","moneda","nvarchar","10","","","NO","2"
"parametros","denominacion_moneda","tipo_denominacion","nvarchar","20","","","NO","3"
"parametros","denominacion_moneda","valor_nominal","decimal","","18","2","NO","4"
"parametros","denominacion_moneda","descripcion_denominacion","nvarchar","50","","","NO","5"
"parametros","denominacion_moneda","activo","bit","","","","NO","6"
"parametros","denominacion_moneda","fecha_creacion","datetime2","","","","NO","7"
"parametros","lote_importacion_tipo_cambio","id_lote_importacion_tipo_cambio","bigint","","19","0","NO","1"
"parametros","lote_importacion_tipo_cambio","tipo_fuente","nvarchar","30","","","NO","2"
"parametros","lote_importacion_tipo_cambio","nombre_archivo","nvarchar","255","","","NO","3"
"parametros","lote_importacion_tipo_cambio","fecha_importacion","datetime2","","","","NO","4"
"parametros","lote_importacion_tipo_cambio","usuario_importacion","nvarchar","100","","","YES","5"
"parametros","lote_importacion_tipo_cambio","estado_lote","nvarchar","20","","","NO","6"
"parametros","lote_importacion_tipo_cambio","observacion","nvarchar","500","","","YES","7"
"parametros","tipo_cambio","id_tipo_cambio","bigint","","19","0","NO","1"
"parametros","tipo_cambio","fecha_tipo_cambio","date","","","","NO","2"
"parametros","tipo_cambio","moneda_origen","nvarchar","10","","","NO","3"
"parametros","tipo_cambio","moneda_destino","nvarchar","10","","","NO","4"
"parametros","tipo_cambio","tipo_cambio_oficial","decimal","","18","6","NO","5"
"parametros","tipo_cambio","tipo_cambio_institucion","decimal","","18","6","YES","6"
"parametros","tipo_cambio","cargado_manual","bit","","","","NO","7"
"parametros","tipo_cambio","observacion","nvarchar","300","","","YES","8"
"parametros","tipo_cambio","fecha_creacion","datetime2","","","","NO","9"
"parametros","tipo_cambio_institucional","id_tipo_cambio_institucional","bigint","","19","0","NO","1"
"parametros","tipo_cambio_institucional","fecha_tipo_cambio","date","","","","NO","2"
"parametros","tipo_cambio_institucional","moneda_origen","nvarchar","10","","","NO","3"
"parametros","tipo_cambio_institucional","moneda_destino","nvarchar","10","","","NO","4"
"parametros","tipo_cambio_institucional","valor_compra","decimal","","18","6","YES","5"
"parametros","tipo_cambio_institucional","valor_venta","decimal","","18","6","YES","6"
"parametros","tipo_cambio_institucional","valor_referencia","decimal","","18","6","YES","7"
"parametros","tipo_cambio_institucional","observacion","nvarchar","500","","","YES","8"
"parametros","tipo_cambio_institucional","usuario_registro","nvarchar","100","","","YES","9"
"parametros","tipo_cambio_institucional","fecha_creacion","datetime2","","","","NO","10"
"parametros","tipo_cambio_oficial","id_tipo_cambio_oficial","bigint","","19","0","NO","1"
"parametros","tipo_cambio_oficial","fecha_tipo_cambio","date","","","","NO","2"
"parametros","tipo_cambio_oficial","moneda_origen","nvarchar","10","","","NO","3"
"parametros","tipo_cambio_oficial","moneda_destino","nvarchar","10","","","NO","4"
"parametros","tipo_cambio_oficial","valor_tipo_cambio","decimal","","18","6","NO","5"
"parametros","tipo_cambio_oficial","fuente","nvarchar","50","","","NO","6"
"parametros","tipo_cambio_oficial","id_lote_importacion_tipo_cambio","bigint","","19","0","YES","7"
"parametros","tipo_cambio_oficial","cargado_manual","bit","","","","NO","8"
"parametros","tipo_cambio_oficial","fecha_creacion","datetime2","","","","NO","9"
"parametros","tipo_documento_expediente","id_tipo_documento_expediente","bigint","","19","0","NO","1"
"parametros","tipo_documento_expediente","codigo_tipo_documento","nvarchar","30","","","NO","2"
"parametros","tipo_documento_expediente","nombre_tipo_documento","nvarchar","200","","","NO","3"
"parametros","tipo_documento_expediente","seccion_expediente","nvarchar","100","","","NO","4"
"parametros","tipo_documento_expediente","aplica_microcredito_individual","bit","","","","NO","5"
"parametros","tipo_documento_expediente","aplica_microcredito_grupal","bit","","","","NO","6"
"parametros","tipo_documento_expediente","aplica_personal","bit","","","","NO","7"
"parametros","tipo_documento_expediente","aplica_hipotecario","bit","","","","NO","8"
"parametros","tipo_documento_expediente","aplica_cde","bit","","","","NO","9"
"parametros","tipo_documento_expediente","obligatorio","bit","","","","NO","10"
"parametros","tipo_documento_expediente","activo","bit","","","","NO","11"
"parametros","tipo_documento_expediente","fecha_creacion","datetime2","","","","NO","12"
"parametros","tipo_garantia","id_tipo_garantia","bigint","","19","0","NO","1"
"parametros","tipo_garantia","codigo_tipo_garantia","nvarchar","20","","","NO","2"
"parametros","tipo_garantia","nombre_tipo_garantia","nvarchar","150","","","NO","3"
"parametros","tipo_garantia","es_real","bit","","","","NO","4"
"parametros","tipo_garantia","es_fiduciaria","bit","","","","NO","5"
"parametros","tipo_garantia","requiere_avaluo","bit","","","","NO","6"
"parametros","tipo_garantia","requiere_inscripcion","bit","","","","NO","7"
"parametros","tipo_garantia","activo","bit","","","","NO","8"
"parametros","tipo_garantia","fecha_creacion","datetime2","","","","NO","9"
"proveedores","proveedor","id_proveedor","bigint","","19","0","NO","1"
"proveedores","proveedor","id_empresa","bigint","","19","0","NO","2"
"proveedores","proveedor","codigo_proveedor","nvarchar","50","","","NO","3"
"proveedores","proveedor","razon_social","nvarchar","200","","","NO","4"
"proveedores","proveedor","nombre_comercial","nvarchar","200","","","YES","5"
"proveedores","proveedor","documento_fiscal","nvarchar","100","","","YES","6"
"proveedores","proveedor","telefono","nvarchar","100","","","YES","7"
"proveedores","proveedor","telefono_alterno","nvarchar","100","","","YES","8"
"proveedores","proveedor","correo","nvarchar","300","","","YES","9"
"proveedores","proveedor","direccion","nvarchar","500","","","YES","10"
"proveedores","proveedor","contacto_principal","nvarchar","200","","","YES","11"
"proveedores","proveedor","id_banco_referencia","bigint","","19","0","YES","12"
"proveedores","proveedor","cuenta_bancaria_referencia","nvarchar","120","","","YES","13"
"proveedores","proveedor","id_moneda_habitual","bigint","","19","0","YES","14"
"proveedores","proveedor","codigo_cuenta_por_pagar","nvarchar","20","","","YES","15"
"proveedores","proveedor","observacion","nvarchar","500","","","YES","16"
"proveedores","proveedor","activo","bit","","","","NO","17"
"proveedores","proveedor","fecha_creacion","datetime2","","","","NO","18"
"proveedores","proveedor","usuario_creacion","nvarchar","100","","","NO","19"
"proveedores","proveedor","fecha_modificacion","datetime2","","","","YES","20"
"proveedores","proveedor","usuario_modificacion","nvarchar","100","","","YES","21"
"proveedores","proveedor","fecha_anulacion","datetime2","","","","YES","22"
"proveedores","proveedor","usuario_anulacion","nvarchar","100","","","YES","23"
"proveedores","proveedor","motivo_anulacion","nvarchar","500","","","YES","24"
"regulatorio","cierre_credito","id_cierre_credito","bigint","","19","0","NO","1"
"regulatorio","cierre_credito","id_lote_cierre","bigint","","19","0","NO","2"
"regulatorio","cierre_credito","fecha_cierre","date","","","","NO","3"
"regulatorio","cierre_credito","tipo_cierre","nvarchar","20","","","NO","4"
"regulatorio","cierre_credito","cedula_id_cliente_ofic_ciclo","nvarchar","100","","","NO","5"
"regulatorio","cierre_credito","cedula_id_cliente","nvarchar","50","","","YES","6"
"regulatorio","cierre_credito","nom_cliente","nvarchar","250","","","YES","7"
"regulatorio","cierre_credito","tipo_agrupacion","tinyint","","3","0","NO","8"
"regulatorio","cierre_credito","garantia","nvarchar","50","","","YES","9"
"regulatorio","cierre_credito","oficina","nvarchar","20","","","YES","10"
"regulatorio","cierre_credito","fecha_desembolso","date","","","","YES","11"
"regulatorio","cierre_credito","fecha_vencimiento","date","","","","YES","12"
"regulatorio","cierre_credito","fecha_saneamiento","date","","","","YES","13"
"regulatorio","cierre_credito","estado_operativo_origen","nvarchar","5","","","YES","14"
"regulatorio","cierre_credito","estado_operativo_final","nvarchar","5","","","YES","15"
"regulatorio","cierre_credito","categoria","nvarchar","5","","","YES","16"
"regulatorio","cierre_credito","clasificacion_credito","nvarchar","20","","","YES","17"
"regulatorio","cierre_credito","porcentaje_provision","decimal","","12","6","NO","18"
"regulatorio","cierre_credito","monto_provision","decimal","","18","2","NO","19"
"regulatorio","cierre_credito","monto_provision_anterior","decimal","","18","2","NO","20"
"regulatorio","cierre_credito","saldo_capital","decimal","","18","2","NO","21"
"regulatorio","cierre_credito","saldo_total","decimal","","18","2","NO","22"
"regulatorio","cierre_credito","monto_en_mora","decimal","","18","2","NO","23"
"regulatorio","cierre_credito","cuotas_vencidas","int","","10","0","NO","24"
"regulatorio","cierre_credito","dias_mora","int","","10","0","NO","25"
"regulatorio","cierre_credito","reconocimiento_ingreso","bit","","","","NO","26"
"regulatorio","cierre_credito","sanea_intereses","bit","","","","NO","27"
"regulatorio","cierre_credito","interes_por_cobrar","decimal","","18","2","NO","28"
"regulatorio","cierre_credito","comision_por_cobrar","decimal","","18","2","NO","29"
"regulatorio","cierre_credito","mto_por_vencer_030","decimal","","18","2","NO","30"
"regulatorio","cierre_credito","mto_por_vencer_060","decimal","","18","2","NO","31"
"regulatorio","cierre_credito","mto_por_vencer_090","decimal","","18","2","NO","32"
"regulatorio","cierre_credito","mto_por_vencer_120","decimal","","18","2","NO","33"
"regulatorio","cierre_credito","mto_por_vencer_180","decimal","","18","2","NO","34"
"regulatorio","cierre_credito","mto_por_vencer_360","decimal","","18","2","NO","35"
"regulatorio","cierre_credito","mto_por_vencer_mas_360","decimal","","18","2","NO","36"
"regulatorio","cierre_credito","mto_vencido_015","decimal","","18","2","NO","37"
"regulatorio","cierre_credito","mto_vencido_030","decimal","","18","2","NO","38"
"regulatorio","cierre_credito","mto_vencido_060","decimal","","18","2","NO","39"
"regulatorio","cierre_credito","mto_vencido_090","decimal","","18","2","NO","40"
"regulatorio","cierre_credito","mto_vencido_120","decimal","","18","2","NO","41"
"regulatorio","cierre_credito","mto_vencido_180","decimal","","18","2","NO","42"
"regulatorio","cierre_credito","mto_vencido_360","decimal","","18","2","NO","43"
"regulatorio","cierre_credito","mto_vencido_mas_360","decimal","","18","2","NO","44"
"regulatorio","cierre_credito","cta_capital","nvarchar","20","","","YES","45"
"regulatorio","cierre_credito","cta_interes","nvarchar","20","","","YES","46"
"regulatorio","cierre_credito","cta_provision","nvarchar","20","","","YES","47"
"regulatorio","cierre_credito","cta_ingreso_financiero","nvarchar","20","","","YES","48"
"regulatorio","cierre_credito","cta_gasto_provision","nvarchar","20","","","YES","49"
"regulatorio","cierre_credito","cta_ingreso_reversion","nvarchar","20","","","YES","50"
"regulatorio","cierre_credito","cta_gasto_saneamiento","nvarchar","20","","","YES","51"
"regulatorio","cierre_credito","cta_orden_saneado","nvarchar","20","","","YES","52"
"regulatorio","cierre_credito","cta_orden_saneado_contra","nvarchar","20","","","YES","53"
"regulatorio","cierre_credito","cta_documentado","nvarchar","20","","","YES","54"
"regulatorio","cierre_credito","cta_documentado_contra","nvarchar","20","","","YES","55"
"regulatorio","cierre_credito","fecha_creacion","datetime2","","","","NO","56"
"regulatorio","conami_norma","id_norma","bigint","","19","0","NO","1"
"regulatorio","conami_norma","codigo_norma","nvarchar","80","","","NO","2"
"regulatorio","conami_norma","nombre_norma","nvarchar","250","","","NO","3"
"regulatorio","conami_norma","categoria","nvarchar","60","","","NO","4"
"regulatorio","conami_norma","fuente_url","nvarchar","1000","","","YES","5"
"regulatorio","conami_norma","vigente","bit","","","","NO","6"
"regulatorio","conami_norma","fecha_vigencia","date","","","","YES","7"
"regulatorio","conami_norma","descripcion","nvarchar","1000","","","YES","8"
"regulatorio","conami_norma","fecha_creacion","datetime2","","","","NO","9"
"regulatorio","conami_norma","fecha_actualizacion","datetime2","","","","YES","10"
"regulatorio","conami_regla","id_regla","bigint","","19","0","NO","1"
"regulatorio","conami_regla","codigo_regla","nvarchar","100","","","NO","2"
"regulatorio","conami_regla","id_norma","bigint","","19","0","NO","3"
"regulatorio","conami_regla","modulo","nvarchar","60","","","NO","4"
"regulatorio","conami_regla","categoria","nvarchar","60","","","NO","5"
"regulatorio","conami_regla","nombre_regla","nvarchar","200","","","NO","6"
"regulatorio","conami_regla","descripcion","nvarchar","1000","","","NO","7"
"regulatorio","conami_regla","tipo_dato","nvarchar","30","","","NO","8"
"regulatorio","conami_regla","valor_texto","nvarchar","500","","","YES","9"
"regulatorio","conami_regla","valor_decimal","decimal","","18","6","YES","10"
"regulatorio","conami_regla","valor_entero","int","","10","0","YES","11"
"regulatorio","conami_regla","valor_booleano","bit","","","","YES","12"
"regulatorio","conami_regla","severidad","nvarchar","20","","","NO","13"
"regulatorio","conami_regla","activo","bit","","","","NO","14"
"regulatorio","conami_regla","orden","int","","10","0","NO","15"
"regulatorio","conami_regla","editable","bit","","","","NO","16"
"regulatorio","conami_regla","fecha_creacion","datetime2","","","","NO","17"
"regulatorio","conami_regla","fecha_actualizacion","datetime2","","","","YES","18"
"regulatorio","conami_regla","usuario_actualizacion","nvarchar","150","","","YES","19"
"regulatorio","historial_clasificacion","id_historial","bigint","","19","0","NO","1"
"regulatorio","historial_clasificacion","cedula_id_cliente_ofic_ciclo","nvarchar","100","","","NO","2"
"regulatorio","historial_clasificacion","fecha_cierre","date","","","","NO","3"
"regulatorio","historial_clasificacion","estado_operativo","nvarchar","5","","","YES","4"
"regulatorio","historial_clasificacion","categoria","nvarchar","5","","","YES","5"
"regulatorio","historial_clasificacion","clasificacion_credito","nvarchar","20","","","YES","6"
"regulatorio","historial_clasificacion","dias_mora","int","","10","0","NO","7"
"regulatorio","historial_clasificacion","cuotas_vencidas","int","","10","0","NO","8"
"regulatorio","historial_clasificacion","id_lote_cierre","bigint","","19","0","NO","9"
"regulatorio","historial_provision","id_historial_prov","bigint","","19","0","NO","1"
"regulatorio","historial_provision","cedula_id_cliente_ofic_ciclo","nvarchar","100","","","NO","2"
"regulatorio","historial_provision","fecha_cierre","date","","","","NO","3"
"regulatorio","historial_provision","categoria","nvarchar","5","","","YES","4"
"regulatorio","historial_provision","porcentaje_provision","decimal","","12","6","NO","5"
"regulatorio","historial_provision","saldo_capital","decimal","","18","2","NO","6"
"regulatorio","historial_provision","monto_provision","decimal","","18","2","NO","7"
"regulatorio","historial_provision","id_lote_cierre","bigint","","19","0","NO","8"
"regulatorio","lote_cierre","id_lote_cierre","bigint","","19","0","NO","1"
"regulatorio","lote_cierre","fecha_cierre","date","","","","NO","2"
"regulatorio","lote_cierre","tipo_cierre","nvarchar","20","","","NO","3"
"regulatorio","lote_cierre","id_version_regla","int","","10","0","NO","4"
"regulatorio","lote_cierre","estado_lote","nvarchar","20","","","NO","5"
"regulatorio","lote_cierre","total_creditos","int","","10","0","NO","6"
"regulatorio","lote_cierre","total_saldo","decimal","","18","2","NO","7"
"regulatorio","lote_cierre","total_provision","decimal","","18","2","NO","8"
"regulatorio","lote_cierre","usuario_ejecucion","nvarchar","100","","","NO","9"
"regulatorio","lote_cierre","fecha_inicio","datetime2","","","","NO","10"
"regulatorio","lote_cierre","fecha_fin","datetime2","","","","YES","11"
"regulatorio","lote_cierre","mensaje_error","nvarchar","-1","","","YES","12"
"regulatorio","normativa_cumplimiento","id_normativa_cumplimiento","bigint","","19","0","NO","1"
"regulatorio","normativa_cumplimiento","codigo_normativa","nvarchar","40","","","NO","2"
"regulatorio","normativa_cumplimiento","nombre_normativa","nvarchar","200","","","NO","3"
"regulatorio","normativa_cumplimiento","tipo_normativa","nvarchar","30","","","NO","4"
"regulatorio","normativa_cumplimiento","descripcion","nvarchar","500","","","YES","5"
"regulatorio","normativa_cumplimiento","fecha_vigencia_desde","date","","","","NO","6"
"regulatorio","normativa_cumplimiento","fecha_vigencia_hasta","date","","","","YES","7"
"regulatorio","normativa_cumplimiento","activa","bit","","","","NO","8"
"regulatorio","normativa_cumplimiento","fecha_registro","datetime2","","","","NO","9"
"regulatorio","rango_mora","id_rango_mora","bigint","","19","0","NO","1"
"regulatorio","rango_mora","id_version_regla","int","","10","0","NO","2"
"regulatorio","rango_mora","codigo_rango","nvarchar","30","","","NO","3"
"regulatorio","rango_mora","dias_desde","int","","10","0","NO","4"
"regulatorio","rango_mora","dias_hasta","int","","10","0","YES","5"
"regulatorio","rango_mora","orden_rango","int","","10","0","NO","6"
"regulatorio","rango_mora","es_vencido","bit","","","","NO","7"
"regulatorio","regla_clasificacion","id_regla_clasificacion","bigint","","19","0","NO","1"
"regulatorio","regla_clasificacion","id_version_regla","int","","10","0","NO","2"
"regulatorio","regla_clasificacion","tipo_agrupacion","tinyint","","3","0","YES","3"
"regulatorio","regla_clasificacion","dias_mora_desde","int","","10","0","NO","4"
"regulatorio","regla_clasificacion","dias_mora_hasta","int","","10","0","YES","5"
"regulatorio","regla_clasificacion","categoria","nvarchar","5","","","NO","6"
"regulatorio","regla_clasificacion","clasificacion_credito","nvarchar","20","","","NO","7"
"regulatorio","regla_clasificacion","reconocimiento_ingreso","bit","","","","NO","8"
"regulatorio","regla_clasificacion","sanea_intereses","bit","","","","NO","9"
"regulatorio","regla_clasificacion","pasa_a_vencido","bit","","","","NO","10"
"regulatorio","regla_clasificacion","pasa_a_cobro_judicial","bit","","","","NO","11"
"regulatorio","regla_clasificacion","observacion","nvarchar","250","","","YES","12"
"regulatorio","regla_provision","id_regla_provision","bigint","","19","0","NO","1"
"regulatorio","regla_provision","id_version_regla","int","","10","0","NO","2"
"regulatorio","regla_provision","tipo_agrupacion","tinyint","","3","0","YES","3"
"regulatorio","regla_provision","categoria","nvarchar","5","","","NO","4"
"regulatorio","regla_provision","estado_operativo","nvarchar","5","","","YES","5"
"regulatorio","regla_provision","porcentaje_provision","decimal","","12","6","NO","6"
"regulatorio","regla_provision","permite_reversion","bit","","","","NO","7"
"regulatorio","regla_provision","observacion","nvarchar","250","","","YES","8"
"regulatorio","version_regla","id_version_regla","int","","10","0","NO","1"
"regulatorio","version_regla","codigo_version","nvarchar","50","","","NO","2"
"regulatorio","version_regla","descripcion","nvarchar","250","","","NO","3"
"regulatorio","version_regla","fecha_vigencia_desde","date","","","","NO","4"
"regulatorio","version_regla","fecha_vigencia_hasta","date","","","","YES","5"
"regulatorio","version_regla","es_activa","bit","","","","NO","6"
"regulatorio","version_regla","creada_por","nvarchar","100","","","NO","7"
"regulatorio","version_regla","fecha_creacion","datetime2","","","","NO","8"
"reportes","vw_alertas_cumplimiento","id_alerta_cumplimiento","bigint","","19","0","NO","1"
"reportes","vw_alertas_cumplimiento","nombres_razon_social","nvarchar","250","","","NO","2"
"reportes","vw_alertas_cumplimiento","numero_identificacion","nvarchar","50","","","NO","3"
"reportes","vw_alertas_cumplimiento","codigo_alerta","nvarchar","30","","","NO","4"
"reportes","vw_alertas_cumplimiento","nombre_alerta","nvarchar","200","","","NO","5"
"reportes","vw_alertas_cumplimiento","nivel_riesgo","nvarchar","20","","","NO","6"
"reportes","vw_alertas_cumplimiento","modulo_origen","nvarchar","50","","","NO","7"
"reportes","vw_alertas_cumplimiento","id_referencia","bigint","","19","0","YES","8"
"reportes","vw_alertas_cumplimiento","fecha_alerta","datetime2","","","","NO","9"
"reportes","vw_alertas_cumplimiento","estado_alerta","nvarchar","30","","","NO","10"
"reportes","vw_alertas_cumplimiento","detalle_alerta","nvarchar","1000","","","YES","11"
"reportes","vw_alertas_cumplimiento","usuario_registro","nvarchar","100","","","YES","12"
"reportes","vw_anulaciones_y_reversiones","origen","nvarchar","50","","","NO","1"
"reportes","vw_anulaciones_y_reversiones","id_referencia","bigint","","19","0","NO","2"
"reportes","vw_anulaciones_y_reversiones","numero_credito","nvarchar","50","","","YES","3"
"reportes","vw_anulaciones_y_reversiones","nom_cliente","nvarchar","250","","","YES","4"
"reportes","vw_anulaciones_y_reversiones","fecha_origen","datetime2","","","","YES","5"
"reportes","vw_anulaciones_y_reversiones","fecha_evento","datetime2","","","","YES","6"
"reportes","vw_anulaciones_y_reversiones","usuario_evento","nvarchar","100","","","YES","7"
"reportes","vw_anulaciones_y_reversiones","motivo","nvarchar","1000","","","YES","8"
"reportes","vw_anulaciones_y_reversiones","estado","nvarchar","50","","","NO","9"
"reportes","vw_bancos_conciliaciones","id_conciliacion_bancaria","bigint","","19","0","NO","1"
"reportes","vw_bancos_conciliaciones","id_cuenta_bancaria","bigint","","19","0","NO","2"
"reportes","vw_bancos_conciliaciones","codigo_cuenta_bancaria","nvarchar","50","","","NO","3"
"reportes","vw_bancos_conciliaciones","nombre_cuenta_bancaria","nvarchar","150","","","NO","4"
"reportes","vw_bancos_conciliaciones","nombre_banco","nvarchar","150","","","NO","5"
"reportes","vw_bancos_conciliaciones","id_empresa","bigint","","19","0","NO","6"
"reportes","vw_bancos_conciliaciones","nombre_empresa","nvarchar","200","","","NO","7"
"reportes","vw_bancos_conciliaciones","razon_social","nvarchar","200","","","NO","8"
"reportes","vw_bancos_conciliaciones","id_sucursal","bigint","","19","0","YES","9"
"reportes","vw_bancos_conciliaciones","codigo_sucursal","nvarchar","20","","","YES","10"
"reportes","vw_bancos_conciliaciones","nombre_sucursal","nvarchar","150","","","YES","11"
"reportes","vw_bancos_conciliaciones","fecha_desde","date","","","","NO","12"
"reportes","vw_bancos_conciliaciones","fecha_hasta","date","","","","NO","13"
"reportes","vw_bancos_conciliaciones","fecha_conciliacion","datetime2","","","","NO","14"
"reportes","vw_bancos_conciliaciones","saldo_estado_cuenta","decimal","","18","2","NO","15"
"reportes","vw_bancos_conciliaciones","saldo_libro","decimal","","18","2","NO","16"
"reportes","vw_bancos_conciliaciones","diferencia_conciliacion","decimal","","18","2","NO","17"
"reportes","vw_bancos_conciliaciones","codigo_estado_conciliacion","nvarchar","30","","","NO","18"
"reportes","vw_bancos_conciliaciones","nombre_estado_conciliacion","nvarchar","100","","","NO","19"
"reportes","vw_bancos_conciliaciones","descripcion","nvarchar","500","","","YES","20"
"reportes","vw_bancos_conciliaciones","total_movimientos_conciliados","int","","10","0","YES","21"
"reportes","vw_bancos_conciliaciones","usuario_creacion","nvarchar","100","","","NO","22"
"reportes","vw_bancos_conciliaciones","fecha_creacion","datetime2","","","","NO","23"
"reportes","vw_bancos_conciliaciones","usuario_modificacion","nvarchar","100","","","YES","24"
"reportes","vw_bancos_conciliaciones","fecha_modificacion","datetime2","","","","YES","25"
"reportes","vw_bancos_cuentas","id_cuenta_bancaria","bigint","","19","0","NO","1"
"reportes","vw_bancos_cuentas","id_empresa","bigint","","19","0","NO","2"
"reportes","vw_bancos_cuentas","nombre_empresa","nvarchar","200","","","NO","3"
"reportes","vw_bancos_cuentas","razon_social","nvarchar","200","","","NO","4"
"reportes","vw_bancos_cuentas","id_sucursal","bigint","","19","0","YES","5"
"reportes","vw_bancos_cuentas","codigo_sucursal","nvarchar","20","","","YES","6"
"reportes","vw_bancos_cuentas","nombre_sucursal","nvarchar","150","","","YES","7"
"reportes","vw_bancos_cuentas","id_banco","bigint","","19","0","NO","8"
"reportes","vw_bancos_cuentas","codigo_banco","nvarchar","30","","","NO","9"
"reportes","vw_bancos_cuentas","nombre_banco","nvarchar","150","","","NO","10"
"reportes","vw_bancos_cuentas","codigo_cuenta_bancaria","nvarchar","50","","","NO","11"
"reportes","vw_bancos_cuentas","nombre_cuenta_bancaria","nvarchar","150","","","NO","12"
"reportes","vw_bancos_cuentas","numero_cuenta_bancaria","nvarchar","80","","","NO","13"
"reportes","vw_bancos_cuentas","tipo_cuenta_bancaria","nvarchar","30","","","NO","14"
"reportes","vw_bancos_cuentas","moneda","nvarchar","10","","","NO","15"
"reportes","vw_bancos_cuentas","codigo_cuenta_contable","nvarchar","20","","","NO","16"
"reportes","vw_bancos_cuentas","nombre_cuenta_contable","nvarchar","250","","","NO","17"
"reportes","vw_bancos_cuentas","saldo_inicial","decimal","","18","2","NO","18"
"reportes","vw_bancos_cuentas","total_movimientos","int","","10","0","NO","19"
"reportes","vw_bancos_cuentas","total_ingresos","decimal","","38","2","NO","20"
"reportes","vw_bancos_cuentas","total_egresos","decimal","","38","2","NO","21"
"reportes","vw_bancos_cuentas","saldo_actual","decimal","","38","2","YES","22"
"reportes","vw_bancos_cuentas","total_pendientes_conciliacion","int","","10","0","NO","23"
"reportes","vw_bancos_cuentas","fecha_ultimo_movimiento","datetime2","","","","YES","24"
"reportes","vw_bancos_cuentas","fecha_apertura","date","","","","NO","25"
"reportes","vw_bancos_cuentas","observacion","nvarchar","500","","","YES","26"
"reportes","vw_bancos_cuentas","activo","bit","","","","NO","27"
"reportes","vw_bancos_cuentas","usuario_creacion","nvarchar","100","","","NO","28"
"reportes","vw_bancos_cuentas","fecha_creacion","datetime2","","","","NO","29"
"reportes","vw_bancos_cuentas","usuario_modificacion","nvarchar","100","","","YES","30"
"reportes","vw_bancos_cuentas","fecha_modificacion","datetime2","","","","YES","31"
"reportes","vw_bancos_dashboard_resumen","total_cuentas_activas","int","","10","0","NO","1"
"reportes","vw_bancos_dashboard_resumen","total_movimientos","int","","10","0","NO","2"
"reportes","vw_bancos_dashboard_resumen","total_movimientos_mes_actual","int","","10","0","NO","3"
"reportes","vw_bancos_dashboard_resumen","total_transferencias","int","","10","0","NO","4"
"reportes","vw_bancos_dashboard_resumen","total_transferencias_mes_actual","int","","10","0","NO","5"
"reportes","vw_bancos_dashboard_resumen","total_depositos_caja","int","","10","0","NO","6"
"reportes","vw_bancos_dashboard_resumen","total_depositos_caja_mes_actual","int","","10","0","NO","7"
"reportes","vw_bancos_dashboard_resumen","total_conciliaciones","int","","10","0","NO","8"
"reportes","vw_bancos_dashboard_resumen","total_conciliaciones_mes_actual","int","","10","0","NO","9"
"reportes","vw_bancos_dashboard_resumen","saldo_total_nio","decimal","","38","2","NO","10"
"reportes","vw_bancos_dashboard_resumen","saldo_total_usd","decimal","","38","2","NO","11"
"reportes","vw_bancos_dashboard_resumen","total_pendientes_conciliacion","int","","10","0","NO","12"
"reportes","vw_bancos_dashboard_resumen","fecha_ultimo_movimiento","datetime2","","","","YES","13"
"reportes","vw_bancos_depositos_caja","id_movimiento_bancario","bigint","","19","0","NO","1"
"reportes","vw_bancos_depositos_caja","id_cuenta_bancaria","bigint","","19","0","NO","2"
"reportes","vw_bancos_depositos_caja","codigo_cuenta_bancaria","nvarchar","50","","","NO","3"
"reportes","vw_bancos_depositos_caja","nombre_cuenta_bancaria","nvarchar","150","","","NO","4"
"reportes","vw_bancos_depositos_caja","nombre_banco","nvarchar","150","","","NO","5"
"reportes","vw_bancos_depositos_caja","fecha_movimiento","datetime2","","","","NO","6"
"reportes","vw_bancos_depositos_caja","codigo_moneda","nvarchar","10","","","NO","7"
"reportes","vw_bancos_depositos_caja","monto_movimiento","decimal","","18","2","NO","8"
"reportes","vw_bancos_depositos_caja","numero_referencia_bancaria","nvarchar","100","","","YES","9"
"reportes","vw_bancos_depositos_caja","documento_bancario","nvarchar","100","","","YES","10"
"reportes","vw_bancos_depositos_caja","descripcion","nvarchar","500","","","YES","11"
"reportes","vw_bancos_depositos_caja","id_movimiento_caja","bigint","","19","0","YES","12"
"reportes","vw_bancos_depositos_caja","id_sesion_caja","bigint","","19","0","YES","13"
"reportes","vw_bancos_depositos_caja","fecha_operacion","date","","","","YES","14"
"reportes","vw_bancos_depositos_caja","sucursal","nvarchar","50","","","YES","15"
"reportes","vw_bancos_depositos_caja","usuario_cajero","nvarchar","100","","","YES","16"
"reportes","vw_bancos_depositos_caja","tipo_movimiento_caja","nvarchar","30","","","YES","17"
"reportes","vw_bancos_depositos_caja","estado_movimiento_caja","nvarchar","20","","","YES","18"
"reportes","vw_bancos_depositos_caja","id_asiento","bigint","","19","0","YES","19"
"reportes","vw_bancos_depositos_caja","tipo_asiento","nvarchar","50","","","YES","20"
"reportes","vw_bancos_depositos_caja","estado_asiento","nvarchar","20","","","YES","21"
"reportes","vw_bancos_depositos_caja","esta_conciliado","bit","","","","YES","22"
"reportes","vw_bancos_flujo_caja","fecha_operacion","datetime2","","","","NO","1"
"reportes","vw_bancos_flujo_caja","id_empresa","bigint","","19","0","YES","2"
"reportes","vw_bancos_flujo_caja","nombre_empresa","nvarchar","200","","","YES","3"
"reportes","vw_bancos_flujo_caja","id_sucursal","bigint","","19","0","YES","4"
"reportes","vw_bancos_flujo_caja","codigo_sucursal","nvarchar","20","","","YES","5"
"reportes","vw_bancos_flujo_caja","nombre_sucursal","nvarchar","150","","","YES","6"
"reportes","vw_bancos_flujo_caja","fuente_flujo","nvarchar","5","","","NO","7"
"reportes","vw_bancos_flujo_caja","origen_operativo","nvarchar","40","","","NO","8"
"reportes","vw_bancos_flujo_caja","tipo_documento_origen","nvarchar","40","","","YES","9"
"reportes","vw_bancos_flujo_caja","id_documento_origen","bigint","","19","0","YES","10"
"reportes","vw_bancos_flujo_caja","codigo_moneda","nvarchar","10","","","NO","11"
"reportes","vw_bancos_flujo_caja","monto_entrada","decimal","","18","2","NO","12"
"reportes","vw_bancos_flujo_caja","monto_salida","decimal","","18","2","NO","13"
"reportes","vw_bancos_flujo_caja","saldo_neto","decimal","","18","2","YES","14"
"reportes","vw_bancos_flujo_caja","referencia_operativa","nvarchar","203","","","YES","15"
"reportes","vw_bancos_flujo_caja","descripcion","nvarchar","500","","","YES","16"
"reportes","vw_bancos_libro","id_movimiento_bancario","bigint","","19","0","NO","1"
"reportes","vw_bancos_libro","id_cuenta_bancaria","bigint","","19","0","NO","2"
"reportes","vw_bancos_libro","id_empresa","bigint","","19","0","NO","3"
"reportes","vw_bancos_libro","nombre_empresa","nvarchar","200","","","NO","4"
"reportes","vw_bancos_libro","razon_social","nvarchar","200","","","NO","5"
"reportes","vw_bancos_libro","id_sucursal","bigint","","19","0","YES","6"
"reportes","vw_bancos_libro","codigo_sucursal","nvarchar","20","","","YES","7"
"reportes","vw_bancos_libro","nombre_sucursal","nvarchar","150","","","YES","8"
"reportes","vw_bancos_libro","codigo_cuenta_bancaria","nvarchar","50","","","NO","9"
"reportes","vw_bancos_libro","nombre_cuenta_bancaria","nvarchar","150","","","NO","10"
"reportes","vw_bancos_libro","numero_cuenta_bancaria","nvarchar","80","","","NO","11"
"reportes","vw_bancos_libro","tipo_cuenta_bancaria","nvarchar","30","","","NO","12"
"reportes","vw_bancos_libro","nombre_banco","nvarchar","150","","","NO","13"
"reportes","vw_bancos_libro","fecha_movimiento","datetime2","","","","NO","14"
"reportes","vw_bancos_libro","fecha_valor","datetime2","","","","YES","15"
"reportes","vw_bancos_libro","codigo_tipo_movimiento_bancario","nvarchar","40","","","NO","16"
"reportes","vw_bancos_libro","nombre_tipo_movimiento","nvarchar","120","","","NO","17"
"reportes","vw_bancos_libro","naturaleza_movimiento","nvarchar","10","","","NO","18"
"reportes","vw_bancos_libro","origen_movimiento","nvarchar","40","","","NO","19"
"reportes","vw_bancos_libro","tipo_documento_origen","nvarchar","40","","","YES","20"
"reportes","vw_bancos_libro","id_documento_origen","bigint","","19","0","YES","21"
"reportes","vw_bancos_libro","numero_referencia_bancaria","nvarchar","100","","","YES","22"
"reportes","vw_bancos_libro","numero_cheque","nvarchar","50","","","YES","23"
"reportes","vw_bancos_libro","documento_bancario","nvarchar","100","","","YES","24"
"reportes","vw_bancos_libro","codigo_moneda","nvarchar","10","","","NO","25"
"reportes","vw_bancos_libro","monto_movimiento","decimal","","18","2","NO","26"
"reportes","vw_bancos_libro","monto_ingreso","decimal","","18","2","NO","27"
"reportes","vw_bancos_libro","monto_egreso","decimal","","18","2","NO","28"
"reportes","vw_bancos_libro","monto_neto","decimal","","18","2","YES","29"
"reportes","vw_bancos_libro","saldo_inicial","decimal","","18","2","NO","30"
"reportes","vw_bancos_libro","saldo_anterior","decimal","","38","2","YES","31"
"reportes","vw_bancos_libro","saldo_posterior","decimal","","38","2","YES","32"
"reportes","vw_bancos_libro","descripcion","nvarchar","500","","","YES","33"
"reportes","vw_bancos_libro","id_asiento","bigint","","19","0","YES","34"
"reportes","vw_bancos_movimientos","id_movimiento_bancario","bigint","","19","0","NO","1"
"reportes","vw_bancos_movimientos","id_cuenta_bancaria","bigint","","19","0","NO","2"
"reportes","vw_bancos_movimientos","codigo_cuenta_bancaria","nvarchar","50","","","NO","3"
"reportes","vw_bancos_movimientos","nombre_cuenta_bancaria","nvarchar","150","","","NO","4"
"reportes","vw_bancos_movimientos","numero_cuenta_bancaria","nvarchar","80","","","NO","5"
"reportes","vw_bancos_movimientos","tipo_cuenta_bancaria","nvarchar","30","","","NO","6"
"reportes","vw_bancos_movimientos","id_empresa","bigint","","19","0","NO","7"
"reportes","vw_bancos_movimientos","nombre_empresa","nvarchar","200","","","NO","8"
"reportes","vw_bancos_movimientos","razon_social","nvarchar","200","","","NO","9"
"reportes","vw_bancos_movimientos","id_sucursal","bigint","","19","0","YES","10"
"reportes","vw_bancos_movimientos","codigo_sucursal","nvarchar","20","","","YES","11"
"reportes","vw_bancos_movimientos","nombre_sucursal","nvarchar","150","","","YES","12"
"reportes","vw_bancos_movimientos","id_banco","bigint","","19","0","NO","13"
"reportes","vw_bancos_movimientos","codigo_banco","nvarchar","30","","","NO","14"
"reportes","vw_bancos_movimientos","nombre_banco","nvarchar","150","","","NO","15"
"reportes","vw_bancos_movimientos","moneda_cuenta","nvarchar","10","","","NO","16"
"reportes","vw_bancos_movimientos","codigo_cuenta_contable","nvarchar","20","","","NO","17"
"reportes","vw_bancos_movimientos","nombre_cuenta_contable","nvarchar","250","","","NO","18"
"reportes","vw_bancos_movimientos","fecha_movimiento","datetime2","","","","NO","19"
"reportes","vw_bancos_movimientos","fecha_valor","datetime2","","","","YES","20"
"reportes","vw_bancos_movimientos","codigo_tipo_movimiento_bancario","nvarchar","40","","","NO","21"
"reportes","vw_bancos_movimientos","nombre_tipo_movimiento","nvarchar","120","","","NO","22"
"reportes","vw_bancos_movimientos","origen_operativo","nvarchar","30","","","NO","23"
"reportes","vw_bancos_movimientos","naturaleza_movimiento","nvarchar","10","","","NO","24"
"reportes","vw_bancos_movimientos","origen_movimiento","nvarchar","40","","","NO","25"
"reportes","vw_bancos_movimientos","tipo_documento_origen","nvarchar","40","","","YES","26"
"reportes","vw_bancos_movimientos","id_documento_origen","bigint","","19","0","YES","27"
"reportes","vw_bancos_movimientos","id_movimiento_caja","bigint","","19","0","YES","28"
"reportes","vw_bancos_movimientos","id_sesion_caja","bigint","","19","0","YES","29"
"reportes","vw_bancos_movimientos","sucursal_caja","nvarchar","50","","","YES","30"
"reportes","vw_bancos_movimientos","id_transferencia_bancaria","bigint","","19","0","YES","31"
"reportes","vw_bancos_movimientos","numero_referencia_bancaria","nvarchar","100","","","YES","32"
"reportes","vw_bancos_movimientos","numero_cheque","nvarchar","50","","","YES","33"
"reportes","vw_bancos_movimientos","documento_bancario","nvarchar","100","","","YES","34"
"reportes","vw_bancos_movimientos","codigo_moneda","nvarchar","10","","","NO","35"
"reportes","vw_bancos_movimientos","tipo_cambio","decimal","","18","6","NO","36"
"reportes","vw_bancos_movimientos","monto_movimiento","decimal","","18","2","NO","37"
"reportes","vw_bancos_movimientos","monto_ingreso","decimal","","18","2","NO","38"
"reportes","vw_bancos_movimientos","monto_egreso","decimal","","18","2","NO","39"
"reportes","vw_bancos_movimientos","monto_neto","decimal","","18","2","YES","40"
"reportes","vw_bancos_movimientos","codigo_cuenta_contrapartida","nvarchar","20","","","YES","41"
"reportes","vw_bancos_movimientos","nombre_cuenta_contrapartida","nvarchar","250","","","YES","42"
"reportes","vw_bancos_movimientos","descripcion","nvarchar","500","","","YES","43"
"reportes","vw_bancos_movimientos","estado_movimiento","nvarchar","20","","","NO","44"
"reportes","vw_bancos_movimientos","id_asiento","bigint","","19","0","YES","45"
"reportes","vw_bancos_movimientos","tipo_asiento","nvarchar","50","","","YES","46"
"reportes","vw_bancos_movimientos","estado_asiento","nvarchar","20","","","YES","47"
"reportes","vw_bancos_movimientos","id_periodo_contable","bigint","","19","0","YES","48"
"reportes","vw_bancos_movimientos","codigo_periodo","nvarchar","20","","","YES","49"
"reportes","vw_bancos_movimientos","nombre_periodo","nvarchar","120","","","YES","50"
"reportes","vw_bancos_movimientos","anulado","bit","","","","NO","51"
"reportes","vw_bancos_movimientos","fecha_anulacion","datetime2","","","","YES","52"
"reportes","vw_bancos_movimientos","usuario_anulacion","nvarchar","100","","","YES","53"
"reportes","vw_bancos_movimientos","esta_conciliado","bit","","","","YES","54"
"reportes","vw_bancos_movimientos","id_conciliacion_bancaria","bigint","","19","0","YES","55"
"reportes","vw_bancos_movimientos","fecha_conciliacion","datetime2","","","","YES","56"
"reportes","vw_bancos_movimientos","codigo_estado_conciliacion","nvarchar","30","","","YES","57"
"reportes","vw_bancos_movimientos","usuario_creacion","nvarchar","100","","","NO","58"
"reportes","vw_bancos_movimientos","fecha_creacion","datetime2","","","","NO","59"
"reportes","vw_bancos_movimientos","usuario_modificacion","nvarchar","100","","","YES","60"
"reportes","vw_bancos_movimientos","fecha_modificacion","datetime2","","","","YES","61"
"reportes","vw_bancos_resumen_origenes","origen_movimiento","nvarchar","40","","","NO","1"
"reportes","vw_bancos_resumen_origenes","codigo_tipo_movimiento_bancario","nvarchar","40","","","NO","2"
"reportes","vw_bancos_resumen_origenes","nombre_tipo_movimiento","nvarchar","120","","","NO","3"
"reportes","vw_bancos_resumen_origenes","codigo_moneda","nvarchar","10","","","NO","4"
"reportes","vw_bancos_resumen_origenes","total_movimientos","int","","10","0","YES","5"
"reportes","vw_bancos_resumen_origenes","total_asientos","int","","10","0","YES","6"
"reportes","vw_bancos_resumen_origenes","total_ingresos","decimal","","38","2","YES","7"
"reportes","vw_bancos_resumen_origenes","total_egresos","decimal","","38","2","YES","8"
"reportes","vw_bancos_resumen_origenes","saldo_neto","decimal","","38","2","YES","9"
"reportes","vw_bancos_transferencias","id_transferencia_bancaria","bigint","","19","0","NO","1"
"reportes","vw_bancos_transferencias","id_empresa","bigint","","19","0","NO","2"
"reportes","vw_bancos_transferencias","nombre_empresa","nvarchar","200","","","NO","3"
"reportes","vw_bancos_transferencias","razon_social","nvarchar","200","","","NO","4"
"reportes","vw_bancos_transferencias","id_sucursal","bigint","","19","0","YES","5"
"reportes","vw_bancos_transferencias","codigo_sucursal","nvarchar","20","","","YES","6"
"reportes","vw_bancos_transferencias","nombre_sucursal","nvarchar","150","","","YES","7"
"reportes","vw_bancos_transferencias","fecha_transferencia","datetime2","","","","NO","8"
"reportes","vw_bancos_transferencias","id_cuenta_bancaria_origen","bigint","","19","0","NO","9"
"reportes","vw_bancos_transferencias","codigo_cuenta_origen","nvarchar","50","","","NO","10"
"reportes","vw_bancos_transferencias","nombre_cuenta_origen","nvarchar","150","","","NO","11"
"reportes","vw_bancos_transferencias","nombre_banco_origen","nvarchar","150","","","NO","12"
"reportes","vw_bancos_transferencias","id_cuenta_bancaria_destino","bigint","","19","0","NO","13"
"reportes","vw_bancos_transferencias","codigo_cuenta_destino","nvarchar","50","","","NO","14"
"reportes","vw_bancos_transferencias","nombre_cuenta_destino","nvarchar","150","","","NO","15"
"reportes","vw_bancos_transferencias","nombre_banco_destino","nvarchar","150","","","NO","16"
"reportes","vw_bancos_transferencias","monto_transferencia","decimal","","18","2","NO","17"
"reportes","vw_bancos_transferencias","moneda","nvarchar","10","","","NO","18"
"reportes","vw_bancos_transferencias","tipo_cambio","decimal","","18","6","NO","19"
"reportes","vw_bancos_transferencias","numero_referencia_bancaria","nvarchar","100","","","YES","20"
"reportes","vw_bancos_transferencias","documento_bancario","nvarchar","100","","","YES","21"
"reportes","vw_bancos_transferencias","descripcion","nvarchar","500","","","YES","22"
"reportes","vw_bancos_transferencias","estado_transferencia","nvarchar","20","","","NO","23"
"reportes","vw_bancos_transferencias","id_movimiento_bancario_salida","bigint","","19","0","YES","24"
"reportes","vw_bancos_transferencias","id_movimiento_bancario_entrada","bigint","","19","0","YES","25"
"reportes","vw_bancos_transferencias","id_asiento","bigint","","19","0","YES","26"
"reportes","vw_bancos_transferencias","tipo_asiento","nvarchar","50","","","YES","27"
"reportes","vw_bancos_transferencias","estado_asiento","nvarchar","20","","","YES","28"
"reportes","vw_bancos_transferencias","anulado","bit","","","","NO","29"
"reportes","vw_bancos_transferencias","fecha_anulacion","datetime2","","","","YES","30"
"reportes","vw_bancos_transferencias","usuario_anulacion","nvarchar","100","","","YES","31"
"reportes","vw_bancos_transferencias","usuario_creacion","nvarchar","100","","","NO","32"
"reportes","vw_bancos_transferencias","fecha_creacion","datetime2","","","","NO","33"
"reportes","vw_bancos_transferencias","usuario_modificacion","nvarchar","100","","","YES","34"
"reportes","vw_bancos_transferencias","fecha_modificacion","datetime2","","","","YES","35"
"reportes","vw_bitacora_dispensas_credito","id_bitacora_dispensa_credito","bigint","","19","0","NO","1"
"reportes","vw_bitacora_dispensas_credito","id_solicitud_dispensa_credito","bigint","","19","0","NO","2"
"reportes","vw_bitacora_dispensas_credito","tipo_evento","nvarchar","50","","","NO","3"
"reportes","vw_bitacora_dispensas_credito","detalle_evento","nvarchar","1000","","","YES","4"
"reportes","vw_bitacora_dispensas_credito","usuario_evento","nvarchar","100","","","NO","5"
"reportes","vw_bitacora_dispensas_credito","fecha_evento","datetime2","","","","NO","6"
"reportes","vw_cartera_por_estado","estado_operativo","nvarchar","5","","","NO","1"
"reportes","vw_cartera_por_estado","total_creditos","int","","10","0","YES","2"
"reportes","vw_cartera_por_estado","saldo_capital","decimal","","38","2","YES","3"
"reportes","vw_cartera_por_estado","interes_pendiente","decimal","","38","2","YES","4"
"reportes","vw_cartera_por_estado","mora_total","decimal","","38","2","YES","5"
"reportes","vw_cartera_por_moneda","moneda","nvarchar","10","","","NO","1"
"reportes","vw_cartera_por_moneda","total_creditos","int","","10","0","YES","2"
"reportes","vw_cartera_por_moneda","monto_aprobado_total","decimal","","38","2","YES","3"
"reportes","vw_cartera_por_moneda","saldo_capital_total","decimal","","38","2","YES","4"
"reportes","vw_cartera_por_moneda","mora_total","decimal","","38","2","YES","5"
"reportes","vw_cartera_regulatoria_ultimo_cierre","id_cierre_credito","bigint","","19","0","NO","1"
"reportes","vw_cartera_regulatoria_ultimo_cierre","id_lote_cierre","bigint","","19","0","NO","2"
"reportes","vw_cartera_regulatoria_ultimo_cierre","fecha_cierre","date","","","","NO","3"
"reportes","vw_cartera_regulatoria_ultimo_cierre","tipo_cierre","nvarchar","20","","","NO","4"
"reportes","vw_cartera_regulatoria_ultimo_cierre","cedula_id_cliente_ofic_ciclo","nvarchar","100","","","NO","5"
"reportes","vw_cartera_regulatoria_ultimo_cierre","cedula_id_cliente","nvarchar","50","","","YES","6"
"reportes","vw_cartera_regulatoria_ultimo_cierre","nom_cliente","nvarchar","250","","","YES","7"
"reportes","vw_cartera_regulatoria_ultimo_cierre","tipo_agrupacion","tinyint","","3","0","NO","8"
"reportes","vw_cartera_regulatoria_ultimo_cierre","garantia","nvarchar","50","","","YES","9"
"reportes","vw_cartera_regulatoria_ultimo_cierre","oficina","nvarchar","20","","","YES","10"
"reportes","vw_cartera_regulatoria_ultimo_cierre","fecha_desembolso","date","","","","YES","11"
"reportes","vw_cartera_regulatoria_ultimo_cierre","fecha_vencimiento","date","","","","YES","12"
"reportes","vw_cartera_regulatoria_ultimo_cierre","fecha_saneamiento","date","","","","YES","13"
"reportes","vw_cartera_regulatoria_ultimo_cierre","estado_operativo_origen","nvarchar","5","","","YES","14"
"reportes","vw_cartera_regulatoria_ultimo_cierre","estado_operativo_final","nvarchar","5","","","YES","15"
"reportes","vw_cartera_regulatoria_ultimo_cierre","categoria","nvarchar","5","","","YES","16"
"reportes","vw_cartera_regulatoria_ultimo_cierre","clasificacion_credito","nvarchar","20","","","YES","17"
"reportes","vw_cartera_regulatoria_ultimo_cierre","porcentaje_provision","decimal","","12","6","NO","18"
"reportes","vw_cartera_regulatoria_ultimo_cierre","monto_provision","decimal","","18","2","NO","19"
"reportes","vw_cartera_regulatoria_ultimo_cierre","monto_provision_anterior","decimal","","18","2","NO","20"
"reportes","vw_cartera_regulatoria_ultimo_cierre","saldo_capital","decimal","","18","2","NO","21"
"reportes","vw_cartera_regulatoria_ultimo_cierre","saldo_total","decimal","","18","2","NO","22"
"reportes","vw_cartera_regulatoria_ultimo_cierre","monto_en_mora","decimal","","18","2","NO","23"
"reportes","vw_cartera_regulatoria_ultimo_cierre","cuotas_vencidas","int","","10","0","NO","24"
"reportes","vw_cartera_regulatoria_ultimo_cierre","dias_mora","int","","10","0","NO","25"
"reportes","vw_cartera_regulatoria_ultimo_cierre","reconocimiento_ingreso","bit","","","","NO","26"
"reportes","vw_cartera_regulatoria_ultimo_cierre","sanea_intereses","bit","","","","NO","27"
"reportes","vw_cartera_regulatoria_ultimo_cierre","interes_por_cobrar","decimal","","18","2","NO","28"
"reportes","vw_cartera_regulatoria_ultimo_cierre","comision_por_cobrar","decimal","","18","2","NO","29"
"reportes","vw_cartera_regulatoria_ultimo_cierre","mto_por_vencer_030","decimal","","18","2","NO","30"
"reportes","vw_cartera_regulatoria_ultimo_cierre","mto_por_vencer_060","decimal","","18","2","NO","31"
"reportes","vw_cartera_regulatoria_ultimo_cierre","mto_por_vencer_090","decimal","","18","2","NO","32"
"reportes","vw_cartera_regulatoria_ultimo_cierre","mto_por_vencer_120","decimal","","18","2","NO","33"
"reportes","vw_cartera_regulatoria_ultimo_cierre","mto_por_vencer_180","decimal","","18","2","NO","34"
"reportes","vw_cartera_regulatoria_ultimo_cierre","mto_por_vencer_360","decimal","","18","2","NO","35"
"reportes","vw_cartera_regulatoria_ultimo_cierre","mto_por_vencer_mas_360","decimal","","18","2","NO","36"
"reportes","vw_cartera_regulatoria_ultimo_cierre","mto_vencido_015","decimal","","18","2","NO","37"
"reportes","vw_cartera_regulatoria_ultimo_cierre","mto_vencido_030","decimal","","18","2","NO","38"
"reportes","vw_cartera_regulatoria_ultimo_cierre","mto_vencido_060","decimal","","18","2","NO","39"
"reportes","vw_cartera_regulatoria_ultimo_cierre","mto_vencido_090","decimal","","18","2","NO","40"
"reportes","vw_cartera_regulatoria_ultimo_cierre","mto_vencido_120","decimal","","18","2","NO","41"
"reportes","vw_cartera_regulatoria_ultimo_cierre","mto_vencido_180","decimal","","18","2","NO","42"
"reportes","vw_cartera_regulatoria_ultimo_cierre","mto_vencido_360","decimal","","18","2","NO","43"
"reportes","vw_cartera_regulatoria_ultimo_cierre","mto_vencido_mas_360","decimal","","18","2","NO","44"
"reportes","vw_cartera_regulatoria_ultimo_cierre","cta_capital","nvarchar","20","","","YES","45"
"reportes","vw_cartera_regulatoria_ultimo_cierre","cta_interes","nvarchar","20","","","YES","46"
"reportes","vw_cartera_regulatoria_ultimo_cierre","cta_provision","nvarchar","20","","","YES","47"
"reportes","vw_cartera_regulatoria_ultimo_cierre","cta_ingreso_financiero","nvarchar","20","","","YES","48"
"reportes","vw_cartera_regulatoria_ultimo_cierre","cta_gasto_provision","nvarchar","20","","","YES","49"
"reportes","vw_cartera_regulatoria_ultimo_cierre","cta_ingreso_reversion","nvarchar","20","","","YES","50"
"reportes","vw_cartera_regulatoria_ultimo_cierre","cta_gasto_saneamiento","nvarchar","20","","","YES","51"
"reportes","vw_cartera_regulatoria_ultimo_cierre","cta_orden_saneado","nvarchar","20","","","YES","52"
"reportes","vw_cartera_regulatoria_ultimo_cierre","cta_orden_saneado_contra","nvarchar","20","","","YES","53"
"reportes","vw_cartera_regulatoria_ultimo_cierre","cta_documentado","nvarchar","20","","","YES","54"
"reportes","vw_cartera_regulatoria_ultimo_cierre","cta_documentado_contra","nvarchar","20","","","YES","55"
"reportes","vw_cartera_regulatoria_ultimo_cierre","fecha_creacion","datetime2","","","","NO","56"
"reportes","vw_cartera_regulatoria_ultimo_cierre","estado_lote","nvarchar","20","","","NO","57"
"reportes","vw_cartera_regulatoria_ultimo_cierre","total_creditos","int","","10","0","NO","58"
"reportes","vw_cartera_regulatoria_ultimo_cierre","total_saldo","decimal","","18","2","NO","59"
"reportes","vw_cartera_regulatoria_ultimo_cierre","total_provision","decimal","","18","2","NO","60"
"reportes","vw_cartera_regulatoria_ultimo_cierre","usuario_ejecucion","nvarchar","100","","","NO","61"
"reportes","vw_cartera_regulatoria_ultimo_cierre","fecha_inicio","datetime2","","","","NO","62"
"reportes","vw_cartera_regulatoria_ultimo_cierre","fecha_fin","datetime2","","","","YES","63"
"reportes","vw_casos_cumplimiento","id_caso_cumplimiento","bigint","","19","0","NO","1"
"reportes","vw_casos_cumplimiento","nombres_razon_social","nvarchar","250","","","NO","2"
"reportes","vw_casos_cumplimiento","numero_identificacion","nvarchar","50","","","NO","3"
"reportes","vw_casos_cumplimiento","tipo_caso","nvarchar","50","","","NO","4"
"reportes","vw_casos_cumplimiento","estado_caso","nvarchar","30","","","NO","5"
"reportes","vw_casos_cumplimiento","fecha_apertura","datetime2","","","","NO","6"
"reportes","vw_casos_cumplimiento","fecha_cierre","datetime2","","","","YES","7"
"reportes","vw_casos_cumplimiento","usuario_asignado","nvarchar","100","","","YES","8"
"reportes","vw_casos_cumplimiento","usuario_cierre","nvarchar","100","","","YES","9"
"reportes","vw_casos_cumplimiento","conclusiones","nvarchar","2000","","","YES","10"
"reportes","vw_cierre_conami_base","fecha_cierre","date","","","","NO","1"
"reportes","vw_cierre_conami_base","tipo_cierre","nvarchar","20","","","NO","2"
"reportes","vw_cierre_conami_base","cedula_id_cliente_ofic_ciclo","nvarchar","100","","","NO","3"
"reportes","vw_cierre_conami_base","cedula_id_cliente","nvarchar","50","","","YES","4"
"reportes","vw_cierre_conami_base","nom_cliente","nvarchar","250","","","YES","5"
"reportes","vw_cierre_conami_base","tipo_agrupacion","tinyint","","3","0","NO","6"
"reportes","vw_cierre_conami_base","estado_operativo_final","nvarchar","5","","","YES","7"
"reportes","vw_cierre_conami_base","categoria","nvarchar","5","","","YES","8"
"reportes","vw_cierre_conami_base","clasificacion_credito","nvarchar","20","","","YES","9"
"reportes","vw_cierre_conami_base","saldo_capital","decimal","","18","2","NO","10"
"reportes","vw_cierre_conami_base","saldo_total","decimal","","18","2","NO","11"
"reportes","vw_cierre_conami_base","monto_en_mora","decimal","","18","2","NO","12"
"reportes","vw_cierre_conami_base","cuotas_vencidas","int","","10","0","NO","13"
"reportes","vw_cierre_conami_base","dias_mora","int","","10","0","NO","14"
"reportes","vw_cierre_conami_base","porcentaje_provision","decimal","","12","6","NO","15"
"reportes","vw_cierre_conami_base","monto_provision","decimal","","18","2","NO","16"
"reportes","vw_cierre_conami_base","cta_capital","nvarchar","20","","","YES","17"
"reportes","vw_cierre_conami_base","cta_interes","nvarchar","20","","","YES","18"
"reportes","vw_cierre_conami_base","cta_provision","nvarchar","20","","","YES","19"
"reportes","vw_cierre_conami_base","cta_ingreso_financiero","nvarchar","20","","","YES","20"
"reportes","vw_cobranza_bandeja","id_credito","bigint","","19","0","NO","1"
"reportes","vw_cobranza_bandeja","id_cliente","bigint","","19","0","YES","2"
"reportes","vw_cobranza_bandeja","numero_credito","nvarchar","50","","","YES","3"
"reportes","vw_cobranza_bandeja","cedula_cliente","nvarchar","50","","","YES","4"
"reportes","vw_cobranza_bandeja","nom_cliente","nvarchar","250","","","YES","5"
"reportes","vw_cobranza_bandeja","telefono","nvarchar","50","","","YES","6"
"reportes","vw_cobranza_bandeja","correo","nvarchar","150","","","YES","7"
"reportes","vw_cobranza_bandeja","direccion","nvarchar","300","","","YES","8"
"reportes","vw_cobranza_bandeja","moneda","nvarchar","10","","","NO","9"
"reportes","vw_cobranza_bandeja","estado_operativo","nvarchar","5","","","NO","10"
"reportes","vw_cobranza_bandeja","monto_aprobado","decimal","","18","2","NO","11"
"reportes","vw_cobranza_bandeja","saldo_capital","decimal","","18","2","NO","12"
"reportes","vw_cobranza_bandeja","saldo_total_pendiente","decimal","","38","2","NO","13"
"reportes","vw_cobranza_bandeja","monto_total_pagado","decimal","","38","2","NO","14"
"reportes","vw_cobranza_bandeja","monto_total_dispensado","decimal","","38","2","NO","15"
"reportes","vw_cobranza_bandeja","interes_acumulado","decimal","","18","2","NO","16"
"reportes","vw_cobranza_bandeja","comision_acumulada","decimal","","18","2","NO","17"
"reportes","vw_cobranza_bandeja","mora_acumulada","decimal","","18","2","NO","18"
"reportes","vw_cobranza_bandeja","cargos_acumulados","decimal","","18","2","NO","19"
"reportes","vw_cobranza_bandeja","total_vencido","decimal","","38","2","NO","20"
"reportes","vw_cobranza_bandeja","dias_mora","int","","10","0","NO","21"
"reportes","vw_cobranza_bandeja","cuotas_vencidas","int","","10","0","NO","22"
"reportes","vw_cobranza_bandeja","codigo_clasificacion_cobranza","nvarchar","10","","","YES","23"
"reportes","vw_cobranza_bandeja","nombre_clasificacion_cobranza","nvarchar","150","","","YES","24"
"reportes","vw_cobranza_bandeja","orden_clasificacion","int","","10","0","YES","25"
"reportes","vw_cobranza_bandeja","usa_clasificacion_operativa_temporal","bit","","","","YES","26"
"reportes","vw_cobranza_bandeja","codigo_rango_mora_regulatorio","nvarchar","30","","","YES","27"
"reportes","vw_cobranza_bandeja","id_asignacion_cobranza_credito","bigint","","19","0","YES","28"
"reportes","vw_cobranza_bandeja","usuario_responsable_actual","nvarchar","100","","","YES","29"
"reportes","vw_cobranza_bandeja","nombre_responsable_actual","nvarchar","301","","","YES","30"
"reportes","vw_cobranza_bandeja","correo_responsable_actual","nvarchar","150","","","YES","31"
"reportes","vw_cobranza_bandeja","telefono_responsable_actual","nvarchar","50","","","YES","32"
"reportes","vw_cobranza_bandeja","fecha_ultimo_pago","datetime2","","","","YES","33"
"reportes","vw_cobranza_bandeja","monto_ultimo_pago","decimal","","18","2","YES","34"
"reportes","vw_cobranza_bandeja","dias_desde_ultimo_pago","int","","10","0","YES","35"
"reportes","vw_cobranza_bandeja","tiene_pago_reciente","bit","","","","YES","36"
"reportes","vw_cobranza_bandeja","id_ultima_gestion","bigint","","19","0","YES","37"
"reportes","vw_cobranza_bandeja","fecha_ultima_gestion","datetime2","","","","YES","38"
"reportes","vw_cobranza_bandeja","dias_desde_ultima_gestion","int","","10","0","YES","39"
"reportes","vw_cobranza_bandeja","usuario_ultima_gestion","nvarchar","100","","","YES","40"
"reportes","vw_cobranza_bandeja","resultado_ultima_gestion","nvarchar","150","","","YES","41"
"reportes","vw_cobranza_bandeja","comentario_ultima_gestion","nvarchar","2000","","","YES","42"
"reportes","vw_cobranza_bandeja","fecha_proximo_seguimiento","datetime2","","","","YES","43"
"reportes","vw_cobranza_bandeja","es_seguimiento_vencido","bit","","","","YES","44"
"reportes","vw_cobranza_bandeja","es_seguimiento_para_hoy","bit","","","","YES","45"
"reportes","vw_cobranza_bandeja","id_promesa_activa","bigint","","19","0","YES","46"
"reportes","vw_cobranza_bandeja","monto_promesa_activa","decimal","","18","2","YES","47"
"reportes","vw_cobranza_bandeja","fecha_promesa_activa","date","","","","YES","48"
"reportes","vw_cobranza_bandeja","codigo_estado_promesa_activa","nvarchar","50","","","YES","49"
"reportes","vw_cobranza_bandeja","nombre_estado_promesa_activa","nvarchar","150","","","YES","50"
"reportes","vw_cobranza_bandeja","es_promesa_para_hoy","bit","","","","NO","51"
"reportes","vw_cobranza_bandeja","es_promesa_por_vencer","bit","","","","NO","52"
"reportes","vw_cobranza_bandeja","es_promesa_vencida","bit","","","","NO","53"
"reportes","vw_cobranza_bandeja","codigo_alerta_operativa","nvarchar","8","","","NO","54"
"reportes","vw_cobranza_bandeja","nombre_alerta_operativa","nvarchar","20","","","NO","55"
"reportes","vw_cobranza_bandeja","total_gestiones","int","","10","0","NO","56"
"reportes","vw_cobranza_bandeja","total_promesas","int","","10","0","NO","57"
"reportes","vw_cobranza_bandeja","total_dispensas","int","","10","0","NO","58"
"reportes","vw_cobranza_bandeja","total_dispensas_pendientes","int","","10","0","NO","59"
"reportes","vw_cobranza_bandeja","total_dispensas_aprobadas","int","","10","0","NO","60"
"reportes","vw_cobranza_bandeja","total_dispensas_aplicadas","int","","10","0","NO","61"
"reportes","vw_cobranza_bandeja","tiene_dispensa_solicitada","bit","","","","YES","62"
"reportes","vw_cobranza_bandeja","tiene_dispensa_aprobada","bit","","","","YES","63"
"reportes","vw_cobranza_bandeja","tiene_dispensa_aplicada","bit","","","","YES","64"
"reportes","vw_cobranza_bitacora","id_bitacora_gestion_cobranza","bigint","","19","0","NO","1"
"reportes","vw_cobranza_bitacora","id_credito","bigint","","19","0","NO","2"
"reportes","vw_cobranza_bitacora","numero_credito","nvarchar","50","","","YES","3"
"reportes","vw_cobranza_bitacora","id_cliente","bigint","","19","0","YES","4"
"reportes","vw_cobranza_bitacora","nom_cliente","nvarchar","250","","","YES","5"
"reportes","vw_cobranza_bitacora","cedula_cliente","nvarchar","50","","","YES","6"
"reportes","vw_cobranza_bitacora","id_gestion_cobranza_credito","bigint","","19","0","YES","7"
"reportes","vw_cobranza_bitacora","id_promesa_pago_credito","bigint","","19","0","YES","8"
"reportes","vw_cobranza_bitacora","id_solicitud_dispensa_credito","bigint","","19","0","YES","9"
"reportes","vw_cobranza_bitacora","tipo_evento","nvarchar","50","","","NO","10"
"reportes","vw_cobranza_bitacora","detalle_evento","nvarchar","2000","","","NO","11"
"reportes","vw_cobranza_bitacora","usuario_evento","nvarchar","100","","","NO","12"
"reportes","vw_cobranza_bitacora","fecha_evento","datetime2","","","","NO","13"
"reportes","vw_cobranza_contactos_credito","id_credito","bigint","","19","0","NO","1"
"reportes","vw_cobranza_contactos_credito","id_cliente","bigint","","19","0","YES","2"
"reportes","vw_cobranza_contactos_credito","id_persona_vinculada_credito","bigint","","19","0","YES","3"
"reportes","vw_cobranza_contactos_credito","codigo_tipo_contacto_gestion_cobranza","nvarchar","10","","","NO","4"
"reportes","vw_cobranza_contactos_credito","nombre_tipo_contacto_gestion_cobranza","nvarchar","10","","","NO","5"
"reportes","vw_cobranza_contactos_credito","nombre_contacto","nvarchar","301","","","YES","6"
"reportes","vw_cobranza_contactos_credito","numero_identificacion","nvarchar","50","","","YES","7"
"reportes","vw_cobranza_contactos_credito","telefono","nvarchar","50","","","YES","8"
"reportes","vw_cobranza_contactos_credito","correo","nvarchar","250","","","YES","9"
"reportes","vw_cobranza_contactos_credito","direccion","nvarchar","500","","","YES","10"
"reportes","vw_cobranza_contactos_credito","tipo_vinculacion","nvarchar","150","","","YES","11"
"reportes","vw_cobranza_contactos_credito","cargo_relacion","nvarchar","150","","","YES","12"
"reportes","vw_cobranza_contactos_credito","observacion","nvarchar","1000","","","YES","13"
"reportes","vw_cobranza_detalle_credito","id_credito","bigint","","19","0","NO","1"
"reportes","vw_cobranza_detalle_credito","id_cliente","bigint","","19","0","YES","2"
"reportes","vw_cobranza_detalle_credito","numero_credito","nvarchar","50","","","YES","3"
"reportes","vw_cobranza_detalle_credito","cedula_cliente","nvarchar","50","","","YES","4"
"reportes","vw_cobranza_detalle_credito","nom_cliente","nvarchar","250","","","YES","5"
"reportes","vw_cobranza_detalle_credito","telefono","nvarchar","50","","","YES","6"
"reportes","vw_cobranza_detalle_credito","correo","nvarchar","150","","","YES","7"
"reportes","vw_cobranza_detalle_credito","direccion","nvarchar","300","","","YES","8"
"reportes","vw_cobranza_detalle_credito","moneda","nvarchar","10","","","NO","9"
"reportes","vw_cobranza_detalle_credito","estado_operativo","nvarchar","5","","","NO","10"
"reportes","vw_cobranza_detalle_credito","monto_aprobado","decimal","","18","2","NO","11"
"reportes","vw_cobranza_detalle_credito","saldo_capital","decimal","","18","2","NO","12"
"reportes","vw_cobranza_detalle_credito","saldo_total_pendiente","decimal","","38","2","NO","13"
"reportes","vw_cobranza_detalle_credito","monto_total_pagado","decimal","","38","2","NO","14"
"reportes","vw_cobranza_detalle_credito","monto_total_dispensado","decimal","","38","2","NO","15"
"reportes","vw_cobranza_detalle_credito","interes_acumulado","decimal","","18","2","NO","16"
"reportes","vw_cobranza_detalle_credito","comision_acumulada","decimal","","18","2","NO","17"
"reportes","vw_cobranza_detalle_credito","mora_acumulada","decimal","","18","2","NO","18"
"reportes","vw_cobranza_detalle_credito","cargos_acumulados","decimal","","18","2","NO","19"
"reportes","vw_cobranza_detalle_credito","total_vencido","decimal","","38","2","NO","20"
"reportes","vw_cobranza_detalle_credito","dias_mora","int","","10","0","NO","21"
"reportes","vw_cobranza_detalle_credito","cuotas_vencidas","int","","10","0","NO","22"
"reportes","vw_cobranza_detalle_credito","codigo_clasificacion_cobranza","nvarchar","10","","","YES","23"
"reportes","vw_cobranza_detalle_credito","nombre_clasificacion_cobranza","nvarchar","150","","","YES","24"
"reportes","vw_cobranza_detalle_credito","orden_clasificacion","int","","10","0","YES","25"
"reportes","vw_cobranza_detalle_credito","usa_clasificacion_operativa_temporal","bit","","","","YES","26"
"reportes","vw_cobranza_detalle_credito","codigo_rango_mora_regulatorio","nvarchar","30","","","YES","27"
"reportes","vw_cobranza_detalle_credito","id_asignacion_cobranza_credito","bigint","","19","0","YES","28"
"reportes","vw_cobranza_detalle_credito","usuario_responsable_actual","nvarchar","100","","","YES","29"
"reportes","vw_cobranza_detalle_credito","nombre_responsable_actual","nvarchar","301","","","YES","30"
"reportes","vw_cobranza_detalle_credito","correo_responsable_actual","nvarchar","150","","","YES","31"
"reportes","vw_cobranza_detalle_credito","telefono_responsable_actual","nvarchar","50","","","YES","32"
"reportes","vw_cobranza_detalle_credito","fecha_ultimo_pago","datetime2","","","","YES","33"
"reportes","vw_cobranza_detalle_credito","monto_ultimo_pago","decimal","","18","2","YES","34"
"reportes","vw_cobranza_detalle_credito","dias_desde_ultimo_pago","int","","10","0","YES","35"
"reportes","vw_cobranza_detalle_credito","tiene_pago_reciente","bit","","","","YES","36"
"reportes","vw_cobranza_detalle_credito","id_ultima_gestion","bigint","","19","0","YES","37"
"reportes","vw_cobranza_detalle_credito","fecha_ultima_gestion","datetime2","","","","YES","38"
"reportes","vw_cobranza_detalle_credito","dias_desde_ultima_gestion","int","","10","0","YES","39"
"reportes","vw_cobranza_detalle_credito","usuario_ultima_gestion","nvarchar","100","","","YES","40"
"reportes","vw_cobranza_detalle_credito","resultado_ultima_gestion","nvarchar","150","","","YES","41"
"reportes","vw_cobranza_detalle_credito","comentario_ultima_gestion","nvarchar","2000","","","YES","42"
"reportes","vw_cobranza_detalle_credito","fecha_proximo_seguimiento","datetime2","","","","YES","43"
"reportes","vw_cobranza_detalle_credito","es_seguimiento_vencido","bit","","","","YES","44"
"reportes","vw_cobranza_detalle_credito","es_seguimiento_para_hoy","bit","","","","YES","45"
"reportes","vw_cobranza_detalle_credito","id_promesa_activa","bigint","","19","0","YES","46"
"reportes","vw_cobranza_detalle_credito","monto_promesa_activa","decimal","","18","2","YES","47"
"reportes","vw_cobranza_detalle_credito","fecha_promesa_activa","date","","","","YES","48"
"reportes","vw_cobranza_detalle_credito","codigo_estado_promesa_activa","nvarchar","50","","","YES","49"
"reportes","vw_cobranza_detalle_credito","nombre_estado_promesa_activa","nvarchar","150","","","YES","50"
"reportes","vw_cobranza_detalle_credito","es_promesa_para_hoy","bit","","","","NO","51"
"reportes","vw_cobranza_detalle_credito","es_promesa_por_vencer","bit","","","","NO","52"
"reportes","vw_cobranza_detalle_credito","es_promesa_vencida","bit","","","","NO","53"
"reportes","vw_cobranza_detalle_credito","es_promesa_incumplida","bit","","","","NO","54"
"reportes","vw_cobranza_detalle_credito","monto_pagado_conciliado_promesa_activa","decimal","","38","2","NO","55"
"reportes","vw_cobranza_detalle_credito","saldo_pendiente_promesa_activa","decimal","","38","2","NO","56"
"reportes","vw_cobranza_detalle_credito","id_ultimo_pago_promesa_activa","bigint","","19","0","YES","57"
"reportes","vw_cobranza_detalle_credito","numero_recibo_promesa_activa","nvarchar","50","","","YES","58"
"reportes","vw_cobranza_detalle_credito","codigo_alerta_operativa","nvarchar","8","","","NO","59"
"reportes","vw_cobranza_detalle_credito","nombre_alerta_operativa","nvarchar","20","","","NO","60"
"reportes","vw_cobranza_detalle_credito","total_gestiones","int","","10","0","NO","61"
"reportes","vw_cobranza_detalle_credito","total_promesas","int","","10","0","NO","62"
"reportes","vw_cobranza_detalle_credito","total_dispensas","int","","10","0","NO","63"
"reportes","vw_cobranza_detalle_credito","total_dispensas_pendientes","int","","10","0","NO","64"
"reportes","vw_cobranza_detalle_credito","total_dispensas_aprobadas","int","","10","0","NO","65"
"reportes","vw_cobranza_detalle_credito","total_dispensas_aplicadas","int","","10","0","NO","66"
"reportes","vw_cobranza_detalle_credito","tiene_dispensa_solicitada","bit","","","","YES","67"
"reportes","vw_cobranza_detalle_credito","tiene_dispensa_aprobada","bit","","","","YES","68"
"reportes","vw_cobranza_detalle_credito","tiene_dispensa_aplicada","bit","","","","YES","69"
"reportes","vw_cobranza_historial_gestiones","id_gestion_cobranza_credito","bigint","","19","0","NO","1"
"reportes","vw_cobranza_historial_gestiones","id_credito","bigint","","19","0","NO","2"
"reportes","vw_cobranza_historial_gestiones","numero_credito","nvarchar","50","","","YES","3"
"reportes","vw_cobranza_historial_gestiones","id_cliente","bigint","","19","0","YES","4"
"reportes","vw_cobranza_historial_gestiones","nom_cliente","nvarchar","250","","","YES","5"
"reportes","vw_cobranza_historial_gestiones","cedula_cliente","nvarchar","50","","","YES","6"
"reportes","vw_cobranza_historial_gestiones","codigo_tipo_gestion_cobranza","nvarchar","50","","","NO","7"
"reportes","vw_cobranza_historial_gestiones","nombre_tipo_gestion_cobranza","nvarchar","150","","","NO","8"
"reportes","vw_cobranza_historial_gestiones","codigo_resultado_gestion_cobranza","nvarchar","50","","","NO","9"
"reportes","vw_cobranza_historial_gestiones","nombre_resultado_gestion_cobranza","nvarchar","150","","","NO","10"
"reportes","vw_cobranza_historial_gestiones","codigo_canal_gestion_cobranza","nvarchar","50","","","NO","11"
"reportes","vw_cobranza_historial_gestiones","nombre_canal_gestion_cobranza","nvarchar","150","","","NO","12"
"reportes","vw_cobranza_historial_gestiones","codigo_tipo_contacto_gestion_cobranza","nvarchar","50","","","NO","13"
"reportes","vw_cobranza_historial_gestiones","nombre_tipo_contacto_gestion_cobranza","nvarchar","150","","","NO","14"
"reportes","vw_cobranza_historial_gestiones","id_persona_vinculada_credito","bigint","","19","0","YES","15"
"reportes","vw_cobranza_historial_gestiones","nombre_referencia","nvarchar","250","","","YES","16"
"reportes","vw_cobranza_historial_gestiones","tipo_vinculacion","nvarchar","100","","","YES","17"
"reportes","vw_cobranza_historial_gestiones","cargo_relacion","nvarchar","150","","","YES","18"
"reportes","vw_cobranza_historial_gestiones","id_solicitud_dispensa_credito","bigint","","19","0","YES","19"
"reportes","vw_cobranza_historial_gestiones","fecha_gestion","datetime2","","","","NO","20"
"reportes","vw_cobranza_historial_gestiones","usuario_gestor","nvarchar","100","","","NO","21"
"reportes","vw_cobranza_historial_gestiones","comentario","nvarchar","2000","","","YES","22"
"reportes","vw_cobranza_historial_gestiones","fecha_proximo_seguimiento","datetime2","","","","YES","23"
"reportes","vw_cobranza_historial_gestiones","activo","bit","","","","NO","24"
"reportes","vw_cobranza_historial_gestiones","id_promesa_pago_credito","bigint","","19","0","YES","25"
"reportes","vw_cobranza_historial_gestiones","monto_prometido","decimal","","18","2","YES","26"
"reportes","vw_cobranza_historial_gestiones","fecha_prometida","date","","","","YES","27"
"reportes","vw_cobranza_historial_gestiones","codigo_estado_promesa_pago","nvarchar","50","","","YES","28"
"reportes","vw_cobranza_historial_gestiones","nombre_estado_promesa_pago","nvarchar","150","","","YES","29"
"reportes","vw_cobranza_productividad_gestor","usuario_gestor","nvarchar","100","","","NO","1"
"reportes","vw_cobranza_productividad_gestor","nombre_gestor","nvarchar","301","","","YES","2"
"reportes","vw_cobranza_productividad_gestor","total_gestiones","int","","10","0","YES","3"
"reportes","vw_cobranza_productividad_gestor","total_contactos_exitosos","int","","10","0","YES","4"
"reportes","vw_cobranza_productividad_gestor","total_promesas_generadas","int","","10","0","YES","5"
"reportes","vw_cobranza_productividad_gestor","total_gestiones_con_dispensa","int","","10","0","YES","6"
"reportes","vw_cobranza_productividad_gestor","fecha_ultima_gestion","datetime2","","","","YES","7"
"reportes","vw_cobranza_promesas","id_promesa_pago_credito","bigint","","19","0","NO","1"
"reportes","vw_cobranza_promesas","id_credito","bigint","","19","0","NO","2"
"reportes","vw_cobranza_promesas","numero_credito","nvarchar","50","","","YES","3"
"reportes","vw_cobranza_promesas","id_cliente","bigint","","19","0","YES","4"
"reportes","vw_cobranza_promesas","nom_cliente","nvarchar","250","","","YES","5"
"reportes","vw_cobranza_promesas","cedula_cliente","nvarchar","50","","","YES","6"
"reportes","vw_cobranza_promesas","id_gestion_cobranza_credito","bigint","","19","0","YES","7"
"reportes","vw_cobranza_promesas","monto_prometido","decimal","","18","2","NO","8"
"reportes","vw_cobranza_promesas","fecha_prometida","date","","","","NO","9"
"reportes","vw_cobranza_promesas","codigo_estado_promesa_pago","nvarchar","50","","","NO","10"
"reportes","vw_cobranza_promesas","nombre_estado_promesa_pago","nvarchar","150","","","NO","11"
"reportes","vw_cobranza_promesas","codigo_estado_promesa_visual","nvarchar","50","","","NO","12"
"reportes","vw_cobranza_promesas","nombre_estado_promesa_visual","nvarchar","150","","","NO","13"
"reportes","vw_cobranza_promesas","es_promesa_para_hoy","bit","","","","YES","14"
"reportes","vw_cobranza_promesas","es_promesa_por_vencer","bit","","","","YES","15"
"reportes","vw_cobranza_promesas","es_promesa_vencida","bit","","","","YES","16"
"reportes","vw_cobranza_promesas","es_promesa_incumplida","bit","","","","YES","17"
"reportes","vw_cobranza_promesas","dias_para_promesa","int","","10","0","YES","18"
"reportes","vw_cobranza_promesas","monto_pagado_conciliado","decimal","","38","2","NO","19"
"reportes","vw_cobranza_promesas","monto_dispensado_relacionado","decimal","","38","2","NO","20"
"reportes","vw_cobranza_promesas","monto_total_afectado_relacionado","decimal","","38","2","YES","21"
"reportes","vw_cobranza_promesas","saldo_pendiente_promesa","decimal","","38","2","YES","22"
"reportes","vw_cobranza_promesas","total_pagos_conciliados","int","","10","0","NO","23"
"reportes","vw_cobranza_promesas","fecha_ultimo_pago_conciliado","datetime2","","","","YES","24"
"reportes","vw_cobranza_promesas","id_ultimo_pago_conciliado","bigint","","19","0","YES","25"
"reportes","vw_cobranza_promesas","numero_recibo_ultimo_pago_conciliado","nvarchar","50","","","YES","26"
"reportes","vw_cobranza_promesas","observacion_promesa","nvarchar","1000","","","YES","27"
"reportes","vw_cobranza_promesas","usuario_registra","nvarchar","100","","","NO","28"
"reportes","vw_cobranza_promesas","fecha_registro","datetime2","","","","NO","29"
"reportes","vw_cobranza_promesas","usuario_resuelve","nvarchar","100","","","YES","30"
"reportes","vw_cobranza_promesas","fecha_resolucion","datetime2","","","","YES","31"
"reportes","vw_cobranza_promesas","observacion_resolucion","nvarchar","1000","","","YES","32"
"reportes","vw_cobranza_promesas","id_pago_credito","bigint","","19","0","YES","33"
"reportes","vw_cobranza_promesas","numero_recibo","nvarchar","50","","","YES","34"
"reportes","vw_cobranza_promesas","usuario_gestor_relacionado","nvarchar","100","","","YES","35"
"reportes","vw_cobranza_promesas","fecha_gestion_relacionada","datetime2","","","","YES","36"
"reportes","vw_cobranza_promesas","activo","bit","","","","NO","37"
"reportes","vw_cobranza_referencias_credito","id_credito","bigint","","19","0","NO","1"
"reportes","vw_cobranza_referencias_credito","id_persona_vinculada_credito","bigint","","19","0","NO","2"
"reportes","vw_cobranza_referencias_credito","nombre_referencia","nvarchar","250","","","NO","3"
"reportes","vw_cobranza_referencias_credito","numero_identificacion","nvarchar","50","","","YES","4"
"reportes","vw_cobranza_referencias_credito","tipo_vinculacion","nvarchar","100","","","NO","5"
"reportes","vw_cobranza_referencias_credito","cargo_relacion","nvarchar","150","","","YES","6"
"reportes","vw_cobranza_referencias_credito","telefono_referencia","nvarchar","50","","","YES","7"
"reportes","vw_cobranza_referencias_credito","direccion_referencia","nvarchar","500","","","YES","8"
"reportes","vw_cobranza_referencias_credito","observacion","nvarchar","500","","","YES","9"
"reportes","vw_cobranza_referencias_credito","activo","bit","","","","NO","10"
"reportes","vw_cobranza_responsables_activos","id_asignacion_cobranza_credito","bigint","","19","0","NO","1"
"reportes","vw_cobranza_responsables_activos","id_credito","bigint","","19","0","NO","2"
"reportes","vw_cobranza_responsables_activos","usuario_responsable_actual","nvarchar","100","","","NO","3"
"reportes","vw_cobranza_responsables_activos","nombre_responsable_actual","nvarchar","301","","","YES","4"
"reportes","vw_cobranza_responsables_activos","correo_responsable_actual","nvarchar","150","","","YES","5"
"reportes","vw_cobranza_responsables_activos","telefono_responsable_actual","nvarchar","50","","","YES","6"
"reportes","vw_cobranza_responsables_activos","usuario_asigna","nvarchar","100","","","NO","7"
"reportes","vw_cobranza_responsables_activos","fecha_asignacion","datetime2","","","","NO","8"
"reportes","vw_cobranza_responsables_activos","observacion","nvarchar","1000","","","YES","9"
"reportes","vw_cobranza_resumen_responsable","usuario_responsable_actual","nvarchar","100","","","NO","1"
"reportes","vw_cobranza_resumen_responsable","nombre_responsable_actual","nvarchar","301","","","NO","2"
"reportes","vw_cobranza_resumen_responsable","correo_responsable_actual","nvarchar","150","","","YES","3"
"reportes","vw_cobranza_resumen_responsable","telefono_responsable_actual","nvarchar","50","","","YES","4"
"reportes","vw_cobranza_resumen_responsable","total_creditos","int","","10","0","YES","5"
"reportes","vw_cobranza_resumen_responsable","total_seguimiento_vencido","int","","10","0","YES","6"
"reportes","vw_cobranza_resumen_responsable","total_promesas_hoy","int","","10","0","YES","7"
"reportes","vw_cobranza_resumen_responsable","total_promesas_vencidas","int","","10","0","YES","8"
"reportes","vw_cobranza_resumen_responsable","total_pago_reciente","int","","10","0","YES","9"
"reportes","vw_cobranza_resumen_responsable","total_con_dispensa","int","","10","0","YES","10"
"reportes","vw_coincidencias_listas","id_coincidencia_lista","bigint","","19","0","NO","1"
"reportes","vw_coincidencias_listas","nombres_razon_social","nvarchar","250","","","NO","2"
"reportes","vw_coincidencias_listas","numero_identificacion","nvarchar","50","","","NO","3"
"reportes","vw_coincidencias_listas","nombre_lista","nvarchar","150","","","NO","4"
"reportes","vw_coincidencias_listas","nombre_persona","nvarchar","250","","","NO","5"
"reportes","vw_coincidencias_listas","porcentaje_coincidencia","decimal","","8","4","NO","6"
"reportes","vw_coincidencias_listas","coincidencia_confirmada","bit","","","","NO","7"
"reportes","vw_coincidencias_listas","estado_revision","nvarchar","30","","","NO","8"
"reportes","vw_coincidencias_listas","fecha_creacion","datetime2","","","","NO","9"
"reportes","vw_compras_cxp_dashboard_resumen","total_facturas","int","","10","0","YES","1"
"reportes","vw_compras_cxp_dashboard_resumen","total_facturas_mes_actual","int","","10","0","YES","2"
"reportes","vw_compras_cxp_dashboard_resumen","saldo_cxp_abierto","decimal","","38","2","YES","3"
"reportes","vw_compras_cxp_dashboard_resumen","total_documentos_vencidos","int","","10","0","YES","4"
"reportes","vw_compras_cxp_dashboard_resumen","monto_documentos_vencidos","decimal","","38","2","YES","5"
"reportes","vw_compras_cxp_dashboard_resumen","pagos_mes_actual","decimal","","38","2","YES","6"
"reportes","vw_compras_cxp_dashboard_resumen","saldo_anticipos_disponible","decimal","","38","2","YES","7"
"reportes","vw_compras_cxp_dashboard_resumen","total_aplicaciones_anticipo","int","","10","0","YES","8"
"reportes","vw_compras_cxp_dashboard_resumen","total_documentos_contabilizados","int","","10","0","YES","9"
"reportes","vw_compras_cxp_dashboard_resumen","fecha_ultimo_movimiento","date","","","","YES","10"
"reportes","vw_compras_cxp_resumen_contabilizacion","origen","nvarchar","29","","","NO","1"
"reportes","vw_compras_cxp_resumen_contabilizacion","id_documento","bigint","","19","0","NO","2"
"reportes","vw_compras_cxp_resumen_contabilizacion","fecha_origen","datetime2","","","","YES","3"
"reportes","vw_compras_cxp_resumen_contabilizacion","referencia","nvarchar","50","","","NO","4"
"reportes","vw_compras_cxp_resumen_contabilizacion","monto","decimal","","18","2","NO","5"
"reportes","vw_compras_cxp_resumen_contabilizacion","id_asiento","bigint","","19","0","YES","6"
"reportes","vw_compras_cxp_resumen_contabilizacion","id_asiento_reversion","bigint","","19","0","YES","7"
"reportes","vw_compras_cxp_resumen_contabilizacion","estado_operacion","nvarchar","30","","","NO","8"
"reportes","vw_compras_cxp_resumen_contabilizacion","contabilizado","bit","","","","YES","9"
"reportes","vw_compras_cxp_resumen_contabilizacion","esta_revertido","bit","","","","YES","10"
"reportes","vw_compras_facturas_proveedor","id_factura_proveedor","bigint","","19","0","NO","1"
"reportes","vw_compras_facturas_proveedor","id_documento_pagar","bigint","","19","0","YES","2"
"reportes","vw_compras_facturas_proveedor","id_asiento","bigint","","19","0","YES","3"
"reportes","vw_compras_facturas_proveedor","id_asiento_reversion","bigint","","19","0","YES","4"
"reportes","vw_compras_facturas_proveedor","esta_revertida","bit","","","","YES","5"
"reportes","vw_compras_facturas_proveedor","id_empresa","bigint","","19","0","NO","6"
"reportes","vw_compras_facturas_proveedor","nombre_empresa","nvarchar","200","","","NO","7"
"reportes","vw_compras_facturas_proveedor","razon_social","nvarchar","200","","","NO","8"
"reportes","vw_compras_facturas_proveedor","id_sucursal","bigint","","19","0","YES","9"
"reportes","vw_compras_facturas_proveedor","codigo_sucursal","nvarchar","20","","","YES","10"
"reportes","vw_compras_facturas_proveedor","nombre_sucursal","nvarchar","150","","","YES","11"
"reportes","vw_compras_facturas_proveedor","id_proveedor","bigint","","19","0","NO","12"
"reportes","vw_compras_facturas_proveedor","codigo_proveedor","nvarchar","50","","","NO","13"
"reportes","vw_compras_facturas_proveedor","nombre_proveedor","nvarchar","200","","","NO","14"
"reportes","vw_compras_facturas_proveedor","numero_factura_interna","nvarchar","50","","","NO","15"
"reportes","vw_compras_facturas_proveedor","numero_documento_proveedor","nvarchar","100","","","NO","16"
"reportes","vw_compras_facturas_proveedor","tipo_documento_proveedor","nvarchar","50","","","NO","17"
"reportes","vw_compras_facturas_proveedor","fecha_documento","date","","","","NO","18"
"reportes","vw_compras_facturas_proveedor","fecha_vencimiento","date","","","","NO","19"
"reportes","vw_compras_facturas_proveedor","id_moneda","bigint","","19","0","NO","20"
"reportes","vw_compras_facturas_proveedor","codigo_moneda","nvarchar","10","","","NO","21"
"reportes","vw_compras_facturas_proveedor","nombre_moneda","nvarchar","120","","","NO","22"
"reportes","vw_compras_facturas_proveedor","tipo_cambio","decimal","","18","6","NO","23"
"reportes","vw_compras_facturas_proveedor","subtotal","decimal","","18","2","NO","24"
"reportes","vw_compras_facturas_proveedor","monto_impuesto","decimal","","18","2","NO","25"
"reportes","vw_compras_facturas_proveedor","total","decimal","","18","2","NO","26"
"reportes","vw_compras_facturas_proveedor","saldo","decimal","","18","2","NO","27"
"reportes","vw_compras_facturas_proveedor","estado","nvarchar","20","","","NO","28"
"reportes","vw_compras_facturas_proveedor","observacion","nvarchar","500","","","YES","29"
"reportes","vw_compras_facturas_proveedor","usuario_creacion","nvarchar","100","","","NO","30"
"reportes","vw_compras_facturas_proveedor","fecha_creacion","datetime2","","","","NO","31"
"reportes","vw_compras_facturas_proveedor","usuario_modificacion","nvarchar","100","","","YES","32"
"reportes","vw_compras_facturas_proveedor","fecha_modificacion","datetime2","","","","YES","33"
"reportes","vw_compras_facturas_proveedor","usuario_anulacion","nvarchar","100","","","YES","34"
"reportes","vw_compras_facturas_proveedor","fecha_anulacion","datetime2","","","","YES","35"
"reportes","vw_compras_facturas_proveedor","motivo_anulacion","nvarchar","500","","","YES","36"
"reportes","vw_compras_facturas_proveedor","vencida","int","","10","0","NO","37"
"reportes","vw_contabilidad_asientos","id_asiento","bigint","","19","0","NO","1"
"reportes","vw_contabilidad_asientos","id_lote_cierre","bigint","","19","0","NO","2"
"reportes","vw_contabilidad_asientos","id_empresa","bigint","","19","0","NO","3"
"reportes","vw_contabilidad_asientos","nombre_empresa","nvarchar","200","","","NO","4"
"reportes","vw_contabilidad_asientos","razon_social","nvarchar","200","","","NO","5"
"reportes","vw_contabilidad_asientos","id_sucursal","bigint","","19","0","YES","6"
"reportes","vw_contabilidad_asientos","codigo_sucursal","nvarchar","20","","","YES","7"
"reportes","vw_contabilidad_asientos","nombre_sucursal","nvarchar","150","","","YES","8"
"reportes","vw_contabilidad_asientos","id_periodo_contable","bigint","","19","0","YES","9"
"reportes","vw_contabilidad_asientos","codigo_periodo","nvarchar","20","","","YES","10"
"reportes","vw_contabilidad_asientos","nombre_periodo","nvarchar","120","","","YES","11"
"reportes","vw_contabilidad_asientos","estado_periodo","nvarchar","20","","","YES","12"
"reportes","vw_contabilidad_asientos","fecha_asiento","date","","","","NO","13"
"reportes","vw_contabilidad_asientos","tipo_asiento","nvarchar","50","","","NO","14"
"reportes","vw_contabilidad_asientos","origen_modulo","nvarchar","50","","","YES","15"
"reportes","vw_contabilidad_asientos","tipo_documento_origen","nvarchar","100","","","YES","16"
"reportes","vw_contabilidad_asientos","id_documento_origen","bigint","","19","0","YES","17"
"reportes","vw_contabilidad_asientos","referencia","nvarchar","150","","","YES","18"
"reportes","vw_contabilidad_asientos","descripcion","nvarchar","300","","","NO","19"
"reportes","vw_contabilidad_asientos","estado_asiento","nvarchar","20","","","NO","20"
"reportes","vw_contabilidad_asientos","codigo_moneda","nvarchar","10","","","NO","21"
"reportes","vw_contabilidad_asientos","tipo_cambio","decimal","","18","6","NO","22"
"reportes","vw_contabilidad_asientos","usuario_registro","nvarchar","100","","","NO","23"
"reportes","vw_contabilidad_asientos","fecha_creacion","datetime2","","","","NO","24"
"reportes","vw_contabilidad_asientos","anulado","bit","","","","NO","25"
"reportes","vw_contabilidad_asientos","fecha_anulacion","datetime2","","","","YES","26"
"reportes","vw_contabilidad_asientos","usuario_anulacion","nvarchar","100","","","YES","27"
"reportes","vw_contabilidad_asientos","id_asiento_reverso","bigint","","19","0","YES","28"
"reportes","vw_contabilidad_asientos","es_asiento_reversion","bit","","","","YES","29"
"reportes","vw_contabilidad_asientos","tiene_reversion_registrada","bit","","","","YES","30"
"reportes","vw_contabilidad_asientos","id_asiento_reversado_por","bigint","","19","0","YES","31"
"reportes","vw_contabilidad_asientos","fecha_asiento_reversion","date","","","","YES","32"
"reportes","vw_contabilidad_asientos","motivo_reversion","nvarchar","500","","","YES","33"
"reportes","vw_contabilidad_asientos","usuario_reversion","nvarchar","100","","","YES","34"
"reportes","vw_contabilidad_asientos","puede_revertirse","bit","","","","YES","35"
"reportes","vw_contabilidad_asientos","total_lineas","int","","10","0","YES","36"
"reportes","vw_contabilidad_asientos","total_debito","decimal","","38","2","YES","37"
"reportes","vw_contabilidad_asientos","total_credito","decimal","","38","2","YES","38"
"reportes","vw_contabilidad_catalogo_muc","codigo_cuenta","nvarchar","20","","","NO","1"
"reportes","vw_contabilidad_catalogo_muc","codigo_cuenta_normalizado","nvarchar","4000","","","YES","2"
"reportes","vw_contabilidad_catalogo_muc","nombre_cuenta","nvarchar","250","","","YES","3"
"reportes","vw_contabilidad_catalogo_muc","clase","int","","10","0","YES","4"
"reportes","vw_contabilidad_catalogo_muc","grupo","int","","10","0","YES","5"
"reportes","vw_contabilidad_catalogo_muc","nivel","int","","10","0","YES","6"
"reportes","vw_contabilidad_catalogo_muc","naturaleza","char","1","","","NO","7"
"reportes","vw_contabilidad_catalogo_muc","activa","bit","","","","NO","8"
"reportes","vw_contabilidad_catalogo_muc","id_catalogo_muc_detallado","bigint","","19","0","YES","9"
"reportes","vw_contabilidad_catalogo_muc","nivel_1","nvarchar","50","","","YES","10"
"reportes","vw_contabilidad_catalogo_muc","nivel_2","nvarchar","50","","","YES","11"
"reportes","vw_contabilidad_catalogo_muc","nivel_3","nvarchar","50","","","YES","12"
"reportes","vw_contabilidad_catalogo_muc","permite_movimiento","bit","","","","NO","13"
"reportes","vw_contabilidad_centros_costo","id_centro_costo","bigint","","19","0","NO","1"
"reportes","vw_contabilidad_centros_costo","id_empresa","bigint","","19","0","NO","2"
"reportes","vw_contabilidad_centros_costo","nombre_empresa","nvarchar","200","","","NO","3"
"reportes","vw_contabilidad_centros_costo","id_sucursal","bigint","","19","0","YES","4"
"reportes","vw_contabilidad_centros_costo","codigo_sucursal","nvarchar","20","","","YES","5"
"reportes","vw_contabilidad_centros_costo","nombre_sucursal","nvarchar","150","","","YES","6"
"reportes","vw_contabilidad_centros_costo","codigo_centro_costo","nvarchar","50","","","NO","7"
"reportes","vw_contabilidad_centros_costo","nombre_centro_costo","nvarchar","200","","","NO","8"
"reportes","vw_contabilidad_centros_costo","descripcion","nvarchar","500","","","YES","9"
"reportes","vw_contabilidad_centros_costo","activo","bit","","","","NO","10"
"reportes","vw_contabilidad_centros_costo","usuario_creacion","nvarchar","100","","","NO","11"
"reportes","vw_contabilidad_centros_costo","fecha_creacion","datetime2","","","","NO","12"
"reportes","vw_contabilidad_centros_costo","usuario_modificacion","nvarchar","100","","","YES","13"
"reportes","vw_contabilidad_centros_costo","fecha_modificacion","datetime2","","","","YES","14"
"reportes","vw_contabilidad_cierres","id_lote_cierre","bigint","","19","0","NO","1"
"reportes","vw_contabilidad_cierres","fecha_cierre","date","","","","NO","2"
"reportes","vw_contabilidad_cierres","tipo_cierre","nvarchar","20","","","NO","3"
"reportes","vw_contabilidad_cierres","id_version_regla","int","","10","0","NO","4"
"reportes","vw_contabilidad_cierres","estado_lote","nvarchar","20","","","NO","5"
"reportes","vw_contabilidad_cierres","total_creditos","int","","10","0","NO","6"
"reportes","vw_contabilidad_cierres","total_saldo","decimal","","18","2","NO","7"
"reportes","vw_contabilidad_cierres","total_provision","decimal","","18","2","NO","8"
"reportes","vw_contabilidad_cierres","usuario_ejecucion","nvarchar","100","","","NO","9"
"reportes","vw_contabilidad_cierres","fecha_inicio","datetime2","","","","NO","10"
"reportes","vw_contabilidad_cierres","fecha_fin","datetime2","","","","YES","11"
"reportes","vw_contabilidad_cierres","mensaje_error","nvarchar","-1","","","YES","12"
"reportes","vw_contabilidad_cierres","total_asientos_generados","int","","10","0","YES","13"
"reportes","vw_contabilidad_cierres","total_monto_asientos","decimal","","38","2","YES","14"
"reportes","vw_contabilidad_configuracion_contable","fuente_configuracion","nvarchar","20","","","NO","1"
"reportes","vw_contabilidad_configuracion_contable","codigo_regla","nvarchar","100","","","NO","2"
"reportes","vw_contabilidad_configuracion_contable","descripcion_regla","nvarchar","313","","","NO","3"
"reportes","vw_contabilidad_configuracion_contable","cuentas_relacionadas","nvarchar","4000","","","YES","4"
"reportes","vw_contabilidad_configuracion_contable","activo","bit","","","","YES","5"
"reportes","vw_contabilidad_configuracion_transaccion","id_configuracion_asiento_transaccion","bigint","","19","0","NO","1"
"reportes","vw_contabilidad_configuracion_transaccion","codigo_configuracion","nvarchar","100","","","NO","2"
"reportes","vw_contabilidad_configuracion_transaccion","codigo_tipo_transaccion_contable","nvarchar","60","","","NO","3"
"reportes","vw_contabilidad_configuracion_transaccion","nombre_transaccion","nvarchar","150","","","NO","4"
"reportes","vw_contabilidad_configuracion_transaccion","id_empresa","bigint","","19","0","YES","5"
"reportes","vw_contabilidad_configuracion_transaccion","nombre_empresa","nvarchar","200","","","YES","6"
"reportes","vw_contabilidad_configuracion_transaccion","origen_modulo","nvarchar","50","","","NO","7"
"reportes","vw_contabilidad_configuracion_transaccion","tipo_documento_origen_predeterminado","nvarchar","100","","","YES","8"
"reportes","vw_contabilidad_configuracion_transaccion","descripcion_configuracion","nvarchar","250","","","NO","9"
"reportes","vw_contabilidad_configuracion_transaccion","prioridad_aplicacion","int","","10","0","NO","10"
"reportes","vw_contabilidad_configuracion_transaccion","activo","bit","","","","NO","11"
"reportes","vw_contabilidad_configuracion_transaccion","observacion","nvarchar","500","","","YES","12"
"reportes","vw_contabilidad_configuracion_transaccion","total_detalles","int","","10","0","YES","13"
"reportes","vw_contabilidad_configuracion_transaccion","detalle_regla","nvarchar","4000","","","YES","14"
"reportes","vw_contabilidad_dashboard_resumen","total_asientos","int","","10","0","YES","1"
"reportes","vw_contabilidad_dashboard_resumen","total_asientos_mes_actual","int","","10","0","YES","2"
"reportes","vw_contabilidad_dashboard_resumen","total_asientos_anulados","int","","10","0","YES","3"
"reportes","vw_contabilidad_dashboard_resumen","total_asientos_reversion","int","","10","0","YES","4"
"reportes","vw_contabilidad_dashboard_resumen","total_asientos_reversados","int","","10","0","YES","5"
"reportes","vw_contabilidad_dashboard_resumen","fecha_ultimo_asiento","date","","","","YES","6"
"reportes","vw_contabilidad_dashboard_resumen","total_cuentas_activas","int","","10","0","YES","7"
"reportes","vw_contabilidad_dashboard_resumen","total_periodos","int","","10","0","YES","8"
"reportes","vw_contabilidad_dashboard_resumen","total_periodos_abiertos","int","","10","0","YES","9"
"reportes","vw_contabilidad_dashboard_resumen","total_periodos_cerrados","int","","10","0","YES","10"
"reportes","vw_contabilidad_dashboard_resumen","total_centros_costo_activos","int","","10","0","YES","11"
"reportes","vw_contabilidad_dashboard_resumen","total_configuraciones_transaccion","int","","10","0","YES","12"
"reportes","vw_contabilidad_dashboard_tipos_asiento","origen_modulo","nvarchar","50","","","YES","1"
"reportes","vw_contabilidad_dashboard_tipos_asiento","tipo_asiento","nvarchar","50","","","NO","2"
"reportes","vw_contabilidad_dashboard_tipos_asiento","total_asientos","int","","10","0","YES","3"
"reportes","vw_contabilidad_dashboard_tipos_asiento","total_debito","decimal","","38","2","YES","4"
"reportes","vw_contabilidad_dashboard_tipos_asiento","total_credito","decimal","","38","2","YES","5"
"reportes","vw_contabilidad_dashboard_tipos_asiento","ultima_fecha_asiento","date","","","","YES","6"
"reportes","vw_contabilidad_diario_general","id_asiento","bigint","","19","0","NO","1"
"reportes","vw_contabilidad_diario_general","id_lote_cierre","bigint","","19","0","NO","2"
"reportes","vw_contabilidad_diario_general","id_empresa","bigint","","19","0","NO","3"
"reportes","vw_contabilidad_diario_general","nombre_empresa","nvarchar","200","","","NO","4"
"reportes","vw_contabilidad_diario_general","razon_social","nvarchar","200","","","NO","5"
"reportes","vw_contabilidad_diario_general","id_sucursal","bigint","","19","0","YES","6"
"reportes","vw_contabilidad_diario_general","codigo_sucursal","nvarchar","20","","","YES","7"
"reportes","vw_contabilidad_diario_general","nombre_sucursal","nvarchar","150","","","YES","8"
"reportes","vw_contabilidad_diario_general","id_periodo_contable","bigint","","19","0","YES","9"
"reportes","vw_contabilidad_diario_general","codigo_periodo","nvarchar","20","","","YES","10"
"reportes","vw_contabilidad_diario_general","nombre_periodo","nvarchar","120","","","YES","11"
"reportes","vw_contabilidad_diario_general","estado_periodo","nvarchar","20","","","YES","12"
"reportes","vw_contabilidad_diario_general","fecha_asiento","date","","","","NO","13"
"reportes","vw_contabilidad_diario_general","tipo_asiento","nvarchar","50","","","NO","14"
"reportes","vw_contabilidad_diario_general","origen_modulo","nvarchar","50","","","YES","15"
"reportes","vw_contabilidad_diario_general","tipo_documento_origen","nvarchar","100","","","YES","16"
"reportes","vw_contabilidad_diario_general","id_documento_origen","bigint","","19","0","YES","17"
"reportes","vw_contabilidad_diario_general","referencia","nvarchar","150","","","YES","18"
"reportes","vw_contabilidad_diario_general","descripcion_asiento","nvarchar","300","","","NO","19"
"reportes","vw_contabilidad_diario_general","estado_asiento","nvarchar","20","","","NO","20"
"reportes","vw_contabilidad_diario_general","codigo_moneda","nvarchar","10","","","NO","21"
"reportes","vw_contabilidad_diario_general","tipo_cambio","decimal","","18","6","NO","22"
"reportes","vw_contabilidad_diario_general","usuario_registro","nvarchar","100","","","NO","23"
"reportes","vw_contabilidad_diario_general","anulado","bit","","","","NO","24"
"reportes","vw_contabilidad_diario_general","fecha_anulacion","datetime2","","","","YES","25"
"reportes","vw_contabilidad_diario_general","usuario_anulacion","nvarchar","100","","","YES","26"
"reportes","vw_contabilidad_diario_general","id_asiento_reverso","bigint","","19","0","YES","27"
"reportes","vw_contabilidad_diario_general","es_asiento_reversion","bit","","","","YES","28"
"reportes","vw_contabilidad_diario_general","tiene_reversion_registrada","bit","","","","YES","29"
"reportes","vw_contabilidad_diario_general","id_asiento_reversado_por","bigint","","19","0","YES","30"
"reportes","vw_contabilidad_diario_general","fecha_asiento_reversion","date","","","","YES","31"
"reportes","vw_contabilidad_diario_general","motivo_reversion","nvarchar","500","","","YES","32"
"reportes","vw_contabilidad_diario_general","usuario_reversion","nvarchar","100","","","YES","33"
"reportes","vw_contabilidad_diario_general","id_asiento_detalle","bigint","","19","0","NO","34"
"reportes","vw_contabilidad_diario_general","codigo_cuenta","nvarchar","4000","","","YES","35"
"reportes","vw_contabilidad_diario_general","codigo_cuenta_origen","nvarchar","20","","","NO","36"
"reportes","vw_contabilidad_diario_general","nombre_cuenta","nvarchar","250","","","YES","37"
"reportes","vw_contabilidad_diario_general","clase","int","","10","0","YES","38"
"reportes","vw_contabilidad_diario_general","grupo","int","","10","0","YES","39"
"reportes","vw_contabilidad_diario_general","nivel","int","","10","0","YES","40"
"reportes","vw_contabilidad_diario_general","naturaleza_cuenta","char","1","","","YES","41"
"reportes","vw_contabilidad_diario_general","nivel_1","nvarchar","50","","","YES","42"
"reportes","vw_contabilidad_diario_general","nivel_2","nvarchar","50","","","YES","43"
"reportes","vw_contabilidad_diario_general","nivel_3","nvarchar","50","","","YES","44"
"reportes","vw_contabilidad_diario_general","permite_movimiento","bit","","","","YES","45"
"reportes","vw_contabilidad_diario_general","descripcion_linea","nvarchar","300","","","YES","46"
"reportes","vw_contabilidad_diario_general","cedula_id_cliente_ofic_ciclo","nvarchar","100","","","YES","47"
"reportes","vw_contabilidad_diario_general","id_centro_costo","bigint","","19","0","YES","48"
"reportes","vw_contabilidad_diario_general","codigo_centro_costo","nvarchar","50","","","YES","49"
"reportes","vw_contabilidad_diario_general","nombre_centro_costo","nvarchar","200","","","YES","50"
"reportes","vw_contabilidad_diario_general","id_cliente","bigint","","19","0","YES","51"
"reportes","vw_contabilidad_diario_general","cedula_cliente","nvarchar","50","","","YES","52"
"reportes","vw_contabilidad_diario_general","nombre_cliente","nvarchar","301","","","YES","53"
"reportes","vw_contabilidad_diario_general","id_proveedor","bigint","","19","0","YES","54"
"reportes","vw_contabilidad_diario_general","id_producto","bigint","","19","0","YES","55"
"reportes","vw_contabilidad_diario_general","id_bodega","bigint","","19","0","YES","56"
"reportes","vw_contabilidad_diario_general","naturaleza_movimiento","char","1","","","NO","57"
"reportes","vw_contabilidad_diario_general","debito","decimal","","18","2","NO","58"
"reportes","vw_contabilidad_diario_general","credito","decimal","","18","2","NO","59"
"reportes","vw_contabilidad_diario_general","movimiento_neto","decimal","","18","2","YES","60"
"reportes","vw_contabilidad_periodos","id_periodo_contable","bigint","","19","0","NO","1"
"reportes","vw_contabilidad_periodos","id_empresa","bigint","","19","0","NO","2"
"reportes","vw_contabilidad_periodos","nombre_empresa","nvarchar","200","","","NO","3"
"reportes","vw_contabilidad_periodos","razon_social","nvarchar","200","","","NO","4"
"reportes","vw_contabilidad_periodos","codigo_periodo","nvarchar","20","","","NO","5"
"reportes","vw_contabilidad_periodos","nombre_periodo","nvarchar","120","","","NO","6"
"reportes","vw_contabilidad_periodos","fecha_inicio","date","","","","NO","7"
"reportes","vw_contabilidad_periodos","fecha_fin","date","","","","NO","8"
"reportes","vw_contabilidad_periodos","estado_periodo","nvarchar","20","","","NO","9"
"reportes","vw_contabilidad_periodos","fecha_apertura","datetime2","","","","NO","10"
"reportes","vw_contabilidad_periodos","fecha_cierre","datetime2","","","","YES","11"
"reportes","vw_contabilidad_periodos","observacion","nvarchar","500","","","YES","12"
"reportes","vw_contabilidad_periodos","usuario_creacion","nvarchar","100","","","NO","13"
"reportes","vw_contabilidad_periodos","fecha_creacion","datetime2","","","","NO","14"
"reportes","vw_contabilidad_periodos","usuario_modificacion","nvarchar","100","","","YES","15"
"reportes","vw_contabilidad_periodos","fecha_modificacion","datetime2","","","","YES","16"
"reportes","vw_contabilidad_periodos","usuario_cierre","nvarchar","100","","","YES","17"
"reportes","vw_contabilidad_periodos","activo","bit","","","","NO","18"
"reportes","vw_contabilidad_reversiones","id_reversion_asiento","bigint","","19","0","NO","1"
"reportes","vw_contabilidad_reversiones","id_asiento_original","bigint","","19","0","NO","2"
"reportes","vw_contabilidad_reversiones","fecha_asiento_original","date","","","","NO","3"
"reportes","vw_contabilidad_reversiones","tipo_asiento_original","nvarchar","50","","","NO","4"
"reportes","vw_contabilidad_reversiones","referencia_original","nvarchar","150","","","YES","5"
"reportes","vw_contabilidad_reversiones","descripcion_original","nvarchar","300","","","NO","6"
"reportes","vw_contabilidad_reversiones","id_asiento_reversion","bigint","","19","0","NO","7"
"reportes","vw_contabilidad_reversiones","fecha_asiento_reversion","date","","","","NO","8"
"reportes","vw_contabilidad_reversiones","referencia_reversion","nvarchar","150","","","YES","9"
"reportes","vw_contabilidad_reversiones","descripcion_reversion","nvarchar","300","","","NO","10"
"reportes","vw_contabilidad_reversiones","fecha_reversion","datetime2","","","","NO","11"
"reportes","vw_contabilidad_reversiones","motivo_reversion","nvarchar","500","","","NO","12"
"reportes","vw_contabilidad_reversiones","usuario_reversion","nvarchar","100","","","NO","13"
"reportes","vw_contabilidad_reversiones","id_empresa","bigint","","19","0","NO","14"
"reportes","vw_contabilidad_reversiones","nombre_empresa","nvarchar","200","","","NO","15"
"reportes","vw_contabilidad_reversiones","codigo_periodo","nvarchar","20","","","YES","16"
"reportes","vw_creditos_cartera_oficial_actual","id_credito","bigint","","19","0","NO","1"
"reportes","vw_creditos_cartera_oficial_actual","numero_credito","nvarchar","50","","","YES","2"
"reportes","vw_creditos_cartera_oficial_actual","id_cliente","bigint","","19","0","YES","3"
"reportes","vw_creditos_cartera_oficial_actual","nom_cliente","nvarchar","250","","","YES","4"
"reportes","vw_creditos_cartera_oficial_actual","cedula_id_cliente","nvarchar","50","","","YES","5"
"reportes","vw_creditos_cartera_oficial_actual","estado_operativo","nvarchar","5","","","NO","6"
"reportes","vw_creditos_cartera_oficial_actual","moneda","nvarchar","10","","","NO","7"
"reportes","vw_creditos_cartera_oficial_actual","monto_aprobado","decimal","","18","2","NO","8"
"reportes","vw_creditos_cartera_oficial_actual","saldo_capital","decimal","","18","2","NO","9"
"reportes","vw_creditos_cartera_oficial_actual","saldo_total_pendiente","decimal","","38","2","NO","10"
"reportes","vw_creditos_cartera_oficial_actual","id_asignacion_oficial_credito","bigint","","19","0","YES","11"
"reportes","vw_creditos_cartera_oficial_actual","id_usuario_oficial","bigint","","19","0","YES","12"
"reportes","vw_creditos_cartera_oficial_actual","usuario_oficial","nvarchar","100","","","YES","13"
"reportes","vw_creditos_cartera_oficial_actual","nombre_oficial","nvarchar","301","","","YES","14"
"reportes","vw_creditos_cartera_oficial_actual","fecha_asignacion","datetime2","","","","YES","15"
"reportes","vw_creditos_cartera_oficial_actual","motivo","nvarchar","300","","","YES","16"
"reportes","vw_creditos_cartera_oficial_actual","observacion","nvarchar","500","","","YES","17"
"reportes","vw_creditos_cartera_resumen_oficial","id_usuario_oficial","bigint","","19","0","NO","1"
"reportes","vw_creditos_cartera_resumen_oficial","usuario_oficial","nvarchar","100","","","NO","2"
"reportes","vw_creditos_cartera_resumen_oficial","nombre_oficial","nvarchar","301","","","YES","3"
"reportes","vw_creditos_cartera_resumen_oficial","total_creditos","int","","10","0","YES","4"
"reportes","vw_creditos_cartera_resumen_oficial","saldo_total_pendiente","decimal","","38","2","YES","5"
"reportes","vw_creditos_cartera_resumen_oficial","total_creditos_en_mora","int","","10","0","YES","6"
"reportes","vw_creditos_cartera_resumen_oficial","total_vencido","decimal","","38","2","YES","7"
"reportes","vw_creditos_cartera_sin_asignar","id_credito","bigint","","19","0","NO","1"
"reportes","vw_creditos_cartera_sin_asignar","numero_credito","nvarchar","50","","","YES","2"
"reportes","vw_creditos_cartera_sin_asignar","id_cliente","bigint","","19","0","YES","3"
"reportes","vw_creditos_cartera_sin_asignar","nom_cliente","nvarchar","250","","","YES","4"
"reportes","vw_creditos_cartera_sin_asignar","cedula_id_cliente","nvarchar","50","","","YES","5"
"reportes","vw_creditos_cartera_sin_asignar","estado_operativo","nvarchar","5","","","NO","6"
"reportes","vw_creditos_cartera_sin_asignar","moneda","nvarchar","10","","","NO","7"
"reportes","vw_creditos_cartera_sin_asignar","monto_aprobado","decimal","","18","2","NO","8"
"reportes","vw_creditos_cartera_sin_asignar","saldo_capital","decimal","","18","2","NO","9"
"reportes","vw_creditos_cartera_sin_asignar","saldo_total_pendiente","decimal","","38","2","NO","10"
"reportes","vw_creditos_cartera_sin_asignar","id_asignacion_oficial_credito","bigint","","19","0","YES","11"
"reportes","vw_creditos_cartera_sin_asignar","id_usuario_oficial","bigint","","19","0","YES","12"
"reportes","vw_creditos_cartera_sin_asignar","usuario_oficial","nvarchar","100","","","YES","13"
"reportes","vw_creditos_cartera_sin_asignar","nombre_oficial","nvarchar","301","","","YES","14"
"reportes","vw_creditos_cartera_sin_asignar","fecha_asignacion","datetime2","","","","YES","15"
"reportes","vw_creditos_cartera_sin_asignar","motivo","nvarchar","300","","","YES","16"
"reportes","vw_creditos_cartera_sin_asignar","observacion","nvarchar","500","","","YES","17"
"reportes","vw_creditos_detalle_operativo","id_credito","bigint","","19","0","NO","1"
"reportes","vw_creditos_detalle_operativo","numero_credito","nvarchar","50","","","YES","2"
"reportes","vw_creditos_detalle_operativo","cedula_id_cliente","nvarchar","50","","","YES","3"
"reportes","vw_creditos_detalle_operativo","nom_cliente","nvarchar","250","","","YES","4"
"reportes","vw_creditos_detalle_operativo","moneda","nvarchar","10","","","NO","5"
"reportes","vw_creditos_detalle_operativo","oficina","nvarchar","20","","","YES","6"
"reportes","vw_creditos_detalle_operativo","garantia","nvarchar","50","","","YES","7"
"reportes","vw_creditos_detalle_operativo","estado_operativo","nvarchar","5","","","NO","8"
"reportes","vw_creditos_detalle_operativo","fecha_desembolso","date","","","","YES","9"
"reportes","vw_creditos_detalle_operativo","fecha_vencimiento","date","","","","YES","10"
"reportes","vw_creditos_detalle_operativo","fecha_aprobacion","date","","","","YES","11"
"reportes","vw_creditos_detalle_operativo","fecha_cancelacion","date","","","","YES","12"
"reportes","vw_creditos_detalle_operativo","monto_aprobado","decimal","","18","2","NO","13"
"reportes","vw_creditos_detalle_operativo","saldo_capital","decimal","","18","2","NO","14"
"reportes","vw_creditos_detalle_operativo","interes_acumulado","decimal","","18","2","NO","15"
"reportes","vw_creditos_detalle_operativo","interes_pagado","decimal","","18","2","NO","16"
"reportes","vw_creditos_detalle_operativo","mora_acumulada","decimal","","18","2","NO","17"
"reportes","vw_creditos_detalle_operativo","comision_acumulada","decimal","","18","2","NO","18"
"reportes","vw_creditos_detalle_operativo","comision_pagada","decimal","","18","2","NO","19"
"reportes","vw_creditos_detalle_operativo","plazo_meses","int","","10","0","NO","20"
"reportes","vw_creditos_detalle_operativo","tasa_interes_anual","decimal","","12","6","NO","21"
"reportes","vw_creditos_detalle_operativo","activo","bit","","","","NO","22"
"reportes","vw_creditos_detalle_operativo","codigo_agrupacion","nvarchar","20","","","YES","23"
"reportes","vw_creditos_detalle_operativo","nombre_agrupacion","nvarchar","150","","","YES","24"
"reportes","vw_creditos_historial_asignacion_oficial","id_historial_asignacion_oficial_credito","bigint","","19","0","NO","1"
"reportes","vw_creditos_historial_asignacion_oficial","id_credito","bigint","","19","0","NO","2"
"reportes","vw_creditos_historial_asignacion_oficial","numero_credito","nvarchar","50","","","YES","3"
"reportes","vw_creditos_historial_asignacion_oficial","nom_cliente","nvarchar","250","","","YES","4"
"reportes","vw_creditos_historial_asignacion_oficial","id_usuario_oficial_anterior","bigint","","19","0","YES","5"
"reportes","vw_creditos_historial_asignacion_oficial","usuario_oficial_anterior","nvarchar","100","","","YES","6"
"reportes","vw_creditos_historial_asignacion_oficial","nombre_oficial_anterior","nvarchar","301","","","YES","7"
"reportes","vw_creditos_historial_asignacion_oficial","id_usuario_oficial_nuevo","bigint","","19","0","YES","8"
"reportes","vw_creditos_historial_asignacion_oficial","usuario_oficial_nuevo","nvarchar","100","","","YES","9"
"reportes","vw_creditos_historial_asignacion_oficial","nombre_oficial_nuevo","nvarchar","301","","","YES","10"
"reportes","vw_creditos_historial_asignacion_oficial","id_usuario_accion","bigint","","19","0","YES","11"
"reportes","vw_creditos_historial_asignacion_oficial","usuario_accion","nvarchar","100","","","YES","12"
"reportes","vw_creditos_historial_asignacion_oficial","nombre_usuario_accion","nvarchar","301","","","YES","13"
"reportes","vw_creditos_historial_asignacion_oficial","fecha_accion","datetime2","","","","NO","14"
"reportes","vw_creditos_historial_asignacion_oficial","tipo_accion","nvarchar","30","","","NO","15"
"reportes","vw_creditos_historial_asignacion_oficial","motivo","nvarchar","300","","","YES","16"
"reportes","vw_creditos_historial_asignacion_oficial","observacion","nvarchar","500","","","YES","17"
"reportes","vw_cumplimiento_expediente_cliente","id_expediente_regulatorio","bigint","","19","0","NO","1"
"reportes","vw_cumplimiento_expediente_cliente","codigo_expediente","nvarchar","50","","","NO","2"
"reportes","vw_cumplimiento_expediente_cliente","id_cliente","bigint","","19","0","NO","3"
"reportes","vw_cumplimiento_expediente_cliente","cedula","nvarchar","50","","","NO","4"
"reportes","vw_cumplimiento_expediente_cliente","cliente","nvarchar","301","","","NO","5"
"reportes","vw_cumplimiento_expediente_cliente","estado_expediente","nvarchar","30","","","NO","6"
"reportes","vw_cumplimiento_expediente_cliente","requiere_actualizacion","bit","","","","NO","7"
"reportes","vw_cumplimiento_expediente_cliente","fecha_apertura","datetime2","","","","NO","8"
"reportes","vw_cumplimiento_expediente_cliente","fecha_proxima_actualizacion","date","","","","YES","9"
"reportes","vw_cumplimiento_expediente_cliente","nivel_riesgo","nvarchar","20","","","YES","10"
"reportes","vw_cumplimiento_expediente_cliente","resultado_evaluacion","nvarchar","30","","","YES","11"
"reportes","vw_cumplimiento_expediente_cliente","vigencia_hasta","date","","","","YES","12"
"reportes","vw_cumplimiento_expediente_cliente","alertas_abiertas","int","","10","0","YES","13"
"reportes","vw_cumplimiento_reporte_operacion_cliente","id_reporte_operacion","bigint","","19","0","NO","1"
"reportes","vw_cumplimiento_reporte_operacion_cliente","codigo_reporte","nvarchar","50","","","NO","2"
"reportes","vw_cumplimiento_reporte_operacion_cliente","tipo_reporte","nvarchar","20","","","NO","3"
"reportes","vw_cumplimiento_reporte_operacion_cliente","estado_reporte","nvarchar","20","","","NO","4"
"reportes","vw_cumplimiento_reporte_operacion_cliente","fecha_deteccion","datetime2","","","","NO","5"
"reportes","vw_cumplimiento_reporte_operacion_cliente","fecha_reporte","date","","","","YES","6"
"reportes","vw_cumplimiento_reporte_operacion_cliente","fecha_envio","date","","","","YES","7"
"reportes","vw_cumplimiento_reporte_operacion_cliente","autoridad_destino","nvarchar","120","","","YES","8"
"reportes","vw_cumplimiento_reporte_operacion_cliente","numero_oficio_envio","nvarchar","80","","","YES","9"
"reportes","vw_cumplimiento_reporte_operacion_cliente","id_cliente","bigint","","19","0","NO","10"
"reportes","vw_cumplimiento_reporte_operacion_cliente","cedula","nvarchar","50","","","NO","11"
"reportes","vw_cumplimiento_reporte_operacion_cliente","cliente","nvarchar","301","","","NO","12"
"reportes","vw_cumplimiento_reporte_operacion_cliente","monto_relacionado","decimal","","18","2","YES","13"
"reportes","vw_cumplimiento_reporte_operacion_cliente","moneda","nvarchar","10","","","YES","14"
"reportes","vw_cxc_anticipos_cliente","id_anticipo_cliente","bigint","","19","0","NO","1"
"reportes","vw_cxc_anticipos_cliente","id_movimiento_bancario","bigint","","19","0","YES","2"
"reportes","vw_cxc_anticipos_cliente","id_movimiento_caja","bigint","","19","0","YES","3"
"reportes","vw_cxc_anticipos_cliente","id_asiento","bigint","","19","0","YES","4"
"reportes","vw_cxc_anticipos_cliente","id_empresa","bigint","","19","0","NO","5"
"reportes","vw_cxc_anticipos_cliente","id_sucursal","bigint","","19","0","YES","6"
"reportes","vw_cxc_anticipos_cliente","codigo_sucursal","nvarchar","20","","","YES","7"
"reportes","vw_cxc_anticipos_cliente","nombre_sucursal","nvarchar","150","","","YES","8"
"reportes","vw_cxc_anticipos_cliente","id_cliente","bigint","","19","0","NO","9"
"reportes","vw_cxc_anticipos_cliente","codigo_cliente","nvarchar","50","","","NO","10"
"reportes","vw_cxc_anticipos_cliente","nombre_cliente","nvarchar","301","","","YES","11"
"reportes","vw_cxc_anticipos_cliente","numero_anticipo","nvarchar","40","","","NO","12"
"reportes","vw_cxc_anticipos_cliente","fecha_anticipo","datetime2","","","","NO","13"
"reportes","vw_cxc_anticipos_cliente","codigo_moneda","nvarchar","10","","","NO","14"
"reportes","vw_cxc_anticipos_cliente","tipo_cambio","decimal","","18","6","NO","15"
"reportes","vw_cxc_anticipos_cliente","monto_original","decimal","","18","2","NO","16"
"reportes","vw_cxc_anticipos_cliente","saldo_disponible","decimal","","18","2","NO","17"
"reportes","vw_cxc_anticipos_cliente","codigo_cuenta_anticipo","nvarchar","20","","","NO","18"
"reportes","vw_cxc_anticipos_cliente","nombre_cuenta_anticipo","nvarchar","250","","","YES","19"
"reportes","vw_cxc_anticipos_cliente","medio_cobro","nvarchar","20","","","NO","20"
"reportes","vw_cxc_anticipos_cliente","numero_referencia_pago","nvarchar","100","","","YES","21"
"reportes","vw_cxc_anticipos_cliente","documento_pago","nvarchar","100","","","YES","22"
"reportes","vw_cxc_anticipos_cliente","observacion","nvarchar","500","","","YES","23"
"reportes","vw_cxc_anticipos_cliente","estado","nvarchar","30","","","NO","24"
"reportes","vw_cxc_anticipos_cliente","codigo_cuenta_bancaria","nvarchar","50","","","YES","25"
"reportes","vw_cxc_anticipos_cliente","nombre_cuenta_bancaria","nvarchar","150","","","YES","26"
"reportes","vw_cxc_anticipos_cliente","id_sesion_caja","bigint","","19","0","YES","27"
"reportes","vw_cxc_anticipos_cliente","fecha_creacion","datetime2","","","","NO","28"
"reportes","vw_cxc_antiguedad_documentos","id_documento_cobrar","bigint","","19","0","NO","1"
"reportes","vw_cxc_antiguedad_documentos","id_empresa","bigint","","19","0","NO","2"
"reportes","vw_cxc_antiguedad_documentos","id_cliente","bigint","","19","0","NO","3"
"reportes","vw_cxc_antiguedad_documentos","codigo_cliente","nvarchar","50","","","NO","4"
"reportes","vw_cxc_antiguedad_documentos","nombre_cliente","nvarchar","301","","","YES","5"
"reportes","vw_cxc_antiguedad_documentos","numero_documento_interno","nvarchar","40","","","NO","6"
"reportes","vw_cxc_antiguedad_documentos","numero_documento_cliente","nvarchar","100","","","YES","7"
"reportes","vw_cxc_antiguedad_documentos","fecha_documento","date","","","","NO","8"
"reportes","vw_cxc_antiguedad_documentos","fecha_vencimiento","date","","","","NO","9"
"reportes","vw_cxc_antiguedad_documentos","codigo_moneda","nvarchar","10","","","NO","10"
"reportes","vw_cxc_antiguedad_documentos","saldo_actual","decimal","","18","2","NO","11"
"reportes","vw_cxc_antiguedad_documentos","dias_vencidos","int","","10","0","YES","12"
"reportes","vw_cxc_antiguedad_documentos","rango_antiguedad","nvarchar","10","","","NO","13"
"reportes","vw_cxc_antiguedad_documentos","estado","nvarchar","30","","","NO","14"
"reportes","vw_cxc_cobros_cliente","id_cobro_cliente","bigint","","19","0","NO","1"
"reportes","vw_cxc_cobros_cliente","id_movimiento_bancario","bigint","","19","0","YES","2"
"reportes","vw_cxc_cobros_cliente","id_movimiento_caja","bigint","","19","0","YES","3"
"reportes","vw_cxc_cobros_cliente","id_asiento","bigint","","19","0","YES","4"
"reportes","vw_cxc_cobros_cliente","id_empresa","bigint","","19","0","NO","5"
"reportes","vw_cxc_cobros_cliente","id_sucursal","bigint","","19","0","YES","6"
"reportes","vw_cxc_cobros_cliente","codigo_sucursal","nvarchar","20","","","YES","7"
"reportes","vw_cxc_cobros_cliente","nombre_sucursal","nvarchar","150","","","YES","8"
"reportes","vw_cxc_cobros_cliente","id_cliente","bigint","","19","0","NO","9"
"reportes","vw_cxc_cobros_cliente","codigo_cliente","nvarchar","50","","","NO","10"
"reportes","vw_cxc_cobros_cliente","nombre_cliente","nvarchar","301","","","YES","11"
"reportes","vw_cxc_cobros_cliente","numero_cobro","nvarchar","40","","","NO","12"
"reportes","vw_cxc_cobros_cliente","fecha_cobro","datetime2","","","","NO","13"
"reportes","vw_cxc_cobros_cliente","codigo_moneda","nvarchar","10","","","NO","14"
"reportes","vw_cxc_cobros_cliente","tipo_cambio","decimal","","18","6","NO","15"
"reportes","vw_cxc_cobros_cliente","monto_total","decimal","","18","2","NO","16"
"reportes","vw_cxc_cobros_cliente","medio_cobro","nvarchar","20","","","NO","17"
"reportes","vw_cxc_cobros_cliente","numero_referencia_pago","nvarchar","100","","","YES","18"
"reportes","vw_cxc_cobros_cliente","documento_pago","nvarchar","100","","","YES","19"
"reportes","vw_cxc_cobros_cliente","observacion","nvarchar","500","","","YES","20"
"reportes","vw_cxc_cobros_cliente","estado","nvarchar","30","","","NO","21"
"reportes","vw_cxc_cobros_cliente","id_cuenta_bancaria","bigint","","19","0","YES","22"
"reportes","vw_cxc_cobros_cliente","codigo_cuenta_bancaria","nvarchar","50","","","YES","23"
"reportes","vw_cxc_cobros_cliente","nombre_cuenta_bancaria","nvarchar","150","","","YES","24"
"reportes","vw_cxc_cobros_cliente","nombre_banco","nvarchar","150","","","YES","25"
"reportes","vw_cxc_cobros_cliente","id_sesion_caja","bigint","","19","0","YES","26"
"reportes","vw_cxc_cobros_cliente","fecha_creacion","datetime2","","","","NO","27"
"reportes","vw_cxc_documentos_cobrar","id_documento_cobrar","bigint","","19","0","NO","1"
"reportes","vw_cxc_documentos_cobrar","id_asiento_origen","bigint","","19","0","YES","2"
"reportes","vw_cxc_documentos_cobrar","id_empresa","bigint","","19","0","NO","3"
"reportes","vw_cxc_documentos_cobrar","nombre_empresa","nvarchar","200","","","NO","4"
"reportes","vw_cxc_documentos_cobrar","id_sucursal","bigint","","19","0","YES","5"
"reportes","vw_cxc_documentos_cobrar","codigo_sucursal","nvarchar","20","","","YES","6"
"reportes","vw_cxc_documentos_cobrar","nombre_sucursal","nvarchar","150","","","YES","7"
"reportes","vw_cxc_documentos_cobrar","id_cliente","bigint","","19","0","NO","8"
"reportes","vw_cxc_documentos_cobrar","codigo_cliente","nvarchar","50","","","NO","9"
"reportes","vw_cxc_documentos_cobrar","nombre_cliente","nvarchar","301","","","YES","10"
"reportes","vw_cxc_documentos_cobrar","origen_modulo","nvarchar","40","","","NO","11"
"reportes","vw_cxc_documentos_cobrar","tipo_documento_origen","nvarchar","40","","","NO","12"
"reportes","vw_cxc_documentos_cobrar","id_documento_origen","bigint","","19","0","NO","13"
"reportes","vw_cxc_documentos_cobrar","numero_documento_interno","nvarchar","40","","","NO","14"
"reportes","vw_cxc_documentos_cobrar","numero_documento_cliente","nvarchar","100","","","YES","15"
"reportes","vw_cxc_documentos_cobrar","fecha_documento","date","","","","NO","16"
"reportes","vw_cxc_documentos_cobrar","fecha_vencimiento","date","","","","NO","17"
"reportes","vw_cxc_documentos_cobrar","codigo_moneda","nvarchar","10","","","NO","18"
"reportes","vw_cxc_documentos_cobrar","tipo_cambio","decimal","","18","6","NO","19"
"reportes","vw_cxc_documentos_cobrar","monto_original","decimal","","18","2","NO","20"
"reportes","vw_cxc_documentos_cobrar","monto_cobrado","decimal","","18","2","NO","21"
"reportes","vw_cxc_documentos_cobrar","monto_aplicado_anticipo","decimal","","18","2","NO","22"
"reportes","vw_cxc_documentos_cobrar","monto_nota_credito","decimal","","18","2","NO","23"
"reportes","vw_cxc_documentos_cobrar","saldo_actual","decimal","","18","2","NO","24"
"reportes","vw_cxc_documentos_cobrar","codigo_cuenta_cobrar","nvarchar","20","","","NO","25"
"reportes","vw_cxc_documentos_cobrar","nombre_cuenta_cobrar","nvarchar","250","","","YES","26"
"reportes","vw_cxc_documentos_cobrar","estado","nvarchar","30","","","NO","27"
"reportes","vw_cxc_documentos_cobrar","dias_vencidos","int","","10","0","YES","28"
"reportes","vw_cxc_estado_cuenta_cliente","id_movimiento_documento_cobrar","bigint","","19","0","NO","1"
"reportes","vw_cxc_estado_cuenta_cliente","id_documento_cobrar","bigint","","19","0","NO","2"
"reportes","vw_cxc_estado_cuenta_cliente","id_empresa","bigint","","19","0","NO","3"
"reportes","vw_cxc_estado_cuenta_cliente","id_cliente","bigint","","19","0","NO","4"
"reportes","vw_cxc_estado_cuenta_cliente","codigo_cliente","nvarchar","50","","","NO","5"
"reportes","vw_cxc_estado_cuenta_cliente","nombre_cliente","nvarchar","301","","","YES","6"
"reportes","vw_cxc_estado_cuenta_cliente","numero_documento_interno","nvarchar","40","","","NO","7"
"reportes","vw_cxc_estado_cuenta_cliente","numero_documento_cliente","nvarchar","100","","","YES","8"
"reportes","vw_cxc_estado_cuenta_cliente","fecha_documento","date","","","","NO","9"
"reportes","vw_cxc_estado_cuenta_cliente","fecha_vencimiento","date","","","","NO","10"
"reportes","vw_cxc_estado_cuenta_cliente","codigo_moneda","nvarchar","10","","","NO","11"
"reportes","vw_cxc_estado_cuenta_cliente","fecha_movimiento","datetime2","","","","NO","12"
"reportes","vw_cxc_estado_cuenta_cliente","tipo_movimiento","nvarchar","40","","","NO","13"
"reportes","vw_cxc_estado_cuenta_cliente","origen_modulo","nvarchar","40","","","NO","14"
"reportes","vw_cxc_estado_cuenta_cliente","tipo_documento_origen","nvarchar","40","","","NO","15"
"reportes","vw_cxc_estado_cuenta_cliente","id_documento_origen","bigint","","19","0","NO","16"
"reportes","vw_cxc_estado_cuenta_cliente","referencia","nvarchar","100","","","YES","17"
"reportes","vw_cxc_estado_cuenta_cliente","monto_cargo","decimal","","18","2","NO","18"
"reportes","vw_cxc_estado_cuenta_cliente","monto_abono","decimal","","18","2","NO","19"
"reportes","vw_cxc_estado_cuenta_cliente","monto_movimiento","decimal","","18","2","NO","20"
"reportes","vw_cxc_estado_cuenta_cliente","saldo_anterior","decimal","","18","2","NO","21"
"reportes","vw_cxc_estado_cuenta_cliente","saldo_posterior","decimal","","18","2","NO","22"
"reportes","vw_cxc_estado_cuenta_cliente","observacion","nvarchar","500","","","YES","23"
"reportes","vw_cxc_estado_cuenta_cliente","estado","nvarchar","20","","","NO","24"
"reportes","vw_cxc_saldos_cliente","id_empresa","bigint","","19","0","NO","1"
"reportes","vw_cxc_saldos_cliente","id_cliente","bigint","","19","0","NO","2"
"reportes","vw_cxc_saldos_cliente","codigo_cliente","nvarchar","50","","","NO","3"
"reportes","vw_cxc_saldos_cliente","nombre_cliente","nvarchar","301","","","YES","4"
"reportes","vw_cxc_saldos_cliente","total_documentos_abiertos","int","","10","0","YES","5"
"reportes","vw_cxc_saldos_cliente","saldo_documentos","decimal","","38","2","YES","6"
"reportes","vw_cxc_saldos_cliente","saldo_anticipos","decimal","","38","2","YES","7"
"reportes","vw_cxc_saldos_cliente","saldo_vencido","decimal","","38","2","YES","8"
"reportes","vw_cxp_anticipos_proveedor","id_anticipo_proveedor","bigint","","19","0","NO","1"
"reportes","vw_cxp_anticipos_proveedor","id_movimiento_bancario","bigint","","19","0","YES","2"
"reportes","vw_cxp_anticipos_proveedor","id_asiento","bigint","","19","0","YES","3"
"reportes","vw_cxp_anticipos_proveedor","id_asiento_reversion","bigint","","19","0","YES","4"
"reportes","vw_cxp_anticipos_proveedor","esta_revertido","bit","","","","YES","5"
"reportes","vw_cxp_anticipos_proveedor","id_empresa","bigint","","19","0","NO","6"
"reportes","vw_cxp_anticipos_proveedor","nombre_empresa","nvarchar","200","","","NO","7"
"reportes","vw_cxp_anticipos_proveedor","id_sucursal","bigint","","19","0","YES","8"
"reportes","vw_cxp_anticipos_proveedor","codigo_sucursal","nvarchar","20","","","YES","9"
"reportes","vw_cxp_anticipos_proveedor","nombre_sucursal","nvarchar","150","","","YES","10"
"reportes","vw_cxp_anticipos_proveedor","id_proveedor","bigint","","19","0","NO","11"
"reportes","vw_cxp_anticipos_proveedor","codigo_proveedor","nvarchar","50","","","NO","12"
"reportes","vw_cxp_anticipos_proveedor","nombre_proveedor","nvarchar","200","","","NO","13"
"reportes","vw_cxp_anticipos_proveedor","numero_anticipo","nvarchar","50","","","NO","14"
"reportes","vw_cxp_anticipos_proveedor","fecha_anticipo","datetime2","","","","NO","15"
"reportes","vw_cxp_anticipos_proveedor","codigo_moneda","nvarchar","10","","","NO","16"
"reportes","vw_cxp_anticipos_proveedor","tipo_cambio","decimal","","18","6","NO","17"
"reportes","vw_cxp_anticipos_proveedor","monto_original","decimal","","18","2","NO","18"
"reportes","vw_cxp_anticipos_proveedor","saldo_disponible","decimal","","18","2","NO","19"
"reportes","vw_cxp_anticipos_proveedor","codigo_cuenta_anticipo","nvarchar","20","","","NO","20"
"reportes","vw_cxp_anticipos_proveedor","nombre_cuenta_anticipo","nvarchar","250","","","YES","21"
"reportes","vw_cxp_anticipos_proveedor","numero_referencia_pago","nvarchar","100","","","YES","22"
"reportes","vw_cxp_anticipos_proveedor","documento_pago","nvarchar","100","","","YES","23"
"reportes","vw_cxp_anticipos_proveedor","observacion","nvarchar","500","","","YES","24"
"reportes","vw_cxp_anticipos_proveedor","estado","nvarchar","30","","","NO","25"
"reportes","vw_cxp_anticipos_proveedor","codigo_cuenta_bancaria","nvarchar","50","","","NO","26"
"reportes","vw_cxp_anticipos_proveedor","nombre_cuenta_bancaria","nvarchar","150","","","NO","27"
"reportes","vw_cxp_anticipos_proveedor","usuario_creacion","nvarchar","100","","","NO","28"
"reportes","vw_cxp_anticipos_proveedor","fecha_creacion","datetime2","","","","NO","29"
"reportes","vw_cxp_antiguedad_documentos","id_documento_pagar","bigint","","19","0","NO","1"
"reportes","vw_cxp_antiguedad_documentos","id_empresa","bigint","","19","0","NO","2"
"reportes","vw_cxp_antiguedad_documentos","id_proveedor","bigint","","19","0","NO","3"
"reportes","vw_cxp_antiguedad_documentos","codigo_proveedor","nvarchar","50","","","NO","4"
"reportes","vw_cxp_antiguedad_documentos","nombre_proveedor","nvarchar","200","","","NO","5"
"reportes","vw_cxp_antiguedad_documentos","numero_documento_interno","nvarchar","100","","","NO","6"
"reportes","vw_cxp_antiguedad_documentos","numero_documento_proveedor","nvarchar","100","","","YES","7"
"reportes","vw_cxp_antiguedad_documentos","fecha_documento","date","","","","NO","8"
"reportes","vw_cxp_antiguedad_documentos","fecha_vencimiento","date","","","","NO","9"
"reportes","vw_cxp_antiguedad_documentos","codigo_moneda","nvarchar","10","","","NO","10"
"reportes","vw_cxp_antiguedad_documentos","saldo_actual","decimal","","18","2","NO","11"
"reportes","vw_cxp_antiguedad_documentos","dias_vencidos","int","","10","0","YES","12"
"reportes","vw_cxp_antiguedad_documentos","rango_antiguedad","nvarchar","10","","","NO","13"
"reportes","vw_cxp_antiguedad_documentos","estado","nvarchar","20","","","NO","14"
"reportes","vw_cxp_documentos_pagar","id_documento_pagar","bigint","","19","0","NO","1"
"reportes","vw_cxp_documentos_pagar","id_asiento_origen","bigint","","19","0","YES","2"
"reportes","vw_cxp_documentos_pagar","id_empresa","bigint","","19","0","NO","3"
"reportes","vw_cxp_documentos_pagar","nombre_empresa","nvarchar","200","","","NO","4"
"reportes","vw_cxp_documentos_pagar","razon_social","nvarchar","200","","","NO","5"
"reportes","vw_cxp_documentos_pagar","id_sucursal","bigint","","19","0","YES","6"
"reportes","vw_cxp_documentos_pagar","codigo_sucursal","nvarchar","20","","","YES","7"
"reportes","vw_cxp_documentos_pagar","nombre_sucursal","nvarchar","150","","","YES","8"
"reportes","vw_cxp_documentos_pagar","id_proveedor","bigint","","19","0","NO","9"
"reportes","vw_cxp_documentos_pagar","codigo_proveedor","nvarchar","50","","","NO","10"
"reportes","vw_cxp_documentos_pagar","nombre_proveedor","nvarchar","200","","","NO","11"
"reportes","vw_cxp_documentos_pagar","origen_modulo","nvarchar","40","","","NO","12"
"reportes","vw_cxp_documentos_pagar","tipo_documento_origen","nvarchar","60","","","NO","13"
"reportes","vw_cxp_documentos_pagar","id_documento_origen","bigint","","19","0","NO","14"
"reportes","vw_cxp_documentos_pagar","numero_documento_interno","nvarchar","100","","","NO","15"
"reportes","vw_cxp_documentos_pagar","numero_documento_proveedor","nvarchar","100","","","YES","16"
"reportes","vw_cxp_documentos_pagar","fecha_documento","date","","","","NO","17"
"reportes","vw_cxp_documentos_pagar","fecha_vencimiento","date","","","","NO","18"
"reportes","vw_cxp_documentos_pagar","id_moneda","bigint","","19","0","NO","19"
"reportes","vw_cxp_documentos_pagar","codigo_moneda","nvarchar","10","","","NO","20"
"reportes","vw_cxp_documentos_pagar","nombre_moneda","nvarchar","120","","","NO","21"
"reportes","vw_cxp_documentos_pagar","tipo_cambio","decimal","","18","6","NO","22"
"reportes","vw_cxp_documentos_pagar","monto_original","decimal","","18","2","NO","23"
"reportes","vw_cxp_documentos_pagar","monto_pagado","decimal","","18","2","NO","24"
"reportes","vw_cxp_documentos_pagar","monto_aplicado_anticipo","decimal","","18","2","NO","25"
"reportes","vw_cxp_documentos_pagar","saldo_actual","decimal","","18","2","NO","26"
"reportes","vw_cxp_documentos_pagar","codigo_cuenta_por_pagar","nvarchar","20","","","NO","27"
"reportes","vw_cxp_documentos_pagar","nombre_cuenta_por_pagar","nvarchar","250","","","YES","28"
"reportes","vw_cxp_documentos_pagar","estado","nvarchar","20","","","NO","29"
"reportes","vw_cxp_documentos_pagar","observacion","nvarchar","500","","","YES","30"
"reportes","vw_cxp_documentos_pagar","usuario_creacion","nvarchar","100","","","NO","31"
"reportes","vw_cxp_documentos_pagar","fecha_creacion","datetime2","","","","NO","32"
"reportes","vw_cxp_documentos_pagar","dias_vencidos","int","","10","0","YES","33"
"reportes","vw_cxp_estado_cuenta_proveedor","id_movimiento_documento_pagar","bigint","","19","0","NO","1"
"reportes","vw_cxp_estado_cuenta_proveedor","id_documento_pagar","bigint","","19","0","NO","2"
"reportes","vw_cxp_estado_cuenta_proveedor","id_empresa","bigint","","19","0","NO","3"
"reportes","vw_cxp_estado_cuenta_proveedor","id_proveedor","bigint","","19","0","NO","4"
"reportes","vw_cxp_estado_cuenta_proveedor","codigo_proveedor","nvarchar","50","","","NO","5"
"reportes","vw_cxp_estado_cuenta_proveedor","nombre_proveedor","nvarchar","200","","","NO","6"
"reportes","vw_cxp_estado_cuenta_proveedor","numero_documento_interno","nvarchar","100","","","NO","7"
"reportes","vw_cxp_estado_cuenta_proveedor","numero_documento_proveedor","nvarchar","100","","","YES","8"
"reportes","vw_cxp_estado_cuenta_proveedor","fecha_documento","date","","","","NO","9"
"reportes","vw_cxp_estado_cuenta_proveedor","fecha_vencimiento","date","","","","NO","10"
"reportes","vw_cxp_estado_cuenta_proveedor","codigo_moneda","nvarchar","10","","","NO","11"
"reportes","vw_cxp_estado_cuenta_proveedor","fecha_movimiento","datetime2","","","","NO","12"
"reportes","vw_cxp_estado_cuenta_proveedor","tipo_movimiento","nvarchar","40","","","NO","13"
"reportes","vw_cxp_estado_cuenta_proveedor","origen_modulo","nvarchar","40","","","NO","14"
"reportes","vw_cxp_estado_cuenta_proveedor","tipo_documento_origen","nvarchar","60","","","NO","15"
"reportes","vw_cxp_estado_cuenta_proveedor","id_documento_origen","bigint","","19","0","NO","16"
"reportes","vw_cxp_estado_cuenta_proveedor","referencia","nvarchar","100","","","YES","17"
"reportes","vw_cxp_estado_cuenta_proveedor","monto_cargo","decimal","","18","2","NO","18"
"reportes","vw_cxp_estado_cuenta_proveedor","monto_abono","decimal","","18","2","NO","19"
"reportes","vw_cxp_estado_cuenta_proveedor","monto_movimiento","decimal","","18","2","NO","20"
"reportes","vw_cxp_estado_cuenta_proveedor","saldo_anterior","decimal","","18","2","NO","21"
"reportes","vw_cxp_estado_cuenta_proveedor","saldo_posterior","decimal","","18","2","NO","22"
"reportes","vw_cxp_estado_cuenta_proveedor","observacion","nvarchar","500","","","YES","23"
"reportes","vw_cxp_estado_cuenta_proveedor","estado","nvarchar","20","","","NO","24"
"reportes","vw_cxp_pagos_proveedor","id_pago_proveedor","bigint","","19","0","NO","1"
"reportes","vw_cxp_pagos_proveedor","id_movimiento_bancario","bigint","","19","0","YES","2"
"reportes","vw_cxp_pagos_proveedor","id_asiento","bigint","","19","0","YES","3"
"reportes","vw_cxp_pagos_proveedor","id_asiento_reversion","bigint","","19","0","YES","4"
"reportes","vw_cxp_pagos_proveedor","esta_revertido","bit","","","","YES","5"
"reportes","vw_cxp_pagos_proveedor","id_empresa","bigint","","19","0","NO","6"
"reportes","vw_cxp_pagos_proveedor","nombre_empresa","nvarchar","200","","","NO","7"
"reportes","vw_cxp_pagos_proveedor","id_sucursal","bigint","","19","0","YES","8"
"reportes","vw_cxp_pagos_proveedor","codigo_sucursal","nvarchar","20","","","YES","9"
"reportes","vw_cxp_pagos_proveedor","nombre_sucursal","nvarchar","150","","","YES","10"
"reportes","vw_cxp_pagos_proveedor","id_proveedor","bigint","","19","0","NO","11"
"reportes","vw_cxp_pagos_proveedor","codigo_proveedor","nvarchar","50","","","NO","12"
"reportes","vw_cxp_pagos_proveedor","nombre_proveedor","nvarchar","200","","","NO","13"
"reportes","vw_cxp_pagos_proveedor","numero_pago","nvarchar","50","","","NO","14"
"reportes","vw_cxp_pagos_proveedor","fecha_pago","datetime2","","","","NO","15"
"reportes","vw_cxp_pagos_proveedor","codigo_moneda","nvarchar","10","","","NO","16"
"reportes","vw_cxp_pagos_proveedor","tipo_cambio","decimal","","18","6","NO","17"
"reportes","vw_cxp_pagos_proveedor","monto_total","decimal","","18","2","NO","18"
"reportes","vw_cxp_pagos_proveedor","numero_referencia_pago","nvarchar","100","","","YES","19"
"reportes","vw_cxp_pagos_proveedor","documento_pago","nvarchar","100","","","YES","20"
"reportes","vw_cxp_pagos_proveedor","observacion","nvarchar","500","","","YES","21"
"reportes","vw_cxp_pagos_proveedor","estado","nvarchar","20","","","NO","22"
"reportes","vw_cxp_pagos_proveedor","id_cuenta_bancaria","bigint","","19","0","NO","23"
"reportes","vw_cxp_pagos_proveedor","codigo_cuenta_bancaria","nvarchar","50","","","NO","24"
"reportes","vw_cxp_pagos_proveedor","nombre_cuenta_bancaria","nvarchar","150","","","NO","25"
"reportes","vw_cxp_pagos_proveedor","nombre_banco","nvarchar","150","","","NO","26"
"reportes","vw_cxp_pagos_proveedor","usuario_creacion","nvarchar","100","","","NO","27"
"reportes","vw_cxp_pagos_proveedor","fecha_creacion","datetime2","","","","NO","28"
"reportes","vw_cxp_saldos_proveedor","id_empresa","bigint","","19","0","NO","1"
"reportes","vw_cxp_saldos_proveedor","id_proveedor","bigint","","19","0","NO","2"
"reportes","vw_cxp_saldos_proveedor","codigo_proveedor","nvarchar","50","","","NO","3"
"reportes","vw_cxp_saldos_proveedor","nombre_proveedor","nvarchar","200","","","NO","4"
"reportes","vw_cxp_saldos_proveedor","total_documentos_abiertos","int","","10","0","YES","5"
"reportes","vw_cxp_saldos_proveedor","saldo_documentos","decimal","","38","2","YES","6"
"reportes","vw_cxp_saldos_proveedor","saldo_anticipos","decimal","","38","2","YES","7"
"reportes","vw_cxp_saldos_proveedor","saldo_vencido","decimal","","38","2","YES","8"
"reportes","vw_dashboard_caja","total_sesiones","int","","10","0","YES","1"
"reportes","vw_dashboard_caja","sesiones_abiertas","int","","10","0","YES","2"
"reportes","vw_dashboard_caja","sesiones_cerradas","int","","10","0","YES","3"
"reportes","vw_dashboard_caja","ingresos_nio","decimal","","38","2","YES","4"
"reportes","vw_dashboard_caja","ingresos_usd","decimal","","38","2","YES","5"
"reportes","vw_dashboard_caja","egresos_nio","decimal","","38","2","YES","6"
"reportes","vw_dashboard_caja","egresos_usd","decimal","","38","2","YES","7"
"reportes","vw_dashboard_caja","diferencia_total_nio","decimal","","38","2","YES","8"
"reportes","vw_dashboard_caja","diferencia_total_usd","decimal","","38","2","YES","9"
"reportes","vw_dashboard_cartera_general","total_creditos","int","","10","0","YES","1"
"reportes","vw_dashboard_cartera_general","total_creditos_activos","int","","10","0","YES","2"
"reportes","vw_dashboard_cartera_general","total_vigentes","int","","10","0","YES","3"
"reportes","vw_dashboard_cartera_general","total_prorrogados","int","","10","0","YES","4"
"reportes","vw_dashboard_cartera_general","total_reestructurados","int","","10","0","YES","5"
"reportes","vw_dashboard_cartera_general","total_vencidos","int","","10","0","YES","6"
"reportes","vw_dashboard_cartera_general","total_cobro_judicial","int","","10","0","YES","7"
"reportes","vw_dashboard_cartera_general","total_cancelados","int","","10","0","YES","8"
"reportes","vw_dashboard_cartera_general","total_saneados","int","","10","0","YES","9"
"reportes","vw_dashboard_cartera_general","saldo_capital_total","decimal","","38","2","YES","10"
"reportes","vw_dashboard_cartera_general","interes_pendiente_total","decimal","","38","2","YES","11"
"reportes","vw_dashboard_cartera_general","mora_total","decimal","","38","2","YES","12"
"reportes","vw_dashboard_cartera_general","comision_pendiente_total","decimal","","38","2","YES","13"
"reportes","vw_dashboard_mora","creditos_con_mora","int","","10","0","YES","1"
"reportes","vw_dashboard_mora","cuotas_mora_1_30","int","","10","0","YES","2"
"reportes","vw_dashboard_mora","cuotas_mora_31_60","int","","10","0","YES","3"
"reportes","vw_dashboard_mora","cuotas_mora_61_90","int","","10","0","YES","4"
"reportes","vw_dashboard_mora","cuotas_mora_mayor_90","int","","10","0","YES","5"
"reportes","vw_dashboard_mora","capital_en_mora","decimal","","38","2","YES","6"
"reportes","vw_dashboard_mora","interes_en_mora","decimal","","38","2","YES","7"
"reportes","vw_dashboard_mora","comision_en_mora","decimal","","38","2","YES","8"
"reportes","vw_dashboard_mora","mora_generada","decimal","","38","2","YES","9"
"reportes","vw_dashboard_tipos_cambio","ultima_fecha_oficial","date","","","","YES","1"
"reportes","vw_dashboard_tipos_cambio","ultima_fecha_institucional","date","","","","YES","2"
"reportes","vw_dashboard_tipos_cambio","ultimo_tipo_cambio_oficial","decimal","","18","6","YES","3"
"reportes","vw_dashboard_tipos_cambio","ultimo_tipo_cambio_referencia","decimal","","18","6","YES","4"
"reportes","vw_dashboard_tipos_cambio","ultimo_tipo_cambio_compra","decimal","","18","6","YES","5"
"reportes","vw_dashboard_tipos_cambio","ultimo_tipo_cambio_venta","decimal","","18","6","YES","6"
"reportes","vw_dispensas_credito","id_solicitud_dispensa_credito","bigint","","19","0","NO","1"
"reportes","vw_dispensas_credito","id_credito","bigint","","19","0","NO","2"
"reportes","vw_dispensas_credito","codigo_tipo_dispensa","nvarchar","30","","","NO","3"
"reportes","vw_dispensas_credito","nombre_tipo_dispensa","nvarchar","100","","","NO","4"
"reportes","vw_dispensas_credito","codigo_estado_dispensa","nvarchar","30","","","NO","5"
"reportes","vw_dispensas_credito","nombre_estado_dispensa","nvarchar","100","","","NO","6"
"reportes","vw_dispensas_credito","fecha_solicitud","datetime2","","","","NO","7"
"reportes","vw_dispensas_credito","motivo_solicitud","nvarchar","500","","","NO","8"
"reportes","vw_dispensas_credito","usuario_solicita","nvarchar","100","","","NO","9"
"reportes","vw_dispensas_credito","fecha_resolucion","datetime2","","","","YES","10"
"reportes","vw_dispensas_credito","usuario_resuelve","nvarchar","100","","","YES","11"
"reportes","vw_dispensas_credito","fecha_aplicacion","datetime2","","","","YES","12"
"reportes","vw_dispensas_credito","usuario_aplica","nvarchar","100","","","YES","13"
"reportes","vw_dispensas_credito","monto_total_original","decimal","","18","2","NO","14"
"reportes","vw_dispensas_credito","monto_total_solicitado","decimal","","18","2","NO","15"
"reportes","vw_dispensas_credito","monto_total_aprobado","decimal","","18","2","NO","16"
"reportes","vw_dispensas_credito","monto_total_aplicado","decimal","","18","2","NO","17"
"reportes","vw_dispensas_credito","referencia_externa","nvarchar","100","","","YES","18"
"reportes","vw_dispensas_credito","activo","bit","","","","NO","19"
"reportes","vw_dispensas_credito_detalle","id_solicitud_dispensa_credito_detalle","bigint","","19","0","NO","1"
"reportes","vw_dispensas_credito_detalle","id_solicitud_dispensa_credito","bigint","","19","0","NO","2"
"reportes","vw_dispensas_credito_detalle","codigo_concepto_dispensa","nvarchar","30","","","NO","3"
"reportes","vw_dispensas_credito_detalle","nombre_concepto_dispensa","nvarchar","100","","","NO","4"
"reportes","vw_dispensas_credito_detalle","id_cuota","bigint","","19","0","YES","5"
"reportes","vw_dispensas_credito_detalle","numero_cuota","int","","10","0","YES","6"
"reportes","vw_dispensas_credito_detalle","monto_original","decimal","","18","2","NO","7"
"reportes","vw_dispensas_credito_detalle","monto_solicitado","decimal","","18","2","NO","8"
"reportes","vw_dispensas_credito_detalle","monto_aprobado","decimal","","18","2","YES","9"
"reportes","vw_dispensas_credito_detalle","monto_aplicado","decimal","","18","2","YES","10"
"reportes","vw_dispensas_credito_detalle","observacion_detalle","nvarchar","500","","","YES","11"
"reportes","vw_dispensas_credito_detalle","observacion_resolucion_detalle","nvarchar","1000","","","YES","12"
"reportes","vw_dispensas_credito_detalle","fecha_registro","datetime2","","","","NO","13"
"reportes","vw_estado_cuenta_credito_actual","id_credito","bigint","","19","0","NO","1"
"reportes","vw_estado_cuenta_credito_actual","numero_credito","nvarchar","50","","","YES","2"
"reportes","vw_estado_cuenta_credito_actual","cedula_cliente","nvarchar","50","","","YES","3"
"reportes","vw_estado_cuenta_credito_actual","nom_cliente","nvarchar","250","","","YES","4"
"reportes","vw_estado_cuenta_credito_actual","moneda","nvarchar","10","","","NO","5"
"reportes","vw_estado_cuenta_credito_actual","monto_aprobado","decimal","","18","2","NO","6"
"reportes","vw_estado_cuenta_credito_actual","fecha_desembolso","date","","","","YES","7"
"reportes","vw_estado_cuenta_credito_actual","fecha_vencimiento","date","","","","YES","8"
"reportes","vw_estado_cuenta_credito_actual","estado_operativo","nvarchar","5","","","NO","9"
"reportes","vw_estado_cuenta_credito_actual","saldo_capital","decimal","","18","2","NO","10"
"reportes","vw_estado_cuenta_credito_actual","interes_acumulado","decimal","","18","2","NO","11"
"reportes","vw_estado_cuenta_credito_actual","comision_acumulada","decimal","","18","2","NO","12"
"reportes","vw_estado_cuenta_credito_actual","mora_acumulada","decimal","","18","2","NO","13"
"reportes","vw_estado_cuenta_credito_actual","cargos_acumulados","decimal","","18","2","NO","14"
"reportes","vw_estado_cuenta_credito_actual","saldo_interes_pendiente","decimal","","38","2","NO","15"
"reportes","vw_estado_cuenta_credito_actual","saldo_comision_pendiente","decimal","","38","2","NO","16"
"reportes","vw_estado_cuenta_credito_actual","saldo_mora_pendiente","decimal","","38","2","NO","17"
"reportes","vw_estado_cuenta_credito_actual","saldo_total_pendiente","decimal","","38","2","NO","18"
"reportes","vw_estado_cuenta_credito_actual","capital_pagado_total","decimal","","38","2","NO","19"
"reportes","vw_estado_cuenta_credito_actual","interes_pagado_total","decimal","","38","2","NO","20"
"reportes","vw_estado_cuenta_credito_actual","comision_pagada_total","decimal","","38","2","NO","21"
"reportes","vw_estado_cuenta_credito_actual","mora_pagada_total","decimal","","38","2","NO","22"
"reportes","vw_estado_cuenta_credito_actual","capital_dispensado_total","decimal","","38","2","NO","23"
"reportes","vw_estado_cuenta_credito_actual","interes_dispensado_total","decimal","","38","2","NO","24"
"reportes","vw_estado_cuenta_credito_actual","comision_dispensada_total","decimal","","38","2","NO","25"
"reportes","vw_estado_cuenta_credito_actual","mora_dispensada_total","decimal","","38","2","NO","26"
"reportes","vw_estado_cuenta_credito_actual","monto_total_pagado","decimal","","38","2","NO","27"
"reportes","vw_estado_cuenta_credito_actual","monto_total_dispensado","decimal","","38","2","NO","28"
"reportes","vw_estado_cuenta_credito_cuotas_actual","id_credito","bigint","","19","0","YES","1"
"reportes","vw_estado_cuenta_credito_cuotas_actual","numero_credito","nvarchar","50","","","YES","2"
"reportes","vw_estado_cuenta_credito_cuotas_actual","nom_cliente","nvarchar","250","","","YES","3"
"reportes","vw_estado_cuenta_credito_cuotas_actual","id_plan_pago_credito","bigint","","19","0","NO","4"
"reportes","vw_estado_cuenta_credito_cuotas_actual","numero_cuota","int","","10","0","NO","5"
"reportes","vw_estado_cuenta_credito_cuotas_actual","fecha_cuota","date","","","","NO","6"
"reportes","vw_estado_cuenta_credito_cuotas_actual","estado_cuota","nvarchar","20","","","NO","7"
"reportes","vw_estado_cuenta_credito_cuotas_actual","dias_mora","int","","10","0","NO","8"
"reportes","vw_estado_cuenta_credito_cuotas_actual","capital_programado","decimal","","18","2","NO","9"
"reportes","vw_estado_cuenta_credito_cuotas_actual","capital_pagado_cuota","decimal","","18","2","NO","10"
"reportes","vw_estado_cuenta_credito_cuotas_actual","capital_dispensado_cuota","decimal","","18","2","NO","11"
"reportes","vw_estado_cuenta_credito_cuotas_actual","saldo_capital_cuota","decimal","","18","2","NO","12"
"reportes","vw_estado_cuenta_credito_cuotas_actual","interes_programado","decimal","","18","2","NO","13"
"reportes","vw_estado_cuenta_credito_cuotas_actual","interes_pagado_cuota","decimal","","18","2","NO","14"
"reportes","vw_estado_cuenta_credito_cuotas_actual","interes_dispensado_cuota","decimal","","18","2","NO","15"
"reportes","vw_estado_cuenta_credito_cuotas_actual","saldo_interes_cuota","decimal","","18","2","NO","16"
"reportes","vw_estado_cuenta_credito_cuotas_actual","comision_programada","decimal","","18","2","NO","17"
"reportes","vw_estado_cuenta_credito_cuotas_actual","comision_pagada_cuota","decimal","","18","2","NO","18"
"reportes","vw_estado_cuenta_credito_cuotas_actual","comision_dispensada_cuota","decimal","","18","2","NO","19"
"reportes","vw_estado_cuenta_credito_cuotas_actual","saldo_comision_cuota","decimal","","18","2","NO","20"
"reportes","vw_estado_cuenta_credito_cuotas_actual","mora_programada","decimal","","18","2","NO","21"
"reportes","vw_estado_cuenta_credito_cuotas_actual","mora_pagada_cuota","decimal","","18","2","NO","22"
"reportes","vw_estado_cuenta_credito_cuotas_actual","mora_dispensada_cuota","decimal","","18","2","NO","23"
"reportes","vw_estado_cuenta_credito_cuotas_actual","saldo_mora_cuota","decimal","","18","2","NO","24"
"reportes","vw_estado_cuenta_credito_cuotas_actual","total_programado_cuota","decimal","","21","2","YES","25"
"reportes","vw_estado_cuenta_credito_cuotas_actual","total_pagado_cuota","decimal","","21","2","YES","26"
"reportes","vw_estado_cuenta_credito_cuotas_actual","total_dispensado_cuota","decimal","","21","2","YES","27"
"reportes","vw_estado_cuenta_credito_cuotas_actual","saldo_total_cuota","decimal","","21","2","YES","28"
"reportes","vw_estado_cuenta_credito_dispensas","id_credito","bigint","","19","0","NO","1"
"reportes","vw_estado_cuenta_credito_dispensas","numero_credito","nvarchar","50","","","YES","2"
"reportes","vw_estado_cuenta_credito_dispensas","nom_cliente","nvarchar","250","","","YES","3"
"reportes","vw_estado_cuenta_credito_dispensas","id_solicitud_dispensa_credito","bigint","","19","0","NO","4"
"reportes","vw_estado_cuenta_credito_dispensas","codigo_tipo_dispensa","nvarchar","30","","","NO","5"
"reportes","vw_estado_cuenta_credito_dispensas","nombre_tipo_dispensa","nvarchar","100","","","NO","6"
"reportes","vw_estado_cuenta_credito_dispensas","codigo_estado_dispensa","nvarchar","30","","","NO","7"
"reportes","vw_estado_cuenta_credito_dispensas","nombre_estado_dispensa","nvarchar","100","","","NO","8"
"reportes","vw_estado_cuenta_credito_dispensas","id_solicitud_dispensa_credito_detalle","bigint","","19","0","YES","9"
"reportes","vw_estado_cuenta_credito_dispensas","codigo_concepto_dispensa","nvarchar","30","","","YES","10"
"reportes","vw_estado_cuenta_credito_dispensas","nombre_concepto_dispensa","nvarchar","100","","","YES","11"
"reportes","vw_estado_cuenta_credito_dispensas","id_cuota","bigint","","19","0","YES","12"
"reportes","vw_estado_cuenta_credito_dispensas","numero_cuota","int","","10","0","YES","13"
"reportes","vw_estado_cuenta_credito_dispensas","monto_original","decimal","","18","2","YES","14"
"reportes","vw_estado_cuenta_credito_dispensas","monto_solicitado","decimal","","18","2","YES","15"
"reportes","vw_estado_cuenta_credito_dispensas","monto_aprobado","decimal","","18","2","YES","16"
"reportes","vw_estado_cuenta_credito_dispensas","monto_aplicado","decimal","","18","2","YES","17"
"reportes","vw_estado_cuenta_credito_dispensas","observacion_detalle","nvarchar","500","","","YES","18"
"reportes","vw_estado_cuenta_credito_dispensas","observacion_resolucion_detalle","nvarchar","1000","","","YES","19"
"reportes","vw_estado_cuenta_credito_dispensas","fecha_solicitud","datetime2","","","","NO","20"
"reportes","vw_estado_cuenta_credito_dispensas","fecha_resolucion","datetime2","","","","YES","21"
"reportes","vw_estado_cuenta_credito_dispensas","fecha_aplicacion","datetime2","","","","YES","22"
"reportes","vw_estado_cuenta_credito_dispensas","usuario_solicita","nvarchar","100","","","NO","23"
"reportes","vw_estado_cuenta_credito_dispensas","usuario_resuelve","nvarchar","100","","","YES","24"
"reportes","vw_estado_cuenta_credito_dispensas","usuario_aplica","nvarchar","100","","","YES","25"
"reportes","vw_estado_cuenta_credito_dispensas","id_aplicacion_dispensa_credito","bigint","","19","0","YES","26"
"reportes","vw_estado_cuenta_credito_dispensas","id_pago_credito","bigint","","19","0","YES","27"
"reportes","vw_estado_cuenta_credito_dispensas","referencia_operativa","nvarchar","100","","","YES","28"
"reportes","vw_estado_cuenta_credito_dispensas","observacion_aplicacion","nvarchar","1000","","","YES","29"
"reportes","vw_expediente_pla","id_persona_pla","bigint","","19","0","NO","1"
"reportes","vw_expediente_pla","tipo_persona","nvarchar","20","","","NO","2"
"reportes","vw_expediente_pla","id_cliente","bigint","","19","0","YES","3"
"reportes","vw_expediente_pla","nombres_razon_social","nvarchar","250","","","NO","4"
"reportes","vw_expediente_pla","numero_identificacion","nvarchar","50","","","NO","5"
"reportes","vw_expediente_pla","pep","bit","","","","NO","6"
"reportes","vw_expediente_pla","cargo_publico","bit","","","","NO","7"
"reportes","vw_expediente_pla","id_expediente_pla","bigint","","19","0","YES","8"
"reportes","vw_expediente_pla","estado_expediente","nvarchar","30","","","YES","9"
"reportes","vw_expediente_pla","nivel_riesgo_pla","nvarchar","20","","","YES","10"
"reportes","vw_expediente_pla","fecha_apertura","datetime2","","","","YES","11"
"reportes","vw_expediente_pla","fecha_actualizacion","datetime2","","","","YES","12"
"reportes","vw_expediente_pla","usuario_responsable","nvarchar","100","","","YES","13"
"reportes","vw_forma_e_balance_comprobacion","fecha_asiento","date","","","","NO","1"
"reportes","vw_forma_e_balance_comprobacion","codigo","nvarchar","20","","","NO","2"
"reportes","vw_forma_e_balance_comprobacion","denominacion","nvarchar","250","","","YES","3"
"reportes","vw_forma_e_balance_comprobacion","cargos","decimal","","38","2","YES","4"
"reportes","vw_forma_e_balance_comprobacion","abonos","decimal","","38","2","YES","5"
"reportes","vw_forma_e_balance_comprobacion","saldo_actual","decimal","","38","2","YES","6"
"reportes","vw_maestros_bodegas","id_bodega","bigint","","19","0","NO","1"
"reportes","vw_maestros_bodegas","id_empresa","bigint","","19","0","NO","2"
"reportes","vw_maestros_bodegas","nombre_empresa","nvarchar","200","","","NO","3"
"reportes","vw_maestros_bodegas","id_sucursal","bigint","","19","0","NO","4"
"reportes","vw_maestros_bodegas","codigo_sucursal","nvarchar","20","","","NO","5"
"reportes","vw_maestros_bodegas","nombre_sucursal","nvarchar","150","","","NO","6"
"reportes","vw_maestros_bodegas","codigo_bodega","nvarchar","40","","","NO","7"
"reportes","vw_maestros_bodegas","nombre_bodega","nvarchar","150","","","NO","8"
"reportes","vw_maestros_bodegas","descripcion","nvarchar","500","","","YES","9"
"reportes","vw_maestros_bodegas","responsable","nvarchar","200","","","YES","10"
"reportes","vw_maestros_bodegas","id_centro_costo","bigint","","19","0","YES","11"
"reportes","vw_maestros_bodegas","codigo_centro_costo","nvarchar","50","","","YES","12"
"reportes","vw_maestros_bodegas","nombre_centro_costo","nvarchar","200","","","YES","13"
"reportes","vw_maestros_bodegas","activo","bit","","","","NO","14"
"reportes","vw_maestros_bodegas","usuario_creacion","nvarchar","100","","","NO","15"
"reportes","vw_maestros_bodegas","fecha_creacion","datetime2","","","","NO","16"
"reportes","vw_maestros_bodegas","usuario_modificacion","nvarchar","100","","","YES","17"
"reportes","vw_maestros_bodegas","fecha_modificacion","datetime2","","","","YES","18"
"reportes","vw_maestros_bodegas","usuario_anulacion","nvarchar","100","","","YES","19"
"reportes","vw_maestros_bodegas","fecha_anulacion","datetime2","","","","YES","20"
"reportes","vw_maestros_bodegas","motivo_anulacion","nvarchar","500","","","YES","21"
"reportes","vw_maestros_categorias_producto","id_categoria_producto","bigint","","19","0","NO","1"
"reportes","vw_maestros_categorias_producto","id_empresa","bigint","","19","0","NO","2"
"reportes","vw_maestros_categorias_producto","nombre_empresa","nvarchar","200","","","NO","3"
"reportes","vw_maestros_categorias_producto","codigo_categoria","nvarchar","40","","","NO","4"
"reportes","vw_maestros_categorias_producto","nombre_categoria","nvarchar","150","","","NO","5"
"reportes","vw_maestros_categorias_producto","descripcion","nvarchar","500","","","YES","6"
"reportes","vw_maestros_categorias_producto","activo","bit","","","","NO","7"
"reportes","vw_maestros_categorias_producto","usuario_creacion","nvarchar","100","","","NO","8"
"reportes","vw_maestros_categorias_producto","fecha_creacion","datetime2","","","","NO","9"
"reportes","vw_maestros_categorias_producto","usuario_modificacion","nvarchar","100","","","YES","10"
"reportes","vw_maestros_categorias_producto","fecha_modificacion","datetime2","","","","YES","11"
"reportes","vw_maestros_categorias_producto","usuario_anulacion","nvarchar","100","","","YES","12"
"reportes","vw_maestros_categorias_producto","fecha_anulacion","datetime2","","","","YES","13"
"reportes","vw_maestros_categorias_producto","motivo_anulacion","nvarchar","500","","","YES","14"
"reportes","vw_maestros_impuestos","id_impuesto","bigint","","19","0","NO","1"
"reportes","vw_maestros_impuestos","id_empresa","bigint","","19","0","NO","2"
"reportes","vw_maestros_impuestos","nombre_empresa","nvarchar","200","","","NO","3"
"reportes","vw_maestros_impuestos","codigo_impuesto","nvarchar","30","","","NO","4"
"reportes","vw_maestros_impuestos","nombre_impuesto","nvarchar","150","","","NO","5"
"reportes","vw_maestros_impuestos","porcentaje","decimal","","9","4","NO","6"
"reportes","vw_maestros_impuestos","tipo_impuesto","nvarchar","40","","","NO","7"
"reportes","vw_maestros_impuestos","es_trasladable","bit","","","","NO","8"
"reportes","vw_maestros_impuestos","es_retenible","bit","","","","NO","9"
"reportes","vw_maestros_impuestos","codigo_cuenta_contable","nvarchar","20","","","YES","10"
"reportes","vw_maestros_impuestos","nombre_cuenta_contable","nvarchar","250","","","YES","11"
"reportes","vw_maestros_impuestos","activo","bit","","","","NO","12"
"reportes","vw_maestros_impuestos","usuario_creacion","nvarchar","100","","","NO","13"
"reportes","vw_maestros_impuestos","fecha_creacion","datetime2","","","","NO","14"
"reportes","vw_maestros_impuestos","usuario_modificacion","nvarchar","100","","","YES","15"
"reportes","vw_maestros_impuestos","fecha_modificacion","datetime2","","","","YES","16"
"reportes","vw_maestros_impuestos","usuario_anulacion","nvarchar","100","","","YES","17"
"reportes","vw_maestros_impuestos","fecha_anulacion","datetime2","","","","YES","18"
"reportes","vw_maestros_impuestos","motivo_anulacion","nvarchar","500","","","YES","19"
"reportes","vw_maestros_listas_precio","id_lista_precio","bigint","","19","0","NO","1"
"reportes","vw_maestros_listas_precio","id_empresa","bigint","","19","0","NO","2"
"reportes","vw_maestros_listas_precio","nombre_empresa","nvarchar","200","","","NO","3"
"reportes","vw_maestros_listas_precio","codigo_lista_precio","nvarchar","50","","","NO","4"
"reportes","vw_maestros_listas_precio","nombre_lista_precio","nvarchar","150","","","NO","5"
"reportes","vw_maestros_listas_precio","descripcion","nvarchar","500","","","YES","6"
"reportes","vw_maestros_listas_precio","id_moneda","bigint","","19","0","NO","7"
"reportes","vw_maestros_listas_precio","codigo_moneda","nvarchar","10","","","NO","8"
"reportes","vw_maestros_listas_precio","nombre_moneda","nvarchar","120","","","NO","9"
"reportes","vw_maestros_listas_precio","simbolo","nvarchar","20","","","NO","10"
"reportes","vw_maestros_listas_precio","vigencia_desde","date","","","","NO","11"
"reportes","vw_maestros_listas_precio","vigencia_hasta","date","","","","YES","12"
"reportes","vw_maestros_listas_precio","total_detalles","int","","10","0","YES","13"
"reportes","vw_maestros_listas_precio","total_detalles_activos","int","","10","0","YES","14"
"reportes","vw_maestros_listas_precio","activo","bit","","","","NO","15"
"reportes","vw_maestros_listas_precio","usuario_creacion","nvarchar","100","","","NO","16"
"reportes","vw_maestros_listas_precio","fecha_creacion","datetime2","","","","NO","17"
"reportes","vw_maestros_listas_precio","usuario_modificacion","nvarchar","100","","","YES","18"
"reportes","vw_maestros_listas_precio","fecha_modificacion","datetime2","","","","YES","19"
"reportes","vw_maestros_listas_precio","usuario_anulacion","nvarchar","100","","","YES","20"
"reportes","vw_maestros_listas_precio","fecha_anulacion","datetime2","","","","YES","21"
"reportes","vw_maestros_listas_precio","motivo_anulacion","nvarchar","500","","","YES","22"
"reportes","vw_maestros_listas_precio_detalle","id_lista_precio_detalle","bigint","","19","0","NO","1"
"reportes","vw_maestros_listas_precio_detalle","id_lista_precio","bigint","","19","0","NO","2"
"reportes","vw_maestros_listas_precio_detalle","codigo_lista_precio","nvarchar","50","","","NO","3"
"reportes","vw_maestros_listas_precio_detalle","nombre_lista_precio","nvarchar","150","","","NO","4"
"reportes","vw_maestros_listas_precio_detalle","id_empresa","bigint","","19","0","NO","5"
"reportes","vw_maestros_listas_precio_detalle","nombre_empresa","nvarchar","200","","","NO","6"
"reportes","vw_maestros_listas_precio_detalle","id_moneda","bigint","","19","0","NO","7"
"reportes","vw_maestros_listas_precio_detalle","codigo_moneda","nvarchar","10","","","NO","8"
"reportes","vw_maestros_listas_precio_detalle","id_producto","bigint","","19","0","NO","9"
"reportes","vw_maestros_listas_precio_detalle","codigo_producto","nvarchar","60","","","NO","10"
"reportes","vw_maestros_listas_precio_detalle","nombre_producto","nvarchar","200","","","NO","11"
"reportes","vw_maestros_listas_precio_detalle","codigo_categoria","nvarchar","40","","","NO","12"
"reportes","vw_maestros_listas_precio_detalle","nombre_categoria","nvarchar","150","","","NO","13"
"reportes","vw_maestros_listas_precio_detalle","precio","decimal","","18","2","NO","14"
"reportes","vw_maestros_listas_precio_detalle","activo","bit","","","","NO","15"
"reportes","vw_maestros_listas_precio_detalle","usuario_creacion","nvarchar","100","","","NO","16"
"reportes","vw_maestros_listas_precio_detalle","fecha_creacion","datetime2","","","","NO","17"
"reportes","vw_maestros_listas_precio_detalle","usuario_modificacion","nvarchar","100","","","YES","18"
"reportes","vw_maestros_listas_precio_detalle","fecha_modificacion","datetime2","","","","YES","19"
"reportes","vw_maestros_listas_precio_detalle","usuario_anulacion","nvarchar","100","","","YES","20"
"reportes","vw_maestros_listas_precio_detalle","fecha_anulacion","datetime2","","","","YES","21"
"reportes","vw_maestros_listas_precio_detalle","motivo_anulacion","nvarchar","500","","","YES","22"
"reportes","vw_maestros_monedas","id_moneda","bigint","","19","0","NO","1"
"reportes","vw_maestros_monedas","id_empresa","bigint","","19","0","NO","2"
"reportes","vw_maestros_monedas","nombre_empresa","nvarchar","200","","","NO","3"
"reportes","vw_maestros_monedas","codigo_moneda","nvarchar","10","","","NO","4"
"reportes","vw_maestros_monedas","nombre_moneda","nvarchar","120","","","NO","5"
"reportes","vw_maestros_monedas","simbolo","nvarchar","20","","","NO","6"
"reportes","vw_maestros_monedas","decimales","tinyint","","3","0","NO","7"
"reportes","vw_maestros_monedas","es_moneda_base","bit","","","","NO","8"
"reportes","vw_maestros_monedas","permite_tipo_cambio","bit","","","","NO","9"
"reportes","vw_maestros_monedas","activo","bit","","","","NO","10"
"reportes","vw_maestros_monedas","usuario_creacion","nvarchar","100","","","NO","11"
"reportes","vw_maestros_monedas","fecha_creacion","datetime2","","","","NO","12"
"reportes","vw_maestros_monedas","usuario_modificacion","nvarchar","100","","","YES","13"
"reportes","vw_maestros_monedas","fecha_modificacion","datetime2","","","","YES","14"
"reportes","vw_maestros_monedas","usuario_anulacion","nvarchar","100","","","YES","15"
"reportes","vw_maestros_monedas","fecha_anulacion","datetime2","","","","YES","16"
"reportes","vw_maestros_monedas","motivo_anulacion","nvarchar","500","","","YES","17"
"reportes","vw_maestros_monedas","total_denominaciones_reutilizadas","int","","10","0","NO","18"
"reportes","vw_maestros_productos","id_producto","bigint","","19","0","NO","1"
"reportes","vw_maestros_productos","id_empresa","bigint","","19","0","NO","2"
"reportes","vw_maestros_productos","nombre_empresa","nvarchar","200","","","NO","3"
"reportes","vw_maestros_productos","codigo_producto","nvarchar","60","","","NO","4"
"reportes","vw_maestros_productos","sku","nvarchar","80","","","YES","5"
"reportes","vw_maestros_productos","nombre_producto","nvarchar","200","","","NO","6"
"reportes","vw_maestros_productos","descripcion","nvarchar","600","","","YES","7"
"reportes","vw_maestros_productos","tipo_producto","nvarchar","20","","","NO","8"
"reportes","vw_maestros_productos","id_categoria_producto","bigint","","19","0","NO","9"
"reportes","vw_maestros_productos","codigo_categoria","nvarchar","40","","","NO","10"
"reportes","vw_maestros_productos","nombre_categoria","nvarchar","150","","","NO","11"
"reportes","vw_maestros_productos","id_unidad_medida","bigint","","19","0","NO","12"
"reportes","vw_maestros_productos","codigo_unidad","nvarchar","30","","","NO","13"
"reportes","vw_maestros_productos","nombre_unidad","nvarchar","120","","","NO","14"
"reportes","vw_maestros_productos","maneja_inventario","bit","","","","NO","15"
"reportes","vw_maestros_productos","afecta_impuesto","bit","","","","NO","16"
"reportes","vw_maestros_productos","id_impuesto_defecto","bigint","","19","0","YES","17"
"reportes","vw_maestros_productos","codigo_impuesto","nvarchar","30","","","YES","18"
"reportes","vw_maestros_productos","nombre_impuesto","nvarchar","150","","","YES","19"
"reportes","vw_maestros_productos","precio_base","decimal","","18","2","YES","20"
"reportes","vw_maestros_productos","id_moneda_base","bigint","","19","0","YES","21"
"reportes","vw_maestros_productos","codigo_moneda","nvarchar","10","","","YES","22"
"reportes","vw_maestros_productos","nombre_moneda","nvarchar","120","","","YES","23"
"reportes","vw_maestros_productos","codigo_cuenta_inventario","nvarchar","20","","","YES","24"
"reportes","vw_maestros_productos","nombre_cuenta_inventario","nvarchar","250","","","YES","25"
"reportes","vw_maestros_productos","codigo_cuenta_costo","nvarchar","20","","","YES","26"
"reportes","vw_maestros_productos","nombre_cuenta_costo","nvarchar","250","","","YES","27"
"reportes","vw_maestros_productos","codigo_cuenta_ingreso","nvarchar","20","","","YES","28"
"reportes","vw_maestros_productos","nombre_cuenta_ingreso","nvarchar","250","","","YES","29"
"reportes","vw_maestros_productos","activo","bit","","","","NO","30"
"reportes","vw_maestros_productos","usuario_creacion","nvarchar","100","","","NO","31"
"reportes","vw_maestros_productos","fecha_creacion","datetime2","","","","NO","32"
"reportes","vw_maestros_productos","usuario_modificacion","nvarchar","100","","","YES","33"
"reportes","vw_maestros_productos","fecha_modificacion","datetime2","","","","YES","34"
"reportes","vw_maestros_productos","usuario_anulacion","nvarchar","100","","","YES","35"
"reportes","vw_maestros_productos","fecha_anulacion","datetime2","","","","YES","36"
"reportes","vw_maestros_productos","motivo_anulacion","nvarchar","500","","","YES","37"
"reportes","vw_maestros_proveedores","id_proveedor","bigint","","19","0","NO","1"
"reportes","vw_maestros_proveedores","id_empresa","bigint","","19","0","NO","2"
"reportes","vw_maestros_proveedores","nombre_empresa","nvarchar","200","","","NO","3"
"reportes","vw_maestros_proveedores","codigo_proveedor","nvarchar","50","","","NO","4"
"reportes","vw_maestros_proveedores","razon_social","nvarchar","200","","","NO","5"
"reportes","vw_maestros_proveedores","nombre_comercial","nvarchar","200","","","YES","6"
"reportes","vw_maestros_proveedores","documento_fiscal","nvarchar","100","","","YES","7"
"reportes","vw_maestros_proveedores","telefono","nvarchar","100","","","YES","8"
"reportes","vw_maestros_proveedores","telefono_alterno","nvarchar","100","","","YES","9"
"reportes","vw_maestros_proveedores","correo","nvarchar","300","","","YES","10"
"reportes","vw_maestros_proveedores","direccion","nvarchar","500","","","YES","11"
"reportes","vw_maestros_proveedores","contacto_principal","nvarchar","200","","","YES","12"
"reportes","vw_maestros_proveedores","id_banco_referencia","bigint","","19","0","YES","13"
"reportes","vw_maestros_proveedores","codigo_banco","nvarchar","30","","","YES","14"
"reportes","vw_maestros_proveedores","nombre_banco","nvarchar","150","","","YES","15"
"reportes","vw_maestros_proveedores","cuenta_bancaria_referencia","nvarchar","120","","","YES","16"
"reportes","vw_maestros_proveedores","id_moneda_habitual","bigint","","19","0","YES","17"
"reportes","vw_maestros_proveedores","codigo_moneda","nvarchar","10","","","YES","18"
"reportes","vw_maestros_proveedores","nombre_moneda","nvarchar","120","","","YES","19"
"reportes","vw_maestros_proveedores","codigo_cuenta_por_pagar","nvarchar","20","","","YES","20"
"reportes","vw_maestros_proveedores","nombre_cuenta_por_pagar","nvarchar","250","","","YES","21"
"reportes","vw_maestros_proveedores","observacion","nvarchar","500","","","YES","22"
"reportes","vw_maestros_proveedores","activo","bit","","","","NO","23"
"reportes","vw_maestros_proveedores","usuario_creacion","nvarchar","100","","","NO","24"
"reportes","vw_maestros_proveedores","fecha_creacion","datetime2","","","","NO","25"
"reportes","vw_maestros_proveedores","usuario_modificacion","nvarchar","100","","","YES","26"
"reportes","vw_maestros_proveedores","fecha_modificacion","datetime2","","","","YES","27"
"reportes","vw_maestros_proveedores","usuario_anulacion","nvarchar","100","","","YES","28"
"reportes","vw_maestros_proveedores","fecha_anulacion","datetime2","","","","YES","29"
"reportes","vw_maestros_proveedores","motivo_anulacion","nvarchar","500","","","YES","30"
"reportes","vw_maestros_secuencias_documento","id_secuencia_documento","bigint","","19","0","NO","1"
"reportes","vw_maestros_secuencias_documento","id_empresa","bigint","","19","0","NO","2"
"reportes","vw_maestros_secuencias_documento","nombre_empresa","nvarchar","200","","","NO","3"
"reportes","vw_maestros_secuencias_documento","id_sucursal","bigint","","19","0","YES","4"
"reportes","vw_maestros_secuencias_documento","codigo_sucursal","nvarchar","20","","","YES","5"
"reportes","vw_maestros_secuencias_documento","nombre_sucursal","nvarchar","150","","","YES","6"
"reportes","vw_maestros_secuencias_documento","modulo","nvarchar","60","","","NO","7"
"reportes","vw_maestros_secuencias_documento","tipo_documento","nvarchar","80","","","NO","8"
"reportes","vw_maestros_secuencias_documento","prefijo","nvarchar","20","","","NO","9"
"reportes","vw_maestros_secuencias_documento","siguiente_numero","bigint","","19","0","NO","10"
"reportes","vw_maestros_secuencias_documento","longitud_numero","int","","10","0","NO","11"
"reportes","vw_maestros_secuencias_documento","observacion","nvarchar","500","","","YES","12"
"reportes","vw_maestros_secuencias_documento","activo","bit","","","","NO","13"
"reportes","vw_maestros_secuencias_documento","usuario_creacion","nvarchar","100","","","NO","14"
"reportes","vw_maestros_secuencias_documento","fecha_creacion","datetime2","","","","NO","15"
"reportes","vw_maestros_secuencias_documento","usuario_modificacion","nvarchar","100","","","YES","16"
"reportes","vw_maestros_secuencias_documento","fecha_modificacion","datetime2","","","","YES","17"
"reportes","vw_maestros_secuencias_documento","usuario_anulacion","nvarchar","100","","","YES","18"
"reportes","vw_maestros_secuencias_documento","fecha_anulacion","datetime2","","","","YES","19"
"reportes","vw_maestros_secuencias_documento","motivo_anulacion","nvarchar","500","","","YES","20"
"reportes","vw_maestros_unidades_medida","id_unidad_medida","bigint","","19","0","NO","1"
"reportes","vw_maestros_unidades_medida","id_empresa","bigint","","19","0","NO","2"
"reportes","vw_maestros_unidades_medida","nombre_empresa","nvarchar","200","","","NO","3"
"reportes","vw_maestros_unidades_medida","codigo_unidad","nvarchar","30","","","NO","4"
"reportes","vw_maestros_unidades_medida","nombre_unidad","nvarchar","120","","","NO","5"
"reportes","vw_maestros_unidades_medida","abreviatura","nvarchar","20","","","NO","6"
"reportes","vw_maestros_unidades_medida","permite_decimal","bit","","","","NO","7"
"reportes","vw_maestros_unidades_medida","activo","bit","","","","NO","8"
"reportes","vw_maestros_unidades_medida","usuario_creacion","nvarchar","100","","","NO","9"
"reportes","vw_maestros_unidades_medida","fecha_creacion","datetime2","","","","NO","10"
"reportes","vw_maestros_unidades_medida","usuario_modificacion","nvarchar","100","","","YES","11"
"reportes","vw_maestros_unidades_medida","fecha_modificacion","datetime2","","","","YES","12"
"reportes","vw_maestros_unidades_medida","usuario_anulacion","nvarchar","100","","","YES","13"
"reportes","vw_maestros_unidades_medida","fecha_anulacion","datetime2","","","","YES","14"
"reportes","vw_maestros_unidades_medida","motivo_anulacion","nvarchar","500","","","YES","15"
"reportes","vw_nomina_cargas_patronales","codigo_periodo","nvarchar","30","","","NO","1"
"reportes","vw_nomina_cargas_patronales","total_inss_patronal","decimal","","38","2","YES","2"
"reportes","vw_nomina_cargas_patronales","total_ir_patronal","decimal","","38","2","YES","3"
"reportes","vw_nomina_cargas_patronales","total_inss_laboral","decimal","","38","2","YES","4"
"reportes","vw_nomina_cargas_patronales","total_ir_laboral","decimal","","38","2","YES","5"
"reportes","vw_nomina_comisiones_empleado","id_empleado","bigint","","19","0","NO","1"
"reportes","vw_nomina_comisiones_empleado","codigo_empleado","nvarchar","30","","","NO","2"
"reportes","vw_nomina_comisiones_empleado","nombre_completo","nvarchar","301","","","YES","3"
"reportes","vw_nomina_comisiones_empleado","codigo_periodo","nvarchar","30","","","YES","4"
"reportes","vw_nomina_comisiones_empleado","total_comisiones","decimal","","38","2","YES","5"
"reportes","vw_nomina_comisiones_empleado","total_bonos","decimal","","38","2","YES","6"
"reportes","vw_nomina_comisiones_empleado","total_salario_variable","decimal","","38","2","YES","7"
"reportes","vw_nomina_comisiones_empleado","total_otros_devengados","decimal","","38","2","YES","8"
"reportes","vw_nomina_detalle_conceptos","id_nomina","bigint","","19","0","NO","1"
"reportes","vw_nomina_detalle_conceptos","codigo_periodo","nvarchar","30","","","NO","2"
"reportes","vw_nomina_detalle_conceptos","codigo_empleado","nvarchar","30","","","NO","3"
"reportes","vw_nomina_detalle_conceptos","nombre_completo","nvarchar","301","","","YES","4"
"reportes","vw_nomina_detalle_conceptos","codigo_concepto","nvarchar","50","","","NO","5"
"reportes","vw_nomina_detalle_conceptos","nombre_concepto","nvarchar","150","","","NO","6"
"reportes","vw_nomina_detalle_conceptos","monto","decimal","","18","2","NO","7"
"reportes","vw_nomina_detalle_conceptos","referencia","nvarchar","200","","","YES","8"
"reportes","vw_nomina_detalle_empleado","id_nomina","bigint","","19","0","NO","1"
"reportes","vw_nomina_detalle_empleado","codigo_periodo","nvarchar","30","","","NO","2"
"reportes","vw_nomina_detalle_empleado","id_empleado","bigint","","19","0","NO","3"
"reportes","vw_nomina_detalle_empleado","codigo_empleado","nvarchar","30","","","NO","4"
"reportes","vw_nomina_detalle_empleado","nombre_completo","nvarchar","301","","","YES","5"
"reportes","vw_nomina_detalle_empleado","salario_base_periodo","decimal","","18","2","NO","6"
"reportes","vw_nomina_detalle_empleado","total_ingresos","decimal","","18","2","NO","7"
"reportes","vw_nomina_detalle_empleado","total_deducciones","decimal","","18","2","NO","8"
"reportes","vw_nomina_detalle_empleado","total_aportes_patronales","decimal","","18","2","NO","9"
"reportes","vw_nomina_detalle_empleado","neto_pagar","decimal","","18","2","NO","10"
"reportes","vw_nomina_detalle_empleado","inss_laboral","decimal","","18","2","NO","11"
"reportes","vw_nomina_detalle_empleado","inss_patronal","decimal","","18","2","NO","12"
"reportes","vw_nomina_detalle_empleado","ir_laboral","decimal","","18","2","NO","13"
"reportes","vw_nomina_detalle_empleado","ir_patronal","decimal","","18","2","NO","14"
"reportes","vw_nomina_devengados_variables","id_devengado_variable_periodo","bigint","","19","0","NO","1"
"reportes","vw_nomina_devengados_variables","id_empleado","bigint","","19","0","NO","2"
"reportes","vw_nomina_devengados_variables","codigo_empleado","nvarchar","30","","","NO","3"
"reportes","vw_nomina_devengados_variables","nombre_completo","nvarchar","301","","","YES","4"
"reportes","vw_nomina_devengados_variables","codigo_periodo","nvarchar","30","","","YES","5"
"reportes","vw_nomina_devengados_variables","codigo_concepto","nvarchar","50","","","NO","6"
"reportes","vw_nomina_devengados_variables","nombre_concepto","nvarchar","150","","","NO","7"
"reportes","vw_nomina_devengados_variables","fecha_desde","date","","","","NO","8"
"reportes","vw_nomina_devengados_variables","fecha_hasta","date","","","","NO","9"
"reportes","vw_nomina_devengados_variables","referencia_operativa","nvarchar","100","","","YES","10"
"reportes","vw_nomina_devengados_variables","base_calculo","decimal","","18","2","NO","11"
"reportes","vw_nomina_devengados_variables","cantidad_lograda","decimal","","18","2","YES","12"
"reportes","vw_nomina_devengados_variables","porcentaje_aplicado","decimal","","18","6","YES","13"
"reportes","vw_nomina_devengados_variables","monto_devengado","decimal","","18","2","NO","14"
"reportes","vw_nomina_devengados_variables","estado_devengado","nvarchar","30","","","NO","15"
"reportes","vw_nomina_devengados_variables","aplicado_en_nomina","bit","","","","NO","16"
"reportes","vw_nomina_devengados_variables","usuario_registro","nvarchar","100","","","NO","17"
"reportes","vw_nomina_devengados_variables","fecha_registro","datetime2","","","","NO","18"
"reportes","vw_nomina_envio_esquelas","id_envio_esquela_pago","bigint","","19","0","NO","1"
"reportes","vw_nomina_envio_esquelas","id_esquela_pago","bigint","","19","0","NO","2"
"reportes","vw_nomina_envio_esquelas","codigo_periodo","nvarchar","30","","","NO","3"
"reportes","vw_nomina_envio_esquelas","codigo_empleado","nvarchar","30","","","NO","4"
"reportes","vw_nomina_envio_esquelas","nombre_completo","nvarchar","301","","","YES","5"
"reportes","vw_nomina_envio_esquelas","correo_empleado","nvarchar","150","","","YES","6"
"reportes","vw_nomina_envio_esquelas","correo_destino","nvarchar","150","","","NO","7"
"reportes","vw_nomina_envio_esquelas","codigo_estado_envio","nvarchar","30","","","NO","8"
"reportes","vw_nomina_envio_esquelas","nombre_estado_envio","nvarchar","100","","","NO","9"
"reportes","vw_nomina_envio_esquelas","asunto","nvarchar","250","","","NO","10"
"reportes","vw_nomina_envio_esquelas","fecha_intento","datetime2","","","","NO","11"
"reportes","vw_nomina_envio_esquelas","fecha_envio_exitoso","datetime2","","","","YES","12"
"reportes","vw_nomina_envio_esquelas","proveedor_envio","nvarchar","100","","","YES","13"
"reportes","vw_nomina_envio_esquelas","identificador_externo_envio","nvarchar","200","","","YES","14"
"reportes","vw_nomina_envio_esquelas","mensaje_error","nvarchar","1000","","","YES","15"
"reportes","vw_nomina_envio_esquelas","reintentos","int","","10","0","NO","16"
"reportes","vw_nomina_envio_esquelas","usuario_ejecucion","nvarchar","100","","","NO","17"
"reportes","vw_nomina_envio_esquelas","es_reenvio","bit","","","","NO","18"
"reportes","vw_nomina_esquela_detalle","codigo_periodo","nvarchar","30","","","NO","1"
"reportes","vw_nomina_esquela_detalle","fecha_desde","date","","","","NO","2"
"reportes","vw_nomina_esquela_detalle","fecha_hasta","date","","","","NO","3"
"reportes","vw_nomina_esquela_detalle","fecha_pago","date","","","","NO","4"
"reportes","vw_nomina_esquela_detalle","codigo_empleado","nvarchar","30","","","NO","5"
"reportes","vw_nomina_esquela_detalle","nombre_completo","nvarchar","301","","","YES","6"
"reportes","vw_nomina_esquela_detalle","nombre_departamento","nvarchar","150","","","NO","7"
"reportes","vw_nomina_esquela_detalle","nombre_cargo","nvarchar","150","","","NO","8"
"reportes","vw_nomina_esquela_detalle","salario_base_periodo","decimal","","18","2","NO","9"
"reportes","vw_nomina_esquela_detalle","total_ingresos","decimal","","18","2","NO","10"
"reportes","vw_nomina_esquela_detalle","total_deducciones","decimal","","18","2","NO","11"
"reportes","vw_nomina_esquela_detalle","total_aportes_patronales","decimal","","18","2","NO","12"
"reportes","vw_nomina_esquela_detalle","neto_pagar","decimal","","18","2","NO","13"
"reportes","vw_nomina_esquela_detalle","inss_laboral","decimal","","18","2","NO","14"
"reportes","vw_nomina_esquela_detalle","inss_patronal","decimal","","18","2","NO","15"
"reportes","vw_nomina_esquela_detalle","ir_laboral","decimal","","18","2","NO","16"
"reportes","vw_nomina_esquela_detalle","ir_patronal","decimal","","18","2","NO","17"
"reportes","vw_nomina_esquela_detalle","id_esquela_pago","bigint","","19","0","YES","18"
"reportes","vw_nomina_esquela_detalle","nombre_archivo","nvarchar","255","","","YES","19"
"reportes","vw_nomina_esquela_detalle","fecha_generacion","datetime2","","","","YES","20"
"reportes","vw_nomina_esquela_detalle","fecha_publicacion","datetime2","","","","YES","21"
"reportes","vw_nomina_esquelas_pago","id_esquela_pago","bigint","","19","0","NO","1"
"reportes","vw_nomina_esquelas_pago","id_nomina_detalle","bigint","","19","0","NO","2"
"reportes","vw_nomina_esquelas_pago","codigo_periodo","nvarchar","30","","","NO","3"
"reportes","vw_nomina_esquelas_pago","id_empleado","bigint","","19","0","NO","4"
"reportes","vw_nomina_esquelas_pago","codigo_empleado","nvarchar","30","","","NO","5"
"reportes","vw_nomina_esquelas_pago","nombre_completo","nvarchar","301","","","YES","6"
"reportes","vw_nomina_esquelas_pago","correo","nvarchar","150","","","YES","7"
"reportes","vw_nomina_esquelas_pago","codigo_estado_esquela","nvarchar","30","","","NO","8"
"reportes","vw_nomina_esquelas_pago","nombre_estado_esquela","nvarchar","100","","","NO","9"
"reportes","vw_nomina_esquelas_pago","fecha_generacion","datetime2","","","","NO","10"
"reportes","vw_nomina_esquelas_pago","fecha_publicacion","datetime2","","","","YES","11"
"reportes","vw_nomina_esquelas_pago","nombre_archivo","nvarchar","255","","","NO","12"
"reportes","vw_nomina_esquelas_pago","ruta_archivo","nvarchar","500","","","YES","13"
"reportes","vw_nomina_esquelas_pago","hash_documento","nvarchar","200","","","YES","14"
"reportes","vw_nomina_esquelas_pago","usuario_generacion","nvarchar","100","","","NO","15"
"reportes","vw_nomina_esquelas_pago","usuario_publicacion","nvarchar","100","","","YES","16"
"reportes","vw_nomina_resumen_obligaciones","codigo_periodo","nvarchar","30","","","NO","1"
"reportes","vw_nomina_resumen_obligaciones","total_devengado","decimal","","38","2","YES","2"
"reportes","vw_nomina_resumen_obligaciones","total_deducciones","decimal","","38","2","YES","3"
"reportes","vw_nomina_resumen_obligaciones","total_neto","decimal","","38","2","YES","4"
"reportes","vw_nomina_resumen_obligaciones","total_inss_laboral","decimal","","38","2","YES","5"
"reportes","vw_nomina_resumen_obligaciones","total_inss_patronal","decimal","","38","2","YES","6"
"reportes","vw_nomina_resumen_obligaciones","total_ir_laboral","decimal","","38","2","YES","7"
"reportes","vw_nomina_resumen_obligaciones","total_ir_patronal","decimal","","38","2","YES","8"
"reportes","vw_nomina_resumen_periodo","id_periodo_nomina","bigint","","19","0","NO","1"
"reportes","vw_nomina_resumen_periodo","codigo_periodo","nvarchar","30","","","NO","2"
"reportes","vw_nomina_resumen_periodo","fecha_desde","date","","","","NO","3"
"reportes","vw_nomina_resumen_periodo","fecha_hasta","date","","","","NO","4"
"reportes","vw_nomina_resumen_periodo","fecha_pago","date","","","","NO","5"
"reportes","vw_nomina_resumen_periodo","tipo_periodo","nvarchar","30","","","NO","6"
"reportes","vw_nomina_resumen_periodo","nombre_estado_periodo","nvarchar","100","","","YES","7"
"reportes","vw_nomina_resumen_periodo","id_nomina","bigint","","19","0","YES","8"
"reportes","vw_nomina_resumen_periodo","nombre_estado_nomina","nvarchar","100","","","YES","9"
"reportes","vw_nomina_resumen_periodo","total_empleados","int","","10","0","YES","10"
"reportes","vw_nomina_resumen_periodo","total_ingresos","decimal","","38","2","YES","11"
"reportes","vw_nomina_resumen_periodo","total_deducciones","decimal","","38","2","YES","12"
"reportes","vw_nomina_resumen_periodo","total_neto_pagar","decimal","","38","2","YES","13"
"reportes","vw_nomina_resumen_periodo","total_inss_laboral","decimal","","38","2","YES","14"
"reportes","vw_nomina_resumen_periodo","total_inss_patronal","decimal","","38","2","YES","15"
"reportes","vw_nomina_resumen_periodo","total_ir_laboral","decimal","","38","2","YES","16"
"reportes","vw_nomina_resumen_periodo","total_ir_patronal","decimal","","38","2","YES","17"
"reportes","vw_pagos_con_dispensas","id_pago_credito","bigint","","19","0","NO","1"
"reportes","vw_pagos_con_dispensas","id_credito","bigint","","19","0","NO","2"
"reportes","vw_pagos_con_dispensas","numero_credito","nvarchar","50","","","YES","3"
"reportes","vw_pagos_con_dispensas","nom_cliente","nvarchar","250","","","YES","4"
"reportes","vw_pagos_con_dispensas","fecha_pago","datetime2","","","","NO","5"
"reportes","vw_pagos_con_dispensas","monto_pagado","decimal","","18","2","NO","6"
"reportes","vw_pagos_con_dispensas","moneda_pago","nvarchar","10","","","NO","7"
"reportes","vw_pagos_con_dispensas","numero_recibo","nvarchar","50","","","YES","8"
"reportes","vw_pagos_con_dispensas","id_recibo_pago_credito","bigint","","19","0","YES","9"
"reportes","vw_pagos_con_dispensas","numero_recibo_formal","nvarchar","50","","","YES","10"
"reportes","vw_pagos_con_dispensas","forma_pago","nvarchar","30","","","NO","11"
"reportes","vw_pagos_con_dispensas","estado_pago","nvarchar","20","","","NO","12"
"reportes","vw_pagos_con_dispensas","anulado","bit","","","","NO","13"
"reportes","vw_pagos_con_dispensas","monto_total_dispensado","decimal","","38","2","NO","14"
"reportes","vw_pagos_con_dispensas","total_aplicaciones_dispensa","int","","10","0","NO","15"
"reportes","vw_pagos_con_dispensas","tiene_dispensa_aplicada","bit","","","","YES","16"
"reportes","vw_pagos_detalle_operativo","id_pago_credito","bigint","","19","0","NO","1"
"reportes","vw_pagos_detalle_operativo","id_credito","bigint","","19","0","NO","2"
"reportes","vw_pagos_detalle_operativo","numero_credito","nvarchar","50","","","YES","3"
"reportes","vw_pagos_detalle_operativo","nom_cliente","nvarchar","250","","","YES","4"
"reportes","vw_pagos_detalle_operativo","fecha_pago","datetime2","","","","NO","5"
"reportes","vw_pagos_detalle_operativo","monto_pagado","decimal","","18","2","NO","6"
"reportes","vw_pagos_detalle_operativo","moneda_pago","nvarchar","10","","","NO","7"
"reportes","vw_pagos_detalle_operativo","tipo_cambio_aplicado","decimal","","18","6","YES","8"
"reportes","vw_pagos_detalle_operativo","forma_pago","nvarchar","30","","","NO","9"
"reportes","vw_pagos_detalle_operativo","numero_recibo","nvarchar","50","","","YES","10"
"reportes","vw_pagos_detalle_operativo","recibo_manual","nvarchar","50","","","YES","11"
"reportes","vw_pagos_detalle_operativo","monto_recibido_nio","decimal","","18","2","NO","12"
"reportes","vw_pagos_detalle_operativo","monto_recibido_usd","decimal","","18","2","NO","13"
"reportes","vw_pagos_detalle_operativo","monto_aplicado_moneda_credito","decimal","","18","2","YES","14"
"reportes","vw_pagos_detalle_operativo","detalle_tipo_cambio","nvarchar","50","","","YES","15"
"reportes","vw_pagos_detalle_operativo","es_mismo_abonante","bit","","","","NO","16"
"reportes","vw_pagos_detalle_operativo","nombre_abonante","nvarchar","250","","","YES","17"
"reportes","vw_pagos_detalle_operativo","cedula_abonante","nvarchar","50","","","YES","18"
"reportes","vw_pagos_detalle_operativo","telefono_abonante","nvarchar","50","","","YES","19"
"reportes","vw_pagos_detalle_operativo","estado_pago","nvarchar","20","","","NO","20"
"reportes","vw_pagos_detalle_operativo","anulado","bit","","","","NO","21"
"reportes","vw_pagos_detalle_operativo","fecha_anulacion","datetime2","","","","YES","22"
"reportes","vw_pagos_detalle_operativo","usuario_anulacion","nvarchar","100","","","YES","23"
"reportes","vw_pagos_detalle_operativo","motivo_anulacion","nvarchar","1000","","","YES","24"
"reportes","vw_resumen_arqueos","id_sesion_caja","bigint","","19","0","NO","1"
"reportes","vw_resumen_arqueos","fecha_operacion","date","","","","NO","2"
"reportes","vw_resumen_arqueos","sucursal","nvarchar","50","","","NO","3"
"reportes","vw_resumen_arqueos","usuario_cajero","nvarchar","100","","","NO","4"
"reportes","vw_resumen_arqueos","id_arqueo_caja","bigint","","19","0","NO","5"
"reportes","vw_resumen_arqueos","fecha_arqueo","datetime2","","","","NO","6"
"reportes","vw_resumen_arqueos","tipo_arqueo","nvarchar","20","","","NO","7"
"reportes","vw_resumen_arqueos","monto_teorico_nio","decimal","","18","2","NO","8"
"reportes","vw_resumen_arqueos","monto_teorico_usd","decimal","","18","2","NO","9"
"reportes","vw_resumen_arqueos","monto_fisico_nio","decimal","","18","2","NO","10"
"reportes","vw_resumen_arqueos","monto_fisico_usd","decimal","","18","2","NO","11"
"reportes","vw_resumen_arqueos","diferencia_nio","decimal","","18","2","NO","12"
"reportes","vw_resumen_arqueos","diferencia_usd","decimal","","18","2","NO","13"
"reportes","vw_resumen_arqueos","usuario_registro","nvarchar","100","","","NO","14"
"reportes","vw_resumen_arqueos","observacion","nvarchar","500","","","YES","15"
"reportes","vw_resumen_caja_diaria","id_sesion_caja","bigint","","19","0","NO","1"
"reportes","vw_resumen_caja_diaria","fecha_operacion","date","","","","NO","2"
"reportes","vw_resumen_caja_diaria","sucursal","nvarchar","50","","","NO","3"
"reportes","vw_resumen_caja_diaria","usuario_cajero","nvarchar","100","","","NO","4"
"reportes","vw_resumen_caja_diaria","estado_sesion","nvarchar","20","","","NO","5"
"reportes","vw_resumen_caja_diaria","monto_apertura_nio","decimal","","18","2","NO","6"
"reportes","vw_resumen_caja_diaria","monto_apertura_usd","decimal","","18","2","NO","7"
"reportes","vw_resumen_caja_diaria","total_ingresos_nio","decimal","","18","2","NO","8"
"reportes","vw_resumen_caja_diaria","total_ingresos_usd","decimal","","18","2","NO","9"
"reportes","vw_resumen_caja_diaria","total_egresos_nio","decimal","","18","2","NO","10"
"reportes","vw_resumen_caja_diaria","total_egresos_usd","decimal","","18","2","NO","11"
"reportes","vw_resumen_caja_diaria","saldo_teorico_nio","decimal","","18","2","NO","12"
"reportes","vw_resumen_caja_diaria","saldo_teorico_usd","decimal","","18","2","NO","13"
"reportes","vw_resumen_caja_diaria","saldo_fisico_nio","decimal","","18","2","YES","14"
"reportes","vw_resumen_caja_diaria","saldo_fisico_usd","decimal","","18","2","YES","15"
"reportes","vw_resumen_caja_diaria","diferencia_caja_nio","decimal","","18","2","YES","16"
"reportes","vw_resumen_caja_diaria","diferencia_caja_usd","decimal","","18","2","YES","17"
"reportes","vw_resumen_caja_diaria","fecha_apertura","datetime2","","","","NO","18"
"reportes","vw_resumen_caja_diaria","fecha_cierre","datetime2","","","","YES","19"
"reportes","vw_rrhh_empleados_activos","id_empleado","bigint","","19","0","NO","1"
"reportes","vw_rrhh_empleados_activos","codigo_empleado","nvarchar","30","","","NO","2"
"reportes","vw_rrhh_empleados_activos","cedula","nvarchar","50","","","NO","3"
"reportes","vw_rrhh_empleados_activos","nombres","nvarchar","150","","","NO","4"
"reportes","vw_rrhh_empleados_activos","apellidos","nvarchar","150","","","NO","5"
"reportes","vw_rrhh_empleados_activos","nombre_completo","nvarchar","301","","","YES","6"
"reportes","vw_rrhh_empleados_activos","nombre_departamento","nvarchar","150","","","NO","7"
"reportes","vw_rrhh_empleados_activos","nombre_cargo","nvarchar","150","","","NO","8"
"reportes","vw_rrhh_empleados_activos","nombre_estado_empleado","nvarchar","100","","","NO","9"
"reportes","vw_rrhh_empleados_activos","fecha_ingreso","date","","","","NO","10"
"reportes","vw_rrhh_empleados_activos","telefono","nvarchar","50","","","YES","11"
"reportes","vw_rrhh_empleados_activos","correo","nvarchar","150","","","YES","12"
"reportes","vw_rrhh_horas_extra","id_hora_extra","bigint","","19","0","NO","1"
"reportes","vw_rrhh_horas_extra","id_empleado","bigint","","19","0","NO","2"
"reportes","vw_rrhh_horas_extra","codigo_empleado","nvarchar","30","","","NO","3"
"reportes","vw_rrhh_horas_extra","nombre_completo","nvarchar","301","","","YES","4"
"reportes","vw_rrhh_horas_extra","nombre_tipo_hora_extra","nvarchar","100","","","NO","5"
"reportes","vw_rrhh_horas_extra","fecha_hora_extra","date","","","","NO","6"
"reportes","vw_rrhh_horas_extra","cantidad_horas","decimal","","10","2","NO","7"
"reportes","vw_rrhh_horas_extra","estado_hora_extra","nvarchar","30","","","NO","8"
"reportes","vw_rrhh_horas_extra","usuario_registra","nvarchar","100","","","NO","9"
"reportes","vw_rrhh_horas_extra","usuario_aprueba","nvarchar","100","","","YES","10"
"reportes","vw_rrhh_horas_extra","pagada_en_nomina","bit","","","","NO","11"
"reportes","vw_rrhh_liquidaciones","id_liquidacion","bigint","","19","0","NO","1"
"reportes","vw_rrhh_liquidaciones","codigo_empleado","nvarchar","30","","","NO","2"
"reportes","vw_rrhh_liquidaciones","nombre_completo","nvarchar","301","","","YES","3"
"reportes","vw_rrhh_liquidaciones","fecha_liquidacion","date","","","","NO","4"
"reportes","vw_rrhh_liquidaciones","fecha_baja","date","","","","NO","5"
"reportes","vw_rrhh_liquidaciones","motivo_liquidacion","nvarchar","200","","","NO","6"
"reportes","vw_rrhh_liquidaciones","salario_base_referencia","decimal","","18","2","NO","7"
"reportes","vw_rrhh_liquidaciones","total_ingresos","decimal","","18","2","NO","8"
"reportes","vw_rrhh_liquidaciones","total_deducciones","decimal","","18","2","NO","9"
"reportes","vw_rrhh_liquidaciones","neto_liquidacion","decimal","","18","2","NO","10"
"reportes","vw_rrhh_liquidaciones","usuario_registro","nvarchar","100","","","NO","11"
"reportes","vw_rrhh_vacaciones","id_vacacion","bigint","","19","0","NO","1"
"reportes","vw_rrhh_vacaciones","id_empleado","bigint","","19","0","NO","2"
"reportes","vw_rrhh_vacaciones","codigo_empleado","nvarchar","30","","","NO","3"
"reportes","vw_rrhh_vacaciones","nombre_completo","nvarchar","301","","","YES","4"
"reportes","vw_rrhh_vacaciones","fecha_solicitud","date","","","","NO","5"
"reportes","vw_rrhh_vacaciones","fecha_inicio","date","","","","NO","6"
"reportes","vw_rrhh_vacaciones","fecha_fin","date","","","","NO","7"
"reportes","vw_rrhh_vacaciones","dias_solicitados","decimal","","10","2","NO","8"
"reportes","vw_rrhh_vacaciones","dias_aprobados","decimal","","10","2","YES","9"
"reportes","vw_rrhh_vacaciones","estado_vacacion","nvarchar","30","","","NO","10"
"reportes","vw_rrhh_vacaciones","usuario_solicita","nvarchar","100","","","NO","11"
"reportes","vw_rrhh_vacaciones","usuario_aprueba","nvarchar","100","","","YES","12"
"reportes","vw_rrhh_vacaciones","pagada_en_nomina","bit","","","","NO","13"
"reportes","vw_tipos_cambio","tipo_registro","varchar","13","","","NO","1"
"reportes","vw_tipos_cambio","fecha_tipo_cambio","date","","","","NO","2"
"reportes","vw_tipos_cambio","moneda_origen","nvarchar","10","","","NO","3"
"reportes","vw_tipos_cambio","moneda_destino","nvarchar","10","","","NO","4"
"reportes","vw_tipos_cambio","valor_principal","decimal","","18","6","YES","5"
"reportes","vw_tipos_cambio","valor_compra","decimal","","18","6","YES","6"
"reportes","vw_tipos_cambio","valor_venta","decimal","","18","6","YES","7"
"reportes","vw_tipos_cambio","fuente","nvarchar","50","","","NO","8"
"reportes","vw_tipos_cambio","cargado_manual","bit","","","","YES","9"
"reportes","vw_ventas_cxc_dashboard_resumen","total_facturas","int","","10","0","YES","1"
"reportes","vw_ventas_cxc_dashboard_resumen","total_facturas_mes_actual","int","","10","0","YES","2"
"reportes","vw_ventas_cxc_dashboard_resumen","saldo_cxc_abierto","decimal","","38","2","YES","3"
"reportes","vw_ventas_cxc_dashboard_resumen","total_documentos_vencidos","int","","10","0","YES","4"
"reportes","vw_ventas_cxc_dashboard_resumen","monto_documentos_vencidos","decimal","","38","2","YES","5"
"reportes","vw_ventas_cxc_dashboard_resumen","cobros_mes_actual","decimal","","38","2","YES","6"
"reportes","vw_ventas_cxc_dashboard_resumen","saldo_anticipos_disponible","decimal","","38","2","YES","7"
"reportes","vw_ventas_cxc_dashboard_resumen","total_aplicaciones_anticipo","int","","10","0","YES","8"
"reportes","vw_ventas_cxc_dashboard_resumen","total_notas_credito","int","","10","0","YES","9"
"reportes","vw_ventas_cxc_resumen_contabilizacion","origen","nvarchar","27","","","NO","1"
"reportes","vw_ventas_cxc_resumen_contabilizacion","id_documento","bigint","","19","0","NO","2"
"reportes","vw_ventas_cxc_resumen_contabilizacion","fecha_origen","datetime2","","","","YES","3"
"reportes","vw_ventas_cxc_resumen_contabilizacion","referencia","nvarchar","40","","","NO","4"
"reportes","vw_ventas_cxc_resumen_contabilizacion","monto","decimal","","18","2","NO","5"
"reportes","vw_ventas_cxc_resumen_contabilizacion","id_asiento","bigint","","19","0","YES","6"
"reportes","vw_ventas_cxc_resumen_contabilizacion","contabilizado","bit","","","","YES","7"
"reportes","vw_ventas_facturas","id_factura","bigint","","19","0","NO","1"
"reportes","vw_ventas_facturas","id_documento_cobrar","bigint","","19","0","YES","2"
"reportes","vw_ventas_facturas","id_cobro_cliente_contado","bigint","","19","0","YES","3"
"reportes","vw_ventas_facturas","id_asiento","bigint","","19","0","YES","4"
"reportes","vw_ventas_facturas","id_empresa","bigint","","19","0","NO","5"
"reportes","vw_ventas_facturas","nombre_empresa","nvarchar","200","","","NO","6"
"reportes","vw_ventas_facturas","id_sucursal","bigint","","19","0","YES","7"
"reportes","vw_ventas_facturas","codigo_sucursal","nvarchar","20","","","YES","8"
"reportes","vw_ventas_facturas","nombre_sucursal","nvarchar","150","","","YES","9"
"reportes","vw_ventas_facturas","id_cliente","bigint","","19","0","NO","10"
"reportes","vw_ventas_facturas","codigo_cliente","nvarchar","50","","","NO","11"
"reportes","vw_ventas_facturas","nombre_cliente","nvarchar","301","","","YES","12"
"reportes","vw_ventas_facturas","numero_factura","nvarchar","40","","","NO","13"
"reportes","vw_ventas_facturas","tipo_factura","nvarchar","20","","","NO","14"
"reportes","vw_ventas_facturas","fecha_factura","date","","","","NO","15"
"reportes","vw_ventas_facturas","fecha_vencimiento","date","","","","NO","16"
"reportes","vw_ventas_facturas","codigo_moneda","nvarchar","10","","","NO","17"
"reportes","vw_ventas_facturas","nombre_moneda","nvarchar","120","","","NO","18"
"reportes","vw_ventas_facturas","tipo_cambio","decimal","","18","6","NO","19"
"reportes","vw_ventas_facturas","subtotal","decimal","","18","2","NO","20"
"reportes","vw_ventas_facturas","monto_impuesto","decimal","","18","2","NO","21"
"reportes","vw_ventas_facturas","total","decimal","","18","2","NO","22"
"reportes","vw_ventas_facturas","saldo","decimal","","18","2","NO","23"
"reportes","vw_ventas_facturas","estado","nvarchar","30","","","NO","24"
"reportes","vw_ventas_facturas","observacion","nvarchar","500","","","YES","25"
"reportes","vw_ventas_facturas","fecha_creacion","datetime2","","","","NO","26"
"reportes","vw_ventas_facturas","usuario_creacion","nvarchar","100","","","NO","27"
"reportes","vw_ventas_facturas","vencida","int","","10","0","NO","28"
"reportes","vw_ventas_notas_credito","id_nota_credito","bigint","","19","0","NO","1"
"reportes","vw_ventas_notas_credito","id_factura","bigint","","19","0","NO","2"
"reportes","vw_ventas_notas_credito","id_documento_cobrar","bigint","","19","0","NO","3"
"reportes","vw_ventas_notas_credito","id_asiento","bigint","","19","0","YES","4"
"reportes","vw_ventas_notas_credito","id_empresa","bigint","","19","0","NO","5"
"reportes","vw_ventas_notas_credito","id_sucursal","bigint","","19","0","YES","6"
"reportes","vw_ventas_notas_credito","codigo_sucursal","nvarchar","20","","","YES","7"
"reportes","vw_ventas_notas_credito","nombre_sucursal","nvarchar","150","","","YES","8"
"reportes","vw_ventas_notas_credito","id_cliente","bigint","","19","0","NO","9"
"reportes","vw_ventas_notas_credito","codigo_cliente","nvarchar","50","","","NO","10"
"reportes","vw_ventas_notas_credito","nombre_cliente","nvarchar","301","","","YES","11"
"reportes","vw_ventas_notas_credito","numero_nota_credito","nvarchar","40","","","NO","12"
"reportes","vw_ventas_notas_credito","fecha_nota_credito","date","","","","NO","13"
"reportes","vw_ventas_notas_credito","codigo_moneda","nvarchar","10","","","NO","14"
"reportes","vw_ventas_notas_credito","tipo_cambio","decimal","","18","6","NO","15"
"reportes","vw_ventas_notas_credito","subtotal","decimal","","18","2","NO","16"
"reportes","vw_ventas_notas_credito","monto_impuesto","decimal","","18","2","NO","17"
"reportes","vw_ventas_notas_credito","total","decimal","","18","2","NO","18"
"reportes","vw_ventas_notas_credito","codigo_cuenta_ingreso","nvarchar","20","","","NO","19"
"reportes","vw_ventas_notas_credito","nombre_cuenta_ingreso","nvarchar","250","","","YES","20"
"reportes","vw_ventas_notas_credito","observacion","nvarchar","500","","","YES","21"
"reportes","vw_ventas_notas_credito","estado","nvarchar","30","","","NO","22"
"reportes","vw_ventas_notas_credito","fecha_creacion","datetime2","","","","NO","23"
"reportes","vw_ventas_notas_credito","usuario_creacion","nvarchar","100","","","NO","24"
"rrhh","accion_personal","id_accion_personal","bigint","","19","0","NO","1"
"rrhh","accion_personal","id_empleado","bigint","","19","0","NO","2"
"rrhh","accion_personal","tipo_accion","nvarchar","50","","","NO","3"
"rrhh","accion_personal","fecha_accion","date","","","","NO","4"
"rrhh","accion_personal","descripcion_accion","nvarchar","500","","","NO","5"
"rrhh","accion_personal","usuario_registro","nvarchar","100","","","NO","6"
"rrhh","accion_personal","fecha_registro","datetime2","","","","NO","7"
"rrhh","banco","id_banco","bigint","","19","0","NO","1"
"rrhh","banco","codigo_banco","nvarchar","30","","","NO","2"
"rrhh","banco","nombre_banco","nvarchar","150","","","NO","3"
"rrhh","banco","activo","bit","","","","NO","4"
"rrhh","cargo","id_cargo","bigint","","19","0","NO","1"
"rrhh","cargo","id_departamento","bigint","","19","0","NO","2"
"rrhh","cargo","codigo_cargo","nvarchar","30","","","NO","3"
"rrhh","cargo","nombre_cargo","nvarchar","150","","","NO","4"
"rrhh","cargo","descripcion","nvarchar","300","","","YES","5"
"rrhh","cargo","nivel_jerarquico","int","","10","0","NO","6"
"rrhh","cargo","activo","bit","","","","NO","7"
"rrhh","cargo","fecha_registro","datetime2","","","","NO","8"
"rrhh","contrato","id_contrato","bigint","","19","0","NO","1"
"rrhh","contrato","id_empleado","bigint","","19","0","NO","2"
"rrhh","contrato","id_tipo_contrato","bigint","","19","0","NO","3"
"rrhh","contrato","id_horario_laboral","bigint","","19","0","NO","4"
"rrhh","contrato","numero_contrato","nvarchar","50","","","NO","5"
"rrhh","contrato","fecha_inicio","date","","","","NO","6"
"rrhh","contrato","fecha_fin","date","","","","YES","7"
"rrhh","contrato","salario_base_mensual","decimal","","18","2","NO","8"
"rrhh","contrato","moneda","nvarchar","10","","","NO","9"
"rrhh","contrato","es_contrato_vigente","bit","","","","NO","10"
"rrhh","contrato","observacion","nvarchar","500","","","YES","11"
"rrhh","contrato","fecha_registro","datetime2","","","","NO","12"
"rrhh","departamento","id_departamento","bigint","","19","0","NO","1"
"rrhh","departamento","codigo_departamento","nvarchar","30","","","NO","2"
"rrhh","departamento","nombre_departamento","nvarchar","150","","","NO","3"
"rrhh","departamento","descripcion","nvarchar","300","","","YES","4"
"rrhh","departamento","activo","bit","","","","NO","5"
"rrhh","departamento","fecha_registro","datetime2","","","","NO","6"
"rrhh","empleado","id_empleado","bigint","","19","0","NO","1"
"rrhh","empleado","codigo_empleado","nvarchar","30","","","NO","2"
"rrhh","empleado","id_departamento","bigint","","19","0","NO","3"
"rrhh","empleado","id_cargo","bigint","","19","0","NO","4"
"rrhh","empleado","id_estado_empleado","bigint","","19","0","NO","5"
"rrhh","empleado","cedula","nvarchar","50","","","NO","6"
"rrhh","empleado","inss","nvarchar","50","","","YES","7"
"rrhh","empleado","nombres","nvarchar","150","","","NO","8"
"rrhh","empleado","apellidos","nvarchar","150","","","NO","9"
"rrhh","empleado","nombre_completo","nvarchar","301","","","YES","10"
"rrhh","empleado","fecha_nacimiento","date","","","","YES","11"
"rrhh","empleado","sexo","nvarchar","20","","","YES","12"
"rrhh","empleado","estado_civil","nvarchar","30","","","YES","13"
"rrhh","empleado","telefono","nvarchar","50","","","YES","14"
"rrhh","empleado","correo","nvarchar","150","","","YES","15"
"rrhh","empleado","direccion","nvarchar","300","","","YES","16"
"rrhh","empleado","fecha_ingreso","date","","","","NO","17"
"rrhh","empleado","fecha_baja","date","","","","YES","18"
"rrhh","empleado","motivo_baja","nvarchar","300","","","YES","19"
"rrhh","empleado","id_banco","bigint","","19","0","YES","20"
"rrhh","empleado","numero_cuenta_bancaria","nvarchar","100","","","YES","21"
"rrhh","empleado","activo","bit","","","","NO","22"
"rrhh","empleado","fecha_registro","datetime2","","","","NO","23"
"rrhh","empleado","fecha_actualizacion","datetime2","","","","YES","24"
"rrhh","empleado","foto_perfil_url","nvarchar","1000","","","YES","25"
"rrhh","empleado_supervision","id_empleado_supervision","bigint","","19","0","NO","1"
"rrhh","empleado_supervision","id_empleado","bigint","","19","0","NO","2"
"rrhh","empleado_supervision","id_supervisor_empleado","bigint","","19","0","NO","3"
"rrhh","empleado_supervision","fecha_asignacion","date","","","","NO","4"
"rrhh","empleado_supervision","activo","bit","","","","NO","5"
"rrhh","empleado_supervision","fecha_registro","datetime2","","","","NO","6"
"rrhh","empleado_supervision","fecha_actualizacion","datetime2","","","","YES","7"
"rrhh","empleado_supervision","usuario_registro","nvarchar","100","","","YES","8"
"rrhh","empleado_supervision","usuario_actualizacion","nvarchar","100","","","YES","9"
"rrhh","estado_empleado","id_estado_empleado","bigint","","19","0","NO","1"
"rrhh","estado_empleado","codigo_estado_empleado","nvarchar","30","","","NO","2"
"rrhh","estado_empleado","nombre_estado_empleado","nvarchar","100","","","NO","3"
"rrhh","estado_empleado","activo","bit","","","","NO","4"
"rrhh","estructura_organizativa_nodo","id_nodo_estructura","bigint","","19","0","NO","1"
"rrhh","estructura_organizativa_nodo","codigo_nodo","nvarchar","50","","","NO","2"
"rrhh","estructura_organizativa_nodo","nombre_nodo","nvarchar","200","","","NO","3"
"rrhh","estructura_organizativa_nodo","tipo_nodo","nvarchar","40","","","NO","4"
"rrhh","estructura_organizativa_nodo","id_nodo_padre","bigint","","19","0","YES","5"
"rrhh","estructura_organizativa_nodo","id_empleado_titular","bigint","","19","0","YES","6"
"rrhh","estructura_organizativa_nodo","id_departamento","bigint","","19","0","YES","7"
"rrhh","estructura_organizativa_nodo","id_cargo","bigint","","19","0","YES","8"
"rrhh","estructura_organizativa_nodo","orden_visual","int","","10","0","NO","9"
"rrhh","estructura_organizativa_nodo","activo","bit","","","","NO","10"
"rrhh","estructura_organizativa_nodo","observacion","nvarchar","500","","","YES","11"
"rrhh","estructura_organizativa_nodo","fecha_registro","datetime2","","","","NO","12"
"rrhh","estructura_organizativa_nodo","fecha_actualizacion","datetime2","","","","YES","13"
"rrhh","estructura_organizativa_nodo","usuario_registro","nvarchar","100","","","YES","14"
"rrhh","estructura_organizativa_nodo","usuario_actualizacion","nvarchar","100","","","YES","15"
"rrhh","expediente_documento","id_expediente_documento","bigint","","19","0","NO","1"
"rrhh","expediente_documento","id_empleado","bigint","","19","0","NO","2"
"rrhh","expediente_documento","tipo_documento","nvarchar","100","","","NO","3"
"rrhh","expediente_documento","nombre_archivo","nvarchar","255","","","YES","4"
"rrhh","expediente_documento","ruta_archivo","nvarchar","500","","","YES","5"
"rrhh","expediente_documento","fecha_documento","date","","","","YES","6"
"rrhh","expediente_documento","fecha_vencimiento","date","","","","YES","7"
"rrhh","expediente_documento","observacion","nvarchar","500","","","YES","8"
"rrhh","expediente_documento","fecha_registro","datetime2","","","","NO","9"
"rrhh","hora_extra","id_hora_extra","bigint","","19","0","NO","1"
"rrhh","hora_extra","id_empleado","bigint","","19","0","NO","2"
"rrhh","hora_extra","id_tipo_hora_extra","bigint","","19","0","NO","3"
"rrhh","hora_extra","fecha_hora_extra","date","","","","NO","4"
"rrhh","hora_extra","cantidad_horas","decimal","","10","2","NO","5"
"rrhh","hora_extra","estado_hora_extra","nvarchar","30","","","NO","6"
"rrhh","hora_extra","observacion","nvarchar","500","","","YES","7"
"rrhh","hora_extra","usuario_registra","nvarchar","100","","","NO","8"
"rrhh","hora_extra","usuario_aprueba","nvarchar","100","","","YES","9"
"rrhh","hora_extra","fecha_aprobacion","datetime2","","","","YES","10"
"rrhh","hora_extra","pagada_en_nomina","bit","","","","NO","11"
"rrhh","hora_extra","fecha_registro","datetime2","","","","NO","12"
"rrhh","horario_laboral","id_horario_laboral","bigint","","19","0","NO","1"
"rrhh","horario_laboral","codigo_horario","nvarchar","30","","","NO","2"
"rrhh","horario_laboral","nombre_horario","nvarchar","100","","","NO","3"
"rrhh","horario_laboral","horas_semanales","decimal","","10","2","NO","4"
"rrhh","horario_laboral","horas_diarias","decimal","","10","2","NO","5"
"rrhh","horario_laboral","activo","bit","","","","NO","6"
"rrhh","marcacion_reloj","id_marcacion_reloj","bigint","","19","0","NO","1"
"rrhh","marcacion_reloj","id_empleado","bigint","","19","0","NO","2"
"rrhh","marcacion_reloj","id_usuario","bigint","","19","0","YES","3"
"rrhh","marcacion_reloj","fecha_operacion","date","","","","NO","4"
"rrhh","marcacion_reloj","fecha_hora_marcacion","datetime2","","","","NO","5"
"rrhh","marcacion_reloj","tipo_marcacion","nvarchar","20","","","NO","6"
"rrhh","marcacion_reloj","origen","nvarchar","50","","","NO","7"
"rrhh","marcacion_reloj","observacion","nvarchar","300","","","YES","8"
"rrhh","marcacion_reloj","fecha_registro","datetime2","","","","NO","9"
"rrhh","solicitud_permiso","id_solicitud_permiso","bigint","","19","0","NO","1"
"rrhh","solicitud_permiso","id_empleado","bigint","","19","0","NO","2"
"rrhh","solicitud_permiso","id_tipo_permiso","bigint","","19","0","NO","3"
"rrhh","solicitud_permiso","fecha_solicitud","date","","","","NO","4"
"rrhh","solicitud_permiso","fecha_inicio","date","","","","NO","5"
"rrhh","solicitud_permiso","fecha_fin","date","","","","NO","6"
"rrhh","solicitud_permiso","cantidad_dias","decimal","","10","2","NO","7"
"rrhh","solicitud_permiso","estado_permiso","nvarchar","30","","","NO","8"
"rrhh","solicitud_permiso","observacion","nvarchar","500","","","YES","9"
"rrhh","solicitud_permiso","usuario_solicita","nvarchar","100","","","NO","10"
"rrhh","solicitud_permiso","usuario_aprueba","nvarchar","100","","","YES","11"
"rrhh","solicitud_permiso","fecha_aprobacion","datetime2","","","","YES","12"
"rrhh","solicitud_permiso","fecha_registro","datetime2","","","","NO","13"
"rrhh","tipo_contrato","id_tipo_contrato","bigint","","19","0","NO","1"
"rrhh","tipo_contrato","codigo_tipo_contrato","nvarchar","30","","","NO","2"
"rrhh","tipo_contrato","nombre_tipo_contrato","nvarchar","100","","","NO","3"
"rrhh","tipo_contrato","descripcion","nvarchar","300","","","YES","4"
"rrhh","tipo_contrato","activo","bit","","","","NO","5"
"rrhh","tipo_hora_extra","id_tipo_hora_extra","bigint","","19","0","NO","1"
"rrhh","tipo_hora_extra","codigo_tipo_hora_extra","nvarchar","30","","","NO","2"
"rrhh","tipo_hora_extra","nombre_tipo_hora_extra","nvarchar","100","","","NO","3"
"rrhh","tipo_hora_extra","factor_pago","decimal","","10","4","NO","4"
"rrhh","tipo_hora_extra","activo","bit","","","","NO","5"
"rrhh","tipo_permiso","id_tipo_permiso","bigint","","19","0","NO","1"
"rrhh","tipo_permiso","codigo_tipo_permiso","nvarchar","30","","","NO","2"
"rrhh","tipo_permiso","nombre_tipo_permiso","nvarchar","100","","","NO","3"
"rrhh","tipo_permiso","afecta_salario","bit","","","","NO","4"
"rrhh","tipo_permiso","activo","bit","","","","NO","5"
"rrhh","vacacion","id_vacacion","bigint","","19","0","NO","1"
"rrhh","vacacion","id_empleado","bigint","","19","0","NO","2"
"rrhh","vacacion","fecha_solicitud","date","","","","NO","3"
"rrhh","vacacion","fecha_inicio","date","","","","NO","4"
"rrhh","vacacion","fecha_fin","date","","","","NO","5"
"rrhh","vacacion","dias_solicitados","decimal","","10","2","NO","6"
"rrhh","vacacion","dias_aprobados","decimal","","10","2","YES","7"
"rrhh","vacacion","estado_vacacion","nvarchar","30","","","NO","8"
"rrhh","vacacion","observacion_solicitud","nvarchar","500","","","YES","9"
"rrhh","vacacion","observacion_aprobacion","nvarchar","500","","","YES","10"
"rrhh","vacacion","usuario_solicita","nvarchar","100","","","NO","11"
"rrhh","vacacion","usuario_aprueba","nvarchar","100","","","YES","12"
"rrhh","vacacion","fecha_aprobacion","datetime2","","","","YES","13"
"rrhh","vacacion","pagada_en_nomina","bit","","","","NO","14"
"rrhh","vacacion","fecha_registro","datetime2","","","","NO","15"
"seguridad","bitacora_acceso","id_bitacora_acceso","bigint","","19","0","NO","1"
"seguridad","bitacora_acceso","id_usuario","bigint","","19","0","YES","2"
"seguridad","bitacora_acceso","usuario_digitado","nvarchar","100","","","YES","3"
"seguridad","bitacora_acceso","resultado_acceso","nvarchar","30","","","NO","4"
"seguridad","bitacora_acceso","detalle_resultado","nvarchar","250","","","YES","5"
"seguridad","bitacora_acceso","ip_origen","nvarchar","50","","","YES","6"
"seguridad","bitacora_acceso","equipo_origen","nvarchar","150","","","YES","7"
"seguridad","bitacora_acceso","navegador","nvarchar","250","","","YES","8"
"seguridad","bitacora_acceso","fecha_evento","datetime2","","","","NO","9"
"seguridad","parametro_seguridad","id_parametro_seguridad","bigint","","19","0","NO","1"
"seguridad","parametro_seguridad","codigo_parametro","nvarchar","100","","","NO","2"
"seguridad","parametro_seguridad","valor_parametro","nvarchar","250","","","NO","3"
"seguridad","parametro_seguridad","descripcion","nvarchar","250","","","YES","4"
"seguridad","parametro_seguridad","activo","bit","","","","NO","5"
"seguridad","parametro_seguridad","fecha_registro","datetime2","","","","NO","6"
"seguridad","permiso","id_permiso","bigint","","19","0","NO","1"
"seguridad","permiso","codigo_permiso","nvarchar","100","","","NO","2"
"seguridad","permiso","nombre_permiso","nvarchar","150","","","NO","3"
"seguridad","permiso","descripcion","nvarchar","250","","","YES","4"
"seguridad","permiso","modulo","nvarchar","100","","","YES","5"
"seguridad","permiso","activo","bit","","","","NO","6"
"seguridad","permiso","fecha_registro","datetime2","","","","NO","7"
"seguridad","rol","id_rol","bigint","","19","0","NO","1"
"seguridad","rol","codigo_rol","nvarchar","50","","","NO","2"
"seguridad","rol","nombre_rol","nvarchar","100","","","NO","3"
"seguridad","rol","descripcion","nvarchar","250","","","YES","4"
"seguridad","rol","activo","bit","","","","NO","5"
"seguridad","rol","fecha_registro","datetime2","","","","NO","6"
"seguridad","rol_permiso","id_rol_permiso","bigint","","19","0","NO","1"
"seguridad","rol_permiso","id_rol","bigint","","19","0","NO","2"
"seguridad","rol_permiso","id_permiso","bigint","","19","0","NO","3"
"seguridad","rol_permiso","activo","bit","","","","NO","4"
"seguridad","rol_permiso","fecha_registro","datetime2","","","","NO","5"
"seguridad","sesion_usuario","id_sesion_usuario","bigint","","19","0","NO","1"
"seguridad","sesion_usuario","id_usuario","bigint","","19","0","NO","2"
"seguridad","sesion_usuario","token_sesion","uniqueidentifier","","","","NO","3"
"seguridad","sesion_usuario","ip_origen","nvarchar","50","","","YES","4"
"seguridad","sesion_usuario","equipo_origen","nvarchar","150","","","YES","5"
"seguridad","sesion_usuario","navegador","nvarchar","250","","","YES","6"
"seguridad","sesion_usuario","fecha_inicio","datetime2","","","","NO","7"
"seguridad","sesion_usuario","fecha_ultimo_movimiento","datetime2","","","","YES","8"
"seguridad","sesion_usuario","fecha_cierre","datetime2","","","","YES","9"
"seguridad","sesion_usuario","activa","bit","","","","NO","10"
"seguridad","sesion_usuario","motivo_cierre","nvarchar","150","","","YES","11"
"seguridad","solicitud_recuperacion_clave","id_solicitud_recuperacion_clave","bigint","","19","0","NO","1"
"seguridad","solicitud_recuperacion_clave","id_usuario","bigint","","19","0","NO","2"
"seguridad","solicitud_recuperacion_clave","token_recuperacion","uniqueidentifier","","","","NO","3"
"seguridad","solicitud_recuperacion_clave","fecha_solicitud","datetime2","","","","NO","4"
"seguridad","solicitud_recuperacion_clave","fecha_expiracion","datetime2","","","","NO","5"
"seguridad","solicitud_recuperacion_clave","fecha_uso","datetime2","","","","YES","6"
"seguridad","solicitud_recuperacion_clave","estado_solicitud","nvarchar","30","","","NO","7"
"seguridad","usuario","id_usuario","bigint","","19","0","NO","1"
"seguridad","usuario","id_sucursal","bigint","","19","0","YES","2"
"seguridad","usuario","usuario","nvarchar","100","","","NO","3"
"seguridad","usuario","nombres","nvarchar","150","","","NO","4"
"seguridad","usuario","apellidos","nvarchar","150","","","NO","5"
"seguridad","usuario","correo","nvarchar","150","","","YES","6"
"seguridad","usuario","telefono","nvarchar","50","","","YES","7"
"seguridad","usuario","hash_clave","nvarchar","500","","","NO","8"
"seguridad","usuario","cambiar_clave_en_proximo_inicio","bit","","","","NO","9"
"seguridad","usuario","bloqueado","bit","","","","NO","10"
"seguridad","usuario","activo","bit","","","","NO","11"
"seguridad","usuario","intentos_fallidos","int","","10","0","NO","12"
"seguridad","usuario","fecha_ultimo_acceso","datetime2","","","","YES","13"
"seguridad","usuario","fecha_registro","datetime2","","","","NO","14"
"seguridad","usuario","fecha_actualizacion","datetime2","","","","YES","15"
"seguridad","usuario_modulo","id_usuario_modulo","bigint","","19","0","NO","1"
"seguridad","usuario_modulo","id_usuario","bigint","","19","0","NO","2"
"seguridad","usuario_modulo","codigo_modulo","nvarchar","100","","","NO","3"
"seguridad","usuario_modulo","activo","bit","","","","NO","4"
"seguridad","usuario_modulo","usuario_registro","nvarchar","200","","","YES","5"
"seguridad","usuario_modulo","fecha_registro","datetime2","","","","NO","6"
"seguridad","usuario_modulo","fecha_actualizacion","datetime2","","","","YES","7"
"seguridad","usuario_rol","id_usuario_rol","bigint","","19","0","NO","1"
"seguridad","usuario_rol","id_usuario","bigint","","19","0","NO","2"
"seguridad","usuario_rol","id_rol","bigint","","19","0","NO","3"
"seguridad","usuario_rol","activo","bit","","","","NO","4"
"seguridad","usuario_rol","fecha_registro","datetime2","","","","NO","5"
"ventas","factura","id_factura","bigint","","19","0","NO","1"
"ventas","factura","id_empresa","bigint","","19","0","NO","2"
"ventas","factura","id_sucursal","bigint","","19","0","YES","3"
"ventas","factura","id_cliente","bigint","","19","0","NO","4"
"ventas","factura","id_lista_precio","bigint","","19","0","YES","5"
"ventas","factura","id_documento_cobrar","bigint","","19","0","YES","6"
"ventas","factura","id_cobro_cliente_contado","bigint","","19","0","YES","7"
"ventas","factura","id_asiento","bigint","","19","0","YES","8"
"ventas","factura","numero_factura","nvarchar","40","","","NO","9"
"ventas","factura","tipo_factura","nvarchar","20","","","NO","10"
"ventas","factura","fecha_factura","date","","","","NO","11"
"ventas","factura","fecha_vencimiento","date","","","","NO","12"
"ventas","factura","id_moneda","bigint","","19","0","NO","13"
"ventas","factura","tipo_cambio","decimal","","18","6","NO","14"
"ventas","factura","subtotal","decimal","","18","2","NO","15"
"ventas","factura","monto_impuesto","decimal","","18","2","NO","16"
"ventas","factura","total","decimal","","18","2","NO","17"
"ventas","factura","saldo","decimal","","18","2","NO","18"
"ventas","factura","observacion","nvarchar","500","","","YES","19"
"ventas","factura","estado","nvarchar","30","","","NO","20"
"ventas","factura","fecha_creacion","datetime2","","","","NO","21"
"ventas","factura","usuario_creacion","nvarchar","100","","","NO","22"
"ventas","factura","fecha_modificacion","datetime2","","","","YES","23"
"ventas","factura","usuario_modificacion","nvarchar","100","","","YES","24"
"ventas","factura","fecha_anulacion","datetime2","","","","YES","25"
"ventas","factura","usuario_anulacion","nvarchar","100","","","YES","26"
"ventas","factura","motivo_anulacion","nvarchar","500","","","YES","27"
"ventas","factura_detalle","id_factura_detalle","bigint","","19","0","NO","1"
"ventas","factura_detalle","id_factura","bigint","","19","0","NO","2"
"ventas","factura_detalle","orden_detalle","int","","10","0","NO","3"
"ventas","factura_detalle","id_producto","bigint","","19","0","YES","4"
"ventas","factura_detalle","descripcion_linea","nvarchar","300","","","NO","5"
"ventas","factura_detalle","cantidad","decimal","","18","4","NO","6"
"ventas","factura_detalle","precio_unitario","decimal","","18","6","NO","7"
"ventas","factura_detalle","subtotal_linea","decimal","","18","2","NO","8"
"ventas","factura_detalle","id_impuesto","bigint","","19","0","YES","9"
"ventas","factura_detalle","porcentaje_impuesto","decimal","","9","4","NO","10"
"ventas","factura_detalle","monto_impuesto_linea","decimal","","18","2","NO","11"
"ventas","factura_detalle","total_linea","decimal","","18","2","NO","12"
"ventas","factura_detalle","codigo_cuenta_ingreso","nvarchar","20","","","NO","13"
"ventas","factura_detalle","observacion","nvarchar","300","","","YES","14"
"ventas","factura_detalle","estado","nvarchar","20","","","NO","15"
"ventas","lista_precio","id_lista_precio","bigint","","19","0","NO","1"
"ventas","lista_precio","id_empresa","bigint","","19","0","NO","2"
"ventas","lista_precio","codigo_lista_precio","nvarchar","50","","","NO","3"
"ventas","lista_precio","nombre_lista_precio","nvarchar","150","","","NO","4"
"ventas","lista_precio","descripcion","nvarchar","500","","","YES","5"
"ventas","lista_precio","id_moneda","bigint","","19","0","NO","6"
"ventas","lista_precio","vigencia_desde","date","","","","NO","7"
"ventas","lista_precio","vigencia_hasta","date","","","","YES","8"
"ventas","lista_precio","activo","bit","","","","NO","9"
"ventas","lista_precio","fecha_creacion","datetime2","","","","NO","10"
"ventas","lista_precio","usuario_creacion","nvarchar","100","","","NO","11"
"ventas","lista_precio","fecha_modificacion","datetime2","","","","YES","12"
"ventas","lista_precio","usuario_modificacion","nvarchar","100","","","YES","13"
"ventas","lista_precio","fecha_anulacion","datetime2","","","","YES","14"
"ventas","lista_precio","usuario_anulacion","nvarchar","100","","","YES","15"
"ventas","lista_precio","motivo_anulacion","nvarchar","500","","","YES","16"
"ventas","lista_precio_detalle","id_lista_precio_detalle","bigint","","19","0","NO","1"
"ventas","lista_precio_detalle","id_lista_precio","bigint","","19","0","NO","2"
"ventas","lista_precio_detalle","id_producto","bigint","","19","0","NO","3"
"ventas","lista_precio_detalle","precio","decimal","","18","2","NO","4"
"ventas","lista_precio_detalle","activo","bit","","","","NO","5"
"ventas","lista_precio_detalle","fecha_creacion","datetime2","","","","NO","6"
"ventas","lista_precio_detalle","usuario_creacion","nvarchar","100","","","NO","7"
"ventas","lista_precio_detalle","fecha_modificacion","datetime2","","","","YES","8"
"ventas","lista_precio_detalle","usuario_modificacion","nvarchar","100","","","YES","9"
"ventas","lista_precio_detalle","fecha_anulacion","datetime2","","","","YES","10"
"ventas","lista_precio_detalle","usuario_anulacion","nvarchar","100","","","YES","11"
"ventas","lista_precio_detalle","motivo_anulacion","nvarchar","500","","","YES","12"
"ventas","nota_credito","id_nota_credito","bigint","","19","0","NO","1"
"ventas","nota_credito","id_empresa","bigint","","19","0","NO","2"
"ventas","nota_credito","id_sucursal","bigint","","19","0","YES","3"
"ventas","nota_credito","id_cliente","bigint","","19","0","NO","4"
"ventas","nota_credito","id_factura","bigint","","19","0","NO","5"
"ventas","nota_credito","id_documento_cobrar","bigint","","19","0","NO","6"
"ventas","nota_credito","id_asiento","bigint","","19","0","YES","7"
"ventas","nota_credito","numero_nota_credito","nvarchar","40","","","NO","8"
"ventas","nota_credito","fecha_nota_credito","date","","","","NO","9"
"ventas","nota_credito","id_moneda","bigint","","19","0","NO","10"
"ventas","nota_credito","tipo_cambio","decimal","","18","6","NO","11"
"ventas","nota_credito","subtotal","decimal","","18","2","NO","12"
"ventas","nota_credito","monto_impuesto","decimal","","18","2","NO","13"
"ventas","nota_credito","total","decimal","","18","2","NO","14"
"ventas","nota_credito","codigo_cuenta_ingreso","nvarchar","20","","","NO","15"
"ventas","nota_credito","observacion","nvarchar","500","","","YES","16"
"ventas","nota_credito","estado","nvarchar","30","","","NO","17"
"ventas","nota_credito","fecha_creacion","datetime2","","","","NO","18"
"ventas","nota_credito","usuario_creacion","nvarchar","100","","","NO","19"
"ventas","nota_credito","fecha_modificacion","datetime2","","","","YES","20"
"ventas","nota_credito","usuario_modificacion","nvarchar","100","","","YES","21"
"ventas","nota_credito","fecha_anulacion","datetime2","","","","YES","22"
"ventas","nota_credito","usuario_anulacion","nvarchar","100","","","YES","23"
"ventas","nota_credito","motivo_anulacion","nvarchar","500","","","YES","24"
